product_name,price,rating,reviews,product_url,price_pkr,price_tier
RIDEN RD6030/W 60V 30A DC Voltage Step-down Stabilized Lab Power Supply Module Buck Adjustable Converter Battery Charging,79.73,4.96,53.0,https://www.banggood.com/RIDEN-RD6030-or-W-60V-30A-DC-Voltage-Step-down-Stabilized-Lab-Power-Supply-Module-Buck-Adjustable-Converter-Battery-Charging-p-2014727.html?cur_warehouse=CN&ID=6326874&rmmds=CategoryElectronicsPop&trace_id=65331763867817385,22503.79,Premium
Geekcreit® AC 100-240V to DC 12V 5A 60W Switching Power Supply Module Driver Adapter LED Strip Light,5.41,4.94,3297.0,https://www.banggood.com/Geekcreit-AC-100-240V-to-DC-12V-5A-60W-Switching-Power-Supply-Module-Driver-Adapter-LED-Strip-Light-p-1441620.html?cur_warehouse=CN&rmmds=CategoryElectronicsPop&trace_id=65331763867817385,1526.97,Budget
XY-SK60 XY-SK120 60W/120W 5A MPPT DC0-36V CC CV Power Supply Voltage Regulator WiFi RS485 Modbus Buck Boost Converter Solar Charging Module,9.42,4.81,43.0,https://www.banggood.com/XY-SK60-XY-SK120-60W-or-120W-5A-MPPT-DC0-36V-CC-CV-Power-Supply-Voltage-Regulator-WiFi-RS485-Modbus-Buck-Boost-Converter-Solar-Charging-Module-p-2018764.html?cur_warehouse=CN&ID=522661&rmmds=CategoryElectronicsPop&trace_id=65331763867817385,2658.8,Budget
RIDEN® RD6018 RD6018W RD6024 RD6024W RD6030 Digital Switching Power Supply Case S800 Shell For Voltage Converter,27.86,4.86,65.0,https://www.banggood.com/RIDEN-RD6018-RD6018W-RD6024-RD6024W-RD6030-Digital-Switching-Power-Supply-Case-S800-Shell-For-Voltage-Converter-p-1995241.html?cur_warehouse=CN&ID=6323987&rmmds=CategoryElectronicsPop&trace_id=65331763867817385,7863.48,Premium
RIDEN® 1500W AC110V/220V to DC 68V Regulated Switching Power Supply for RD6018 RD6024 RD6030,79.27,4.84,56.0,https://www.banggood.com/RIDEN-1500W-AC110V-or-220V-to-DC-68V-Regulated-Switching-Power-Supply-for-RD6018-RD6024-RD6030-p-1995203.html?cur_warehouse=CN&rmmds=CategoryElectronicsPop&trace_id=65331763867817385,22373.96,Premium
RIDEN® RK6006/RK6006-BT 60V 6A 4 Digit Communication 360W Adjustable Digital DC to DC Step Down Voltage Bench Power Supply Buck Converter,24.34,4.97,112.0,https://www.banggood.com/RIDEN-RK6006-or-RK6006-BT-60V-6A-4-Digit-Communication-360W-Adjustable-Digital-DC-to-DC-Step-Down-Voltage-Bench-Power-Supply-Buck-Converter-p-1992304.html?cur_warehouse=CN&ID=6323591&rmmds=CategoryElectronicsPop&trace_id=65331763867817385,6869.96,Premium
22A/1400W Buck DC Adjustable Voltage Regulator Voltage Current Module Constant Voltage Constant Current Step-down Module,5.38,4.8,20.0,https://www.banggood.com/22A-or-1400W-Buck-DC-Adjustable-Voltage-Regulator-Voltage-Current-Module-Constant-Voltage-Constant-Current-Step-down-Module-p-2011847.html?cur_warehouse=CN&ID=6326255&rmmds=CategoryElectronicsPop&trace_id=65331763867817385,1518.5,Budget
Sinilink XY12522 DC Buck Power Supply 12-140V Input 0-125V Output 2000W Power MPPT Solar Charging 1.8 Inch LCD High Precision 0-22A Current,18.18,4.88,8.0,https://www.banggood.com/Sinilink-XY12522-DC-Buck-Power-Supply-12-140V-Input-0-125V-Output-2000W-Power-MPPT-Solar-Charging-1_8-Inch-LCD-High-Precision-0-22A-Current-p-2023977.html?cur_warehouse=CN&ID=6292599&rmmds=CategoryElectronicsPop&trace_id=65331763867817385,5131.3,Mid-range
RIDEN® RD6024 DC Step Down Voltage Power Supply WiFi 24A Buck Converter 12V/36V/48V/60V Adjustable Battery Charger 1000W,81.28,4.93,164.0,https://www.banggood.com/RIDEN-RD6024-DC-Step-Down-Voltage-Power-Supply-WiFi-24A-Buck-Converter-12V-or-36V-or-48V-or-60V-Adjustable-Battery-Charger-1000W-p-1993543.html?cur_warehouse=CN&ID=6317604&rmmds=CategoryElectronicsPop&trace_id=65331763867817385,22941.28,Premium
DC-DC Buck Boost Converter 0-36V 5A/6A 60W/120W Power Supply Module Adjustable Voltage Regulator Regulated Laboratory Power Supply,19.52,5.0,8.0,https://www.banggood.com/DC-DC-Buck-Boost-Converter-0-36V-5A-or-6A-60W-or-120W-Power-Supply-Module-Adjustable-Voltage-Regulator-Regulated-Laboratory-Power-Supply-p-2018945.html?cur_warehouse=CN&ID=522661&rmmds=CategoryElectronicsPop&trace_id=65331763867817385,5509.52,Premium
RIDEN® RD6018 RD6018W USB WiFi DC to DC Voltage Step Down Power Supply Module Buck Converter Voltmeter Multimeter 60V 18A 1080W,48.76,4.95,410.0,https://www.banggood.com/RIDEN-RD6018-RD6018W-USB-WiFi-DC-to-DC-Voltage-Step-Down-Power-Supply-Module-Buck-Converter-Voltmeter-Multimeter-60V-18A-1080W-p-1993557.html?cur_warehouse=CN&ID=6296642&rmmds=CategoryElectronicsPop&trace_id=65331763867817385,13762.51,Premium
Sinilink XY3607F DC Buck-Boost Adjustable Power Supply Module 36V 7A 252W Constant Voltage Current Solar Charging Module LCD Display,11.6,5.0,4.0,https://www.banggood.com/Sinilink-XY3607F-DC-Buck-Boost-Adjustable-Power-Supply-Module-36V-7A-252W-Constant-Voltage-Current-Solar-Charging-Module-LCD-Display-p-2024421.html?cur_warehouse=CN&ID=6292599&rmmds=CategoryElectronicsPop&trace_id=65331763867817385,3274.1,Mid-range
RIDEN® AC110V/220V to DC 68V 1200W Regulated Switching Power Supply for RD6018,60.53,5.0,12.0,https://www.banggood.com/RIDEN-AC110V-or-220V-to-DC-68V-1200W-Regulated-Switching-Power-Supply-for-RD6018-p-1995201.html?cur_warehouse=CN&rmmds=CategoryElectronicsPop&trace_id=65331763867817385,17084.59,Premium
RIDEN® RK6006-C 60V 6A 4 digit Adjustable AC to DC Step Down Voltage Bench Power Supply Module Current Regulated,69.67,5.0,21.0,https://www.banggood.com/RIDEN-RK6006-C-60V-6A-4-digit-Adjustable-AC-to-DC-Step-Down-Voltage-Bench-Power-Supply-Module-Current-Regulated-p-1994961.html?cur_warehouse=CN&rmmds=CategoryElectronicsPop&trace_id=65331763867817385,19664.36,Premium
Geekcreit® 8A DC5-30V to DC1.25-30V 150KHz Automatic Step Up Step Down Adjustable Power Module Voltage Regulation With Short Circuit / Overtemperature Protection,6.96,4.89,508.0,https://www.banggood.com/Geekcreit-8A-DC5-30V-to-DC1_25-30V-150KHz-Automatic-Step-Up-Step-Down-Adjustable-Power-Module-Voltage-Regulation-With-Short-Circuit-or-Overtemperature-Protection-p-969195.html?cur_warehouse=CN&rmmds=CategoryElectronicsPop&trace_id=65331763867817385,1964.46,Budget
Geekcreit® XH-M229 Desktop Computer Chassis Power Supply Module ATX Transfer Board Power Output Terminal Module,5.1,4.93,2234.0,https://www.banggood.com/Geekcreit-XH-M229-Desktop-Computer-Chassis-Power-Supply-Module-ATX-Transfer-Board-Power-Output-Terminal-Module-p-1418198.html?cur_warehouse=CN&rmmds=CategoryElectronicsPop&trace_id=65331763867817385,1439.48,Budget
Geekcreit® DC 6-40V To 1.2-36V 300W 20A Constant Current Adjustable Buck Converter Step Down Module Board,7.73,4.9,1112.0,https://www.banggood.com/Geekcreit-DC-6-40V-To-1_2-36V-300W-20A-Constant-Current-Adjustable-Buck-Converter-Step-Down-Module-Board-p-1203369.html?cur_warehouse=CN&rmmds=CategoryElectronicsPop&trace_id=65331763867817385,2181.79,Budget
WZ5020L DC-DC 50V 20A 1000W Buck Converter CC CV Step-down Power Module Adjustable Voltage Regulated Power Supply,18.57,4.87,63.0,https://www.banggood.com/WZ5020L-DC-DC-50V-20A-1000W-Buck-Converter-CC-CV-Step-down-Power-Module-Adjustable-Voltage-Regulated-Power-Supply-p-1940918.html?cur_warehouse=CN&rmmds=CategoryElectronicsPop&trace_id=65331763867817385,5241.38,Mid-range
Geekcreit® DC 3.7-6V To 20KV Boost Step Up Power Module High Voltage Generator,3.86,4.87,942.0,https://www.banggood.com/Geekcreit-DC-3_7-6V-To-20KV-Boost-Step-Up-Power-Module-High-Voltage-Generator-p-915426.html?cur_warehouse=CN&rmmds=CategoryElectronicsPop&trace_id=65331763867817385,1089.48,Budget
DC-DC Power Supply Module 12V to 3.3V/5V/12V Multiple Output Voltage Conversion Converter Board,5.41,5.0,3.0,https://www.banggood.com/DC-DC-Power-Supply-Module-12V-to-3_3V-or-5V-or-12V-Multiple-Output-Voltage-Conversion-Converter-Board-p-1997526.html?cur_warehouse=CN&rmmds=CategoryElectronicsPop&trace_id=65331763867817385,1526.97,Budget
JUNTEK DPM8605 60V5A DC-DC Digital Regulated Constant Current Power Supply Programmable Step-Down Voltage Converter Module,33.65,4.823279220779221,0.0,https://www.banggood.com/JUNTEK-DPM8605-60V5A-DC-DC-Digital-Regulated-Constant-Current-Power-Supply-Programmable-Step-Down-Voltage-Converter-Module-p-1997554.html?cur_warehouse=CN&ID=6324212&rmmds=CategoryElectronicsPop&trace_id=65331763867817385,9497.71,Premium
DC 6-40V Battery Charger Discharger Board Integrated Voltmeter Undervoltage Overvoltage Protection Module Timing Charging Discharging Communication Function,5.41,5.0,3.0,https://www.banggood.com/DC-6-40V-Battery-Charger-Discharger-Board-Integrated-Voltmeter-Undervoltage-Overvoltage-Protection-Module-Timing-Charging-Discharging-Communication-Function-p-1974136.html?cur_warehouse=CN&rmmds=CategoryElectronicsPop&trace_id=65331763867817385,1526.97,Budget
10Pcs MB102 2 Channel 3.3V 5V Breadboard Power Supply Module White Breadboard Dedicated Power Module MB-102 Solderless Bread Board,10.06,5.0,3.0,https://www.banggood.com/10Pcs-MB102-2-Channel-3_3V-5V-Breadboard-Power-Supply-Module-White-Breadboard-Dedicated-Power-Module-MB-102-Solderless-Bread-Board-p-1565713.html?cur_warehouse=CN&rmmds=CategoryElectronicsPop&trace_id=65331763867817385,2839.44,Budget
5Pcs MB102 2 Channel 3.3V 5V Breadboard Power Supply Module White Breadboard Dedicated Power Module MB-102 Solderless Bread Board,6.96,4.89,18.0,https://www.banggood.com/5Pcs-MB102-2-Channel-3_3V-5V-Breadboard-Power-Supply-Module-White-Breadboard-Dedicated-Power-Module-MB-102-Solderless-Bread-Board-p-1565719.html?cur_warehouse=CN&rmmds=CategoryElectronicsPop&trace_id=65331763867817385,1964.46,Budget
3Pcs MB102 2 Channel 3.3V 5V Breadboard Power Supply Module White Breadboard Dedicated Power Module MB-102 Solderless Bread Board,6.03,5.0,38.0,https://www.banggood.com/3Pcs-MB102-2-Channel-3_3V-5V-Breadboard-Power-Supply-Module-White-Breadboard-Dedicated-Power-Module-MB-102-Solderless-Bread-Board-p-1565724.html?cur_warehouse=CN&rmmds=CategoryElectronicsPop&trace_id=65331763867817385,1701.97,Budget
RIDEN® for RD6012P RD6012PW 65V 800W Switching Power Supply AC/DC Power Transformer,46.44,4.88,17.0,https://www.banggood.com/RIDEN-for-RD6012P-RD6012PW-65V-800W-Switching-Power-Supply-AC-or-DC-Power-Transformer-p-1916902.html?cur_warehouse=CN&rmmds=CategoryElectronicsPop&trace_id=65331763867817385,13107.69,Premium
1PCS/5PCS/10PCS 3A 5V-23V to 3.3V 6V 9V 12V 340KHz Mini DC-DC Step-down Converter Voltage Regulator Power Supply Module,6.15,4.83,40.0,https://www.banggood.com/1PCS-or-5PCS-or-10PCS-3A-5V-23V-to-3_3V-6V-9V-12V-340KHz-Mini-DC-DC-Step-down-Converter-Voltage-Regulator-Power-Supply-Module-p-1910902.html?cur_warehouse=CN&ID=522225&rmmds=CategoryElectronicsPop&trace_id=65331763867817385,1735.84,Budget
Solar Anti-backfeed Ideal Diode Constant Current Power Supply Module Battery Charging Anti-backfeed Module Board,5.41,5.0,7.0,https://www.banggood.com/Solar-Anti-backfeed-Ideal-Diode-Constant-Current-Power-Supply-Module-Battery-Charging-Anti-backfeed-Module-Board-p-1980990.html?cur_warehouse=CN&rmmds=CategoryElectronicsPop&trace_id=65331763867817385,1526.97,Budget
Super Arc 1000KV High Voltage Generator High Voltage Inverter Transformer Pulse High Voltage Module,5.41,4.36,11.0,https://www.banggood.com/Super-Arc-1000KV-High-Voltage-Generator-High-Voltage-Inverter-Transformer-Pulse-High-Voltage-Module-p-1981017.html?cur_warehouse=CN&rmmds=CategoryElectronicsPop&trace_id=65331763867817385,1526.97,Budget
DC-DC 5V 3A Power Supply Module Buck Step Down Regulator Module 24V 12V 9V To 5V Fixed Output,3.86,5.0,1.0,https://www.banggood.com/DC-DC-5V-3A-Power-Supply-Module-Buck-Step-Down-Regulator-Module-24V-12V-9V-To-5V-Fixed-Output-p-1981018.html?cur_warehouse=CN&rmmds=CategoryElectronicsPop&trace_id=65331763867817385,1089.48,Budget
16A Mini Smart Wifi DIY Switch Support 2 Way Control Smart Home Automation Module Work with Alexa Google Home Smart Life App,6.26,4.9,762.0,https://www.banggood.com/16A-Mini-Smart-Wifi-DIY-Switch-Support-2-Way-Control-Smart-Home-Automation-Module-Work-with-Alexa-Google-Home-Smart-Life-App-p-1798771.html?cur_warehouse=CN&rmmds=CategoryElectronicsPop&trace_id=4ff61763867842185,1766.88,Budget
Geekcreit® 12V 4CH Channel 433Mhz Wireless Remote Control Switch With 2 Transmitter,7.66,4.95,3623.0,https://www.banggood.com/Geekcreit-12V-4CH-Channel-433Mhz-Wireless-Remote-Control-Switch-With-2-Transmitter-p-1012323.html?cur_warehouse=CN&rmmds=CategoryElectronicsPop&trace_id=4ff61763867842185,2162.04,Budget
433Mhz DC12V 1CH Wireless Remote Control Switch Relay Receiver Module + 2 RF Transmitter,6.96,4.87,466.0,https://www.banggood.com/433Mhz-DC12V-1CH-Wireless-Remote-Control-Switch-Relay-Receiver-Module-+-2-RF-Transmitter-p-1326823.html?cur_warehouse=CN&rmmds=CategoryElectronicsPop&trace_id=4ff61763867842185,1964.46,Budget
LILYGO® TTGO T-Display ESP32 CH9102F WiFi bluetooth Module 1.14 Inch LCD Development Board,10.06,4.93,15.0,https://www.banggood.com/LILYGO-TTGO-T-Display-ESP32-CH9102F-WiFi-bluetooth-Module-1_14-Inch-LCD-Development-Board-p-1999994.html?cur_warehouse=CN&ID=6309999&rmmds=CategoryElectronicsPop&trace_id=4ff61763867842185,2839.44,Budget
LILYGO® T3S3 ESP32-S3 LoRa SX1262/SX1276 SX1280 2.4G Development Board WiFi Bluetooth Wireless Module 0.96 Inch OLED Display Type-C,18.11,4.94,18.0,https://www.banggood.com/LILYGO-T3S3-ESP32-S3-LoRa-SX1262-or-SX1276-SX1280-2_4G-Development-Board-WiFi-Bluetooth-Wireless-Module-0_96-Inch-OLED-Display-Type-C-p-1997240.html?cur_warehouse=CN&ID=6324172&rmmds=CategoryElectronicsPop&trace_id=4ff61763867842185,5111.55,Mid-range
LILYGO® TTGO T-SIM A7670G A7670E A7670SA R2 Wireless Module ESP32 Chip 4G LTE CAT1 MCU32 Development Board Support GSM/GPRS/EDGE,34.78,4.42,12.0,https://www.banggood.com/LILYGO-TTGO-T-SIM-A7670G-A7670E-A7670SA-R2-Wireless-Module-ESP32-Chip-4G-LTE-CAT1-MCU32-Development-Board-Support-GSM-or-GPRS-or-EDGE-p-1951293.html?cur_warehouse=CN&ID=6319651&rmmds=CategoryElectronicsPop&trace_id=4ff61763867842185,9816.66,Premium
LILYGO® T-Watch-S3 Programmable Touchable Watch Integrated ESP32-S3 WIFI Bluetooth LoRa BMA423 Sensor MAX98357A Mic Speaker,46.44,4.64,11.0,https://www.banggood.com/LILYGO-T-Watch-S3-Programmable-Touchable-Watch-Integrated-ESP32-S3-WIFI-Bluetooth-LoRa-BMA423-Sensor-MAX98357A-Mic-Speaker-p-2003186.html?cur_warehouse=CN&ID=478186287853&rmmds=CategoryElectronicsPop&trace_id=4ff61763867842185,13107.69,Premium
GERMA RF 433mhz Transmitter 4 Button Remote Control + Receiver Module Fixed EV1527 Decoding 4CH Output with Learning DIY Kit,5.72,5.0,3.0,https://www.banggood.com/GERMA-RF-433mhz-Transmitter-4-Button-Remote-Control-+-Receiver-Module-Fixed-EV1527-Decoding-4CH-Output-with-Learning-DIY-Kit-p-2012527.html?cur_warehouse=CN&ID=6297886&rmmds=CategoryElectronicsPop&trace_id=4ff61763867842185,1614.47,Budget
8-Channel Knob Servo Controller Board with Overload Protection PWM Digital Interface 5-8.4V High-Precision Potentiometer for Robotic Arm Manipulator Servo Testing,11.6,4.0,1.0,https://www.banggood.com/8-Channel-Knob-Servo-Controller-Board-with-Overload-Protection-PWM-Digital-Interface-5-8_4V-High-Precision-Potentiometer-for-Robotic-Arm-Manipulator-Servo-Testing-p-2025686.html?cur_warehouse=CN&ID=6287830&rmmds=CategoryElectronicsPop&trace_id=4ff61763867842185,3274.1,Mid-range
Geekcreit® D1 Mini V3.0.0 WIFI Internet Of Things Development Board Based ESP8266 4MB MicroPython Nodemcu,5.4,5.0,3.0,https://www.banggood.com/Geekcreit-D1-Mini-V3_0_0-WIFI-Internet-Of-Things-Development-Board-Based-ESP8266-4MB-MicroPython-Nodemcu-p-1986159.html?cur_warehouse=CN&rmmds=CategoryElectronicsPop&trace_id=4ff61763867842185,1524.15,Budget
5Pcs 16A Mini Smart Wifi DIY Switch Support 2 Way Control Smart Home Automation Module Work with Alexa Google Home Smart Life App,17.8,4.8,5.0,https://www.banggood.com/5Pcs-16A-Mini-Smart-Wifi-DIY-Switch-Support-2-Way-Control-Smart-Home-Automation-Module-Work-with-Alexa-Google-Home-Smart-Life-App-p-2017075.html?cur_warehouse=CN&rmmds=CategoryElectronicsPop&trace_id=4ff61763867842185,5024.05,Mid-range
433MHz Wireless Remote Control Switch DC 12V 10A 1CH Relay Module Receiver ON OFF Remote Control for Gate Led Lights Bulb DIY,4.45,4.6,5.0,https://www.banggood.com/433MHz-Wireless-Remote-Control-Switch-DC-12V-10A-1CH-Relay-Module-Receiver-ON-OFF-Remote-Control-for-Gate-Led-Lights-Bulb-DIY-p-2012248.html?cur_warehouse=CN&ID=6326299&rmmds=CategoryElectronicsPop&trace_id=4ff61763867842185,1256.01,Budget
GERMA 433Mhz RF Transmitter and Receiver Superheterodyne ASK 433 Mhz Module with Antenna for ArduinoUno Wireless Diy Kits,4.64,4.823279220779221,0.0,https://www.banggood.com/GERMA-433Mhz-RF-Transmitter-and-Receiver-Superheterodyne-ASK-433-Mhz-Module-with-Antenna-for-ArduinoUno-Wireless-Diy-Kits-p-2012530.html?cur_warehouse=CN&ID=6326326&rmmds=CategoryElectronicsPop&trace_id=4ff61763867842185,1309.64,Budget
Smart Home AC110V 220V Single1 Channel Remote Controller Receiver Wireless RF Radio Frequency Hall Bedroom Light Switch 433MHz,7.73,4.76,25.0,https://www.banggood.com/Smart-Home-AC110V-220V-Single1-Channel-Remote-Controller-Receiver-Wireless-RF-Radio-Frequency-Hall-Bedroom-Light-Switch-433MHz-p-1952407.html?cur_warehouse=CN&ID=47818&rmmds=CategoryElectronicsPop&trace_id=4ff61763867842185,2181.79,Budget
Geekcreit® 433MHz DC 12V 10A Relay 1CH Channel Wireless RF Remote Control Switch Transmitter With Receiver,5.57,4.93,989.0,https://www.banggood.com/Geekcreit-433MHz-DC-12V-10A-Relay-1CH-Channel-Wireless-RF-Remote-Control-Switch-Transmitter-With-Receiver-p-1040721.html?cur_warehouse=CN&rmmds=CategoryElectronicsPop&trace_id=4ff61763867842185,1572.13,Budget
2 Transmitter+ 12V 4CH Channel Relay RF Wireless Remote Control Switch Receiver,6.96,5.0,15.0,https://www.banggood.com/2-Transmitter+-12V-4CH-Channel-Relay-RF-Wireless-Remote-Control-Switch-Receiver-p-1777799.html?cur_warehouse=CN&rmmds=CategoryElectronicsPop&trace_id=4ff61763867842185,1964.46,Budget
Geekcreit® 1100 Meter Long Distance NRF24L01+PA+LNA Wireless Module With Antenna Module,5.01,4.94,633.0,https://www.banggood.com/Geekcreit-1100-Meter-Long-Distance-NRF24L01+PA+LNA-Wireless-Module-With-Antenna-Module-p-1057170.html?cur_warehouse=CN&rmmds=CategoryElectronicsPop&trace_id=4ff61763867842185,1414.07,Budget
3G 4G High Gain Sucker Aerial Wifi Antenna 5/6/7/9/10/15DBI 3M Extension Cable SMA Male Connector For CDMA/GPRS/GSM/LTE,4.87,4.88,116.0,https://www.banggood.com/3G-4G-High-Gain-Sucker-Aerial-Wifi-Antenna-5-or-6-or-7-or-9-or-10-or-15DBI-3M-Extension-Cable-SMA-Male-Connector-For-CDMA-or-GPRS-or-GSM-or-LTE-p-1544849.html?cur_warehouse=CN&ID=6269311&rmmds=CategoryElectronicsPop&trace_id=4ff61763867842185,1374.56,Budget
RF 2-in-1 IoT Module for M5Stack StickCPlus StickC Plus Extension with NRF24 2.4GHz and CC1101 433MHz Support Bruce Firmware,21.36,4.0,1.0,https://www.banggood.com/RF-2-in-1-IoT-Module-for-M5Stack-StickCPlus-StickC-Plus-Extension-with-NRF24-2_4GHz-and-CC1101-433MHz-Support-Bruce-Firmware-p-2038692.html?cur_warehouse=CN&ID=6300084&rmmds=CategoryElectronicsPop&trace_id=4ff61763867842185,6028.86,Premium
ESP32-S3 Development Board Smart Wearable Watch 2.06 Inch Touch Screen AMOLED Dual Core Processor WiFi Bluetooth High Resolution Sensor Module,30.18,5.0,1.0,https://www.banggood.com/ESP32-S3-Development-Board-Smart-Wearable-Watch-2_06-Inch-Touch-Screen-AMOLED-Dual-Core-Processor-WiFi-Bluetooth-High-Resolution-Sensor-Module-p-2040260.html?cur_warehouse=CN&ID=6295919&rmmds=CategoryElectronicsPop&trace_id=4ff61763867842185,8518.3,Premium
SM1312T 1.2G 1.3G 800MW FPV Wireless Audio Video Image Transmission Module Compact Design NTSC PAL High Power Long Range Stable Signal,20.89,4.823279220779221,0.0,https://www.banggood.com/SM1312T-1_2G-1_3G-800MW-FPV-Wireless-Audio-Video-Image-Transmission-Module-Compact-Design-NTSC-PAL-High-Power-Long-Range-Stable-Signal-p-2041105.html?cur_warehouse=CN&ID=6287830&rmmds=CategoryElectronicsPop&trace_id=4ff61763867842185,5896.2,Premium
2.4GHz 50mW Wireless AV Stereo Transmitter Module PCB Compact Audio Video Transmission Stable Signal,7.89,4.823279220779221,0.0,https://www.banggood.com/2_4GHz-50mW-Wireless-AV-Stereo-Transmitter-Module-PCB-Compact-Audio-Video-Transmission-Stable-Signal-p-2041106.html?cur_warehouse=CN&ID=6287837&rmmds=CategoryElectronicsPop&trace_id=4ff61763867842185,2226.95,Budget
FPV Camera Module 720P HD Video Recording 120 Degree Wide Angle Lens Low Light Adaptive Real Time AV Output Supports 32GB TF Card,20.89,4.823279220779221,0.0,https://www.banggood.com/FPV-Camera-Module-720P-HD-Video-Recording-120-Degree-Wide-Angle-Lens-Low-Light-Adaptive-Real-Time-AV-Output-Supports-32GB-TF-Card-p-2041107.html?cur_warehouse=CN&ID=6299860&rmmds=CategoryElectronicsPop&trace_id=4ff61763867842185,5896.2,Premium
FPV Camera Module 1200TVL HD Resolution PAL NTSC Support Wide Voltage 5V-12V for RC Drone Multirotors Robot,12.38,4.823279220779221,0.0,https://www.banggood.com/FPV-Camera-Module-1200TVL-HD-Resolution-PAL-NTSC-Support-Wide-Voltage-5V-12V-for-RC-Drone-Multirotors-Robot-p-2041108.html?cur_warehouse=CN&ID=6287830&rmmds=CategoryElectronicsPop&trace_id=4ff61763867842185,3494.26,Mid-range
RX3364 FPV Transmission Module 3.3GHz Low Power High Sensitivity NTSC PAL Video Audio Receiver Analog Wireless Audio and Video Transmission Receiving Module,36.38,4.823279220779221,0.0,https://www.banggood.com/RX3364-FPV-Transmission-Module-3_3GHz-Low-Power-High-Sensitivity-NTSC-PAL-Video-Audio-Receiver-Analog-Wireless-Audio-and-Video-Transmission-Receiving-Module-p-2041109.html?cur_warehouse=CN&ID=6287832&rmmds=CategoryElectronicsPop&trace_id=4ff61763867842185,10268.26,Premium
1.2G 1.3G RX1264 Wireless FPV Image Transmission Module 1200MHz -95dBm Simulates Wireless Audio and Video Transmission Receiver Module,30.96,4.823279220779221,0.0,https://www.banggood.com/1_2G-1_3G-RX1264-Wireless-FPV-Image-Transmission-Module-1200MHz-95dBm-Simulates-Wireless-Audio-and-Video-Transmission-Receiver-Module-p-2041110.html?cur_warehouse=CN&ID=6287832&rmmds=CategoryElectronicsPop&trace_id=4ff61763867842185,8738.46,Premium
5.8G MM238RW Wireless Video Transmission Receiver Module NTSC PAL High Sensitivity Wide Frequency Range,22.44,4.823279220779221,0.0,https://www.banggood.com/5_8G-MM238RW-Wireless-Video-Transmission-Receiver-Module-NTSC-PAL-High-Sensitivity-Wide-Frequency-Range-p-2041112.html?cur_warehouse=CN&ID=6287832&rmmds=CategoryElectronicsPop&trace_id=4ff61763867842185,6333.69,Premium
RX3364Pro FPV Image Transmission Module Wireless Video Audio Transmission Receiving 3.3GHz High Sensitivity Low Power Consumption NTSC PAL Compatibility,37.93,4.823279220779221,0.0,https://www.banggood.com/RX3364Pro-FPV-Image-Transmission-Module-Wireless-Video-Audio-Transmission-Receiving-3_3GHz-High-Sensitivity-Low-Power-Consumption-NTSC-PAL-Compatibility-p-2041113.html?cur_warehouse=CN&ID=6287832&rmmds=CategoryElectronicsPop&trace_id=4ff61763867842185,10705.74,Premium
RC832H 5.8G 48CH FPV Receiver with Auto-Scan Dual Video Output 8-26V Wide for Voltages High-Sensitivity Lightweight for Drones HD Low-Latency Wireless Video Audio Transmission,28.64,4.823279220779221,0.0,https://www.banggood.com/RC832H-5_8G-48CH-FPV-Receiver-with-Auto-Scan-Dual-Video-Output-8-26V-Wide-for-Voltages-High-Sensitivity-Lightweight-for-Drones-HD-Low-Latency-Wireless-Video-Audio-Transmission-p-2041909.html?cur_warehouse=CN&ID=6287830&rmmds=CategoryElectronicsPop&trace_id=4ff61763867842185,8083.64,Premium
Geekcreit® DSP & PLL Digital Stereo FM Radio Receiver Module 87-108MHz With Serial Control,9.28,5.0,6.0,https://www.banggood.com/Geekcreit-DSP-and-PLL-Digital-Stereo-FM-Radio-Receiver-Module-87-108MHz-With-Serial-Control-p-1980702.html?cur_warehouse=CN&rmmds=CategoryElectronicsPop&trace_id=4ff61763867842185,2619.28,Budget
Geekcreit® FT232RL FTDI USB To TTL Serial Converter Adapter Module Geekcreit for Arduinno - products that work with official Arduinno boards,3.86,4.92,3180.0,https://www.banggood.com/Geekcreit-FT232RL-FTDI-USB-To-TTL-Serial-Converter-Adapter-Module-Geekcreit-for-Arduinno-products-that-work-with-official-Arduinno-boards-p-1986031.html?cur_warehouse=CN&rmmds=CategoryElectronicsPop&trace_id=77361763867865030,1089.48,Budget
USB2RIG Radio USB Sound Card Connector for KENWOODs/YAESU/ICOM Business Radio Support TTL/232/CIV,14.54,5.0,5.0,https://www.banggood.com/USB2RIG-Radio-USB-Sound-Card-Connector-for-KENWOODs-or-YAESU-or-ICOM-Business-Radio-Support-TTL-or-232-or-CIV-p-2027429.html?cur_warehouse=CN&ID=6287830&rmmds=CategoryElectronicsPop&trace_id=77361763867865030,4103.92,Mid-range
CH341A Programmer V1.7 1.8V Level Converter Board,10.83,5.0,1.0,https://www.banggood.com/CH341A-Programmer-V1_7-1_8V-Level-Converter-Board-p-2015939.html?cur_warehouse=CN&ID=6327212&rmmds=CategoryElectronicsPop&trace_id=77361763867865030,3056.77,Mid-range
XH-M229 Desktop PC Chassis Power ATX Transfer to Adapter Board Power Supply Circuit Outlet Module 24Pin Output Terminal 24 Pins,3.48,5.0,5.0,https://www.banggood.com/XH-M229-Desktop-PC-Chassis-Power-ATX-Transfer-to-Adapter-Board-Power-Supply-Circuit-Outlet-Module-24Pin-Output-Terminal-24-Pins-p-2015865.html?cur_warehouse=CN&ID=6295112&rmmds=CategoryElectronicsPop&trace_id=77361763867865030,982.23,Budget
USB Charging Desktop Computer Chassis Power Supply ATX Adapter Board Take-off Plate with Infrared Detecting,7.42,5.0,8.0,https://www.banggood.com/USB-Charging-Desktop-Computer-Chassis-Power-Supply-ATX-Adapter-Board-Take-off-Plate-with-Infrared-Detecting-p-2004160.html?cur_warehouse=CN&ID=6292599&rmmds=CategoryElectronicsPop&trace_id=77361763867865030,2094.3,Budget
Micro USB To Dip Female Socket B Type Microphone 5P Patch To Dip With Soldering Adapter Board,3.09,4.94,144.0,https://www.banggood.com/Micro-USB-To-Dip-Female-Socket-B-Type-Microphone-5P-Patch-To-Dip-With-Soldering-Adapter-Board-p-1165545.html?cur_warehouse=CN&ID=522225&rmmds=CategoryElectronicsPop&trace_id=77361763867865030,872.15,Budget
USB Adapter Board Male to Female Micro Type-C 4P 2.54mm USB4 Module Converter,4.64,4.87,39.0,https://www.banggood.com/USB-Adapter-Board-Male-to-Female-Micro-Type-C-4P-2_54mm-USB4-Module-Converter-p-1543936.html?cur_warehouse=CN&rmmds=CategoryElectronicsPop&trace_id=77361763867865030,1309.64,Budget
3.3V 5V USB to TTL Converter CH340G UART Serial Adapter Module STC,3.86,4.84,116.0,https://www.banggood.com/3_3V-5V-USB-to-TTL-Converter-CH340G-UART-Serial-Adapter-Module-STC-p-1232728.html?cur_warehouse=CN&rmmds=CategoryElectronicsPop&trace_id=77361763867865030,1089.48,Budget
Mini RS232 to TTL Converter Module Board Adapter MAX3232 120kbps 3-5V Serial Port,4.02,5.0,11.0,https://www.banggood.com/Mini-RS232-to-TTL-Converter-Module-Board-Adapter-MAX3232-120kbps-3-5V-Serial-Port-p-1487275.html?cur_warehouse=CN&rmmds=CategoryElectronicsPop&trace_id=77361763867865030,1134.64,Budget
ATX Power Adapter ATX Computer PC Power Module Power Supply DC Plug Connector +3.3V +5V -12V +12V +5V,5.41,4.91,93.0,https://www.banggood.com/ATX-Power-Adapter-ATX-Computer-PC-Power-Module-Power-Supply-DC-Plug-Connector-+3_3V-+5V-12V-+12V-+5V-p-1572373.html?cur_warehouse=CN&rmmds=CategoryElectronicsPop&trace_id=77361763867865030,1526.97,Budget
USB to Serial Port Multi-function Converter Module RS232 TTL CH340 SP232 IC Win10 for Pro Mini STM32 AVR PLC PTZ Modubs,6.19,5.0,4.0,https://www.banggood.com/USB-to-Serial-Port-Multi-function-Converter-Module-RS232-TTL-CH340-SP232-IC-Win10-for-Pro-Mini-STM32-AVR-PLC-PTZ-Modubs-p-1666484.html?cur_warehouse=CN&rmmds=CategoryElectronicsPop&trace_id=77361763867865030,1747.13,Budget
HW-060B 1602 LCD 5V Yellow-green Screen IIC I2C Interface Module 1602 LCD Display Adapter Board,5.41,4.96,26.0,https://www.banggood.com/HW-060B-1602-LCD-5V-Yellow-green-Screen-IIC-I2C-Interface-Module-1602-LCD-Display-Adapter-Board-p-1885095.html?cur_warehouse=CN&rmmds=CategoryElectronicsPop&trace_id=77361763867865030,1526.97,Budget
5pcs TTL to RS485 RS485 to TTL Bilateral Module UART Port Serial Converter Module 3.3/5V Power Signal,5.11,5.0,1.0,https://www.banggood.com/5pcs-TTL-to-RS485-RS485-to-TTL-Bilateral-Module-UART-Port-Serial-Converter-Module-3_3-or-5V-Power-Signal-p-1652516.html?cur_warehouse=CN&rmmds=CategoryElectronicsPop&trace_id=77361763867865030,1442.3,Budget
3pcs TTL to RS485 RS485 to TTL Bilateral Module UART Port Serial Converter Module 3.3/5V Power Signal,6.19,5.0,4.0,https://www.banggood.com/3pcs-TTL-to-RS485-RS485-to-TTL-Bilateral-Module-UART-Port-Serial-Converter-Module-3_3-or-5V-Power-Signal-p-1652520.html?cur_warehouse=CN&rmmds=CategoryElectronicsPop&trace_id=77361763867865030,1747.13,Budget
CH340 Moule USB to TTL CH340G Wire Brush Plate STC Microcontroller Board USB to Serial,4.87,5.0,1.0,https://www.banggood.com/CH340-Moule-USB-to-TTL-CH340G-Wire-Brush-Plate-STC-Microcontroller-Board-USB-to-Serial-p-2015863.html?cur_warehouse=CN&rmmds=CategoryElectronicsPop&trace_id=77361763867865030,1374.56,Budget
3pcs 24V / 12V To 5V 5A DC-DC Buck Power Module Step Down Module Power Converter,8.51,5.0,11.0,https://www.banggood.com/3pcs-24V-or-12V-To-5V-5A-DC-DC-Buck-Power-Module-Step-Down-Module-Power-Converter-p-1308404.html?cur_warehouse=CN&rmmds=CategoryElectronicsPop&trace_id=77361763867865030,2401.95,Budget
5Pcs CP2102 USB To TTL/Serial Module UART STC Downloader for Arduinos,13.93,5.0,19.0,https://www.banggood.com/5Pcs-CP2102-USB-To-TTL-or-Serial-Module-UART-STC-Downloader-for-Arduinos-p-980102.html?cur_warehouse=CN&rmmds=CategoryElectronicsPop&trace_id=77361763867865030,3931.74,Mid-range
3Pcs CP2102 USB To TTL/Serial Module UART STC Downloader for Arduinos,10.52,4.98,53.0,https://www.banggood.com/3Pcs-CP2102-USB-To-TTL-or-Serial-Module-UART-STC-Downloader-for-Arduinos-p-980103.html?cur_warehouse=CN&rmmds=CategoryElectronicsPop&trace_id=77361763867865030,2969.27,Mid-range
3pcs USB to Serial Port Multi-function Converter Module RS232 TTL CH340 SP232 IC Win10 for Pro Mini STM32 AVR PLC PTZ Modubs,11.6,5.0,2.0,https://www.banggood.com/3pcs-USB-to-Serial-Port-Multi-function-Converter-Module-RS232-TTL-CH340-SP232-IC-Win10-for-Pro-Mini-STM32-AVR-PLC-PTZ-Modubs-p-1683704.html?cur_warehouse=CN&rmmds=CategoryElectronicsPop&trace_id=77361763867865030,3274.1,Mid-range
3Pcs IIC/I2C/TWI/SPI Serial Port Module 5V 1602LCD Display,4.64,4.97,121.0,https://www.banggood.com/3Pcs-IIC-or-I2C-or-TWI-or-SPI-Serial-Port-Module-5V-1602LCD-Display-p-1024983.html?cur_warehouse=CN&rmmds=CategoryElectronicsPop&trace_id=77361763867865030,1309.64,Budget
5pcs 3.3V 5V USB to TTL Convertor CH340G UART Serial Adapter Module STC,7.35,5.0,8.0,https://www.banggood.com/5pcs-3_3V-5V-USB-to-TTL-Convertor-CH340G-UART-Serial-Adapter-Module-STC-p-1314966.html?cur_warehouse=CN&rmmds=CategoryElectronicsPop&trace_id=77361763867865030,2074.54,Budget
3pcs 3.3V 5V USB to TTL Converter CH340G UART Serial Adapter Module STC,6.19,4.92,12.0,https://www.banggood.com/3pcs-3_3V-5V-USB-to-TTL-Converter-CH340G-UART-Serial-Adapter-Module-STC-p-1314969.html?cur_warehouse=CN&rmmds=CategoryElectronicsPop&trace_id=77361763867865030,1747.13,Budget
3Pcs ATX Power Adapter ATX Computer PC Power Board Power Supply DC Plug Connector +3.3V +5V -12V +12V +5V,13.93,4.823279220779221,0.0,https://www.banggood.com/3Pcs-ATX-Power-Adapter-ATX-Computer-PC-Power-Board-Power-Supply-DC-Plug-Connector-+3_3V-+5V-12V-+12V-+5V-p-1748173.html?cur_warehouse=CN&rmmds=CategoryElectronicsPop&trace_id=77361763867865030,3931.74,Mid-range
5pcs Mini RS232 to TTL Converter Module Board Adapter MAX3232 120kbps 3-5V Serial Port,6.19,4.0,4.0,https://www.banggood.com/5pcs-Mini-RS232-to-TTL-Converter-Module-Board-Adapter-MAX3232-120kbps-3-5V-Serial-Port-p-1527305.html?cur_warehouse=CN&rmmds=CategoryElectronicsPop&trace_id=77361763867865030,1747.13,Budget
3pcs Mini RS232 to TTL Converter Module Board Adapter MAX3232 120kbps 3-5V Serial Port,5.41,4.86,7.0,https://www.banggood.com/3pcs-Mini-RS232-to-TTL-Converter-Module-Board-Adapter-MAX3232-120kbps-3-5V-Serial-Port-p-1527308.html?cur_warehouse=CN&rmmds=CategoryElectronicsPop&trace_id=77361763867865030,1526.97,Budget
5Pcs GY-BMP280-3.3 High Precision Atmospheric Pressure Sensor Module,6.19,4.96,23.0,https://www.banggood.com/5Pcs-GY-BMP280-3_3-High-Precision-Atmospheric-Pressure-Sensor-Module-p-1113781.html?cur_warehouse=CN&rmmds=CategoryElectronicsPop&trace_id=77361763867865030,1747.13,Budget
10pcs Mini RS232 to TTL Converter Module Board Adapter MAX3232 120kbps 3-5V Serial Port,7.73,4.86,7.0,https://www.banggood.com/10pcs-Mini-RS232-to-TTL-Converter-Module-Board-Adapter-MAX3232-120kbps-3-5V-Serial-Port-p-1527302.html?cur_warehouse=CN&rmmds=CategoryElectronicsPop&trace_id=77361763867865030,2181.79,Budget
EMMC To TF Card Module BGA153 BGA169 To Micro Card MMC Card BGA153 BGA169,6.83,4.823279220779221,0.0,https://www.banggood.com/EMMC-To-TF-Card-Module-BGA153-BGA169-To-Micro-Card-MMC-Card-BGA153-BGA169-p-2036456.html?cur_warehouse=CN&ID=6333575&rmmds=CategoryElectronicsPop&trace_id=77361763867865030,1927.77,Budget
EW-EC300 Di2 Charging Adapter USB-C Port for Shimanos 12spd Road Groupset Mountain Bikes Emergency Charger Compact Lightweight Keychain Size 5V Power Bank Solar Charger Compatible,9.96,4.823279220779221,0.0,https://www.banggood.com/EW-EC300-Di2-Charging-Adapter-USB-C-Port-for-Shimanos-12spd-Road-Groupset-Mountain-Bikes-Emergency-Charger-Compact-Lightweight-Keychain-Size-5V-Power-Bank-Solar-Charger-Compatible-p-2038397.html?cur_warehouse=CN&ID=6287830&rmmds=CategoryElectronicsPop&trace_id=77361763867865030,2811.21,Budget
USB-C PD Trigger Board Module PDSink PD Decoy QC PD Fast Charging Test Board Adjustable Voltage 5~20V Dial Code Adjustment,4.24,5.0,1.0,https://www.banggood.com/USB-C-PD-Trigger-Board-Module-PDSink-PD-Decoy-QC-PD-Fast-Charging-Test-Board-Adjustable-Voltage-5~20V-Dial-Code-Adjustment-p-2034714.html?cur_warehouse=CN&ID=522225&rmmds=CategoryElectronicsPop&trace_id=77361763867865030,1196.74,Budget
ESP32-C3 1.28 Inch Round Display GC9A01 IPS LCD Screen ESP32 WiFi bluetooth Development Board Dual Core for ArduinoLVGL,10.92,5.0,4.0,https://www.banggood.com/ESP32-C3-1_28-Inch-Round-Display-GC9A01-IPS-LCD-Screen-ESP32-WiFi-bluetooth-Development-Board-Dual-Core-for-ArduinoLVGL-p-2018054.html?cur_warehouse=CN&ID=6327986&rmmds=CategoryElectronicsPop&trace_id=cbe21763867890544,3082.17,Mid-range
LILYGO® T-Display-S3 AMOLED ESP32-S3 1.91-inch RM67162 Display Development Board WiFi Bluetooth 5.0 Wireless Module,7.8,5.0,4.0,https://www.banggood.com/LILYGO-T-Display-S3-AMOLED-ESP32-S3-1_91-inch-RM67162-Display-Development-Board-WiFi-Bluetooth-5_0-Wireless-Module-p-2014842.html?cur_warehouse=CN&ID=6326899&rmmds=CategoryElectronicsPop&trace_id=cbe21763867890544,2201.55,Budget
ESP32 MCU 2.8 Inch Smart Display for Arduino LVGL WIFI bluetooth Touch WROOM 240*320 Screen LCD TFT Module with Free Tutorials,10.83,4.86,50.0,https://www.banggood.com/ESP32-MCU-2_8-Inch-Smart-Display-for-Arduino-LVGL-WIFI-bluetooth-Touch-WROOM-240+320-Screen-LCD-TFT-Module-with-Free-Tutorials-p-2000291.html?cur_warehouse=CN&ID=6331822&rmmds=CategoryElectronicsPop&trace_id=cbe21763867890544,3056.77,Mid-range
ESP32-S3 3.5-Inch Capacitive Touch IPS Module 320x480 8M PSRAM 16M FLASH for LVGL Development Board Built-in Firmware Wi-Fi Bluetooth,19.5,4.71,14.0,https://www.banggood.com/ESP32-S3-3_5-Inch-Capacitive-Touch-IPS-Module-320x480-8M-PSRAM-16M-FLASH-for-LVGL-Development-Board-Built-in-Firmware-Wi-Fi-Bluetooth-p-2022093.html?cur_warehouse=CN&ID=6295112&rmmds=CategoryElectronicsPop&trace_id=cbe21763867890544,5503.88,Premium
LILYGO® T-Display-S3 ESP32-S3 1.9 inch ST7789 LCD Display Development Board WIFI Bluetooth5.0 Wireless Module 170*320 Resolution,12.38,4.89,103.0,https://www.banggood.com/LILYGO-T-Display-S3-ESP32-S3-1_9-inch-ST7789-LCD-Display-Development-Board-WIFI-Bluetooth5_0-Wireless-Module-170+320-Resolution-p-1993268.html?cur_warehouse=CN&ID=6320854&rmmds=CategoryElectronicsPop&trace_id=cbe21763867890544,3494.26,Mid-range
0.96/1.3 inch White Oled Display Screen Combined with EC11 Rotary Encoder Module IIC Interface for Arduinos,6.47,5.0,10.0,https://www.banggood.com/0_96-or-1_3-inch-White-Oled-Display-Screen-Combined-with-EC11-Rotary-Encoder-Module-IIC-Interface-for-Arduinos-p-2023828.html?cur_warehouse=CN&ID=6329697&rmmds=CategoryElectronicsPop&trace_id=cbe21763867890544,1826.16,Budget
LILYGO® T-Encoder-Pro ESP32-S3 Rotary Encoder CHSC5816 ESP32-S3FN4R2 Circuit Board 1.2 inch AMOLED Touch Display Wireless Module,32.04,4.823279220779221,0.0,https://www.banggood.com/LILYGO-T-Encoder-Pro-ESP32-S3-Rotary-Encoder-CHSC5816-ESP32-S3FN4R2-Circuit-Board-1_2-inch-AMOLED-Touch-Display-Wireless-Module-p-2018774.html?cur_warehouse=CN&ID=6287830&rmmds=CategoryElectronicsPop&trace_id=cbe21763867890544,9043.29,Premium
4.3/5/7 Inch Raspberry Pi 5 DSI Touch Screen IPS Display 800*480 LCD MIPI CSI Cable Standard Monitor Capacitive Touch for RPI 5 Pi5,22.29,5.0,5.0,https://www.banggood.com/4_3-or-5-or-7-Inch-Raspberry-Pi-5-DSI-Touch-Screen-IPS-Display-800+480-LCD-MIPI-CSI-Cable-Standard-Monitor-Capacitive-Touch-for-RPI-5-Pi5-p-2012528.html?cur_warehouse=CN&ID=6326360&rmmds=CategoryElectronicsPop&trace_id=cbe21763867890544,6291.35,Premium
Geekcreit® 0.96 Inch OLED I2C IIC Communication Display 128*64 LCD Module Geekcreit for Arduiino - products that work with official Arduiino boards,5.29,5.0,12.0,https://www.banggood.com/Geekcreit-0_96-Inch-OLED-I2C-IIC-Communication-Display-128+64-LCD-Module-Geekcreit-for-Arduiino-products-that-work-with-official-Arduiino-boards-p-1982171.html?cur_warehouse=CN&ID=6287845&rmmds=CategoryElectronicsPop&trace_id=cbe21763867890544,1493.1,Budget
8.8 Inch USB Secondary Screen Type C Connect NO High Definition Multimedia Interface-compatible Display 1920*480 IPS LCD CPU RAM GPU Monitor Without AIDA64,52.55,5.0,1.0,https://www.banggood.com/8_8-Inch-USB-Secondary-Screen-Type-C-Connect-NO-High-Definition-Multimedia-Interface-compatible-Display-1920+480-IPS-LCD-CPU-RAM-GPU-Monitor-Without-AIDA64-p-2026212.html?cur_warehouse=CN&ID=62878306331498&rmmds=CategoryElectronicsPop&trace_id=cbe21763867890544,14832.24,Premium
1.3 Inch OLED Display Module White/Blue 128X64 SPI/IIC I2C Communicate Color 4Pin/7Pin Screen Board,4.87,4.0,2.0,https://www.banggood.com/1_3-Inch-OLED-Display-Module-White-or-Blue-128X64-SPI-or-IIC-I2C-Communicate-Color-4Pin-or-7Pin-Screen-Board-p-2015769.html?cur_warehouse=CN&ID=6327171&rmmds=CategoryElectronicsPop&trace_id=cbe21763867890544,1374.56,Budget
1.44/1.8 inch 128*160 128*128 Display Screen Module 8 Pin ST7735 RGB TFT LCD Screen 128x128 128x160 SPI for Arduino STM32 DIY Kit,5.57,4.86,14.0,https://www.banggood.com/1_44-or-1_8-inch-128+160-128+128-Display-Screen-Module-8-Pin-ST7735-RGB-TFT-LCD-Screen-128x128-128x160-SPI-for-Arduino-STM32-DIY-Kit-p-1976183.html?cur_warehouse=CN&ID=6211506&rmmds=CategoryElectronicsPop&trace_id=cbe21763867890544,1572.13,Budget
LCD1602 LCD Screen Module Blue/Yellow Green Screen IIC/I2C 1602 LCD Module LCD1602A Blue Screen with Back Module,4.17,4.78,9.0,https://www.banggood.com/LCD1602-LCD-Screen-Module-Blue-or-Yellow-Green-Screen-IIC-or-I2C-1602-LCD-Module-LCD1602A-Blue-Screen-with-Back-Module-p-1978219.html?cur_warehouse=CN&ID=6321702&rmmds=CategoryElectronicsPop&trace_id=cbe21763867890544,1176.98,Budget
7Inch IPS/TN AIDA64 LCD Display mini pc Touch HDMI Module 1024 x 600 for Raspberry Pi 3 Pi4 PC Monitor Moniteur Orange pi,37.93,4.7,27.0,https://www.banggood.com/7Inch-IPS-or-TN-AIDA64-LCD-Display-mini-pc-Touch-HDMI-Module-1024-x-600-for-Raspberry-Pi-3-Pi4-PC-Monitor-Moniteur-Orange-pi-p-1955003.html?cur_warehouse=CN&ID=6319819&rmmds=CategoryElectronicsPop&trace_id=cbe21763867890544,10705.74,Premium
ESP32-S3 4.3 inch Capacitive Touch Screen Development Board Dual-Core Processor 240MHz Support WiFi bluetooth On-Board Antenna,29.41,5.0,1.0,https://www.banggood.com/ESP32-S3-4_3-inch-Capacitive-Touch-Screen-Development-Board-Dual-Core-Processor-240MHz-Support-WiFi-bluetooth-On-Board-Antenna-p-2009349.html?cur_warehouse=CN&rmmds=CategoryElectronicsPop&trace_id=cbe21763867890544,8300.97,Premium
2.8 Inch ILI9341 240x320 SPI TFT LCD Display Touch Panel SPI Serial Port Module,10.68,4.93,377.0,https://www.banggood.com/2_8-Inch-ILI9341-240x320-SPI-TFT-LCD-Display-Touch-Panel-SPI-Serial-Port-Module-p-1206782.html?cur_warehouse=CN&rmmds=CategoryElectronicsPop&trace_id=cbe21763867890544,3014.43,Mid-range
5pcs Geekcreit MAX7219 Dot Matrix LED Display Module 4-in-1 Display,24.77,4.82,39.0,https://www.banggood.com/5pcs-Geekcreit-MAX7219-Dot-Matrix-LED-Display-Module-4-in-1-Display-p-1385313.html?cur_warehouse=CN&rmmds=CategoryElectronicsPop&trace_id=cbe21763867890544,6991.33,Premium
LILYGO® TTGO T5 WiFi Wireless Module bluetooth Base ESP-32 ESP32 2.13 e-Paper Display Development Board,13.93,4.92,191.0,https://www.banggood.com/LILYGO-TTGO-T5-WiFi-Wireless-Module-bluetooth-Base-ESP-32-ESP32-2_13-e-Paper-Display-Development-Board-p-1332909.html?cur_warehouse=CN&rmmds=CategoryElectronicsPop&trace_id=cbe21763867890544,3931.74,Mid-range
5-inch 7-inch IPS USB Secondary Screen 1024x600 AIDA64 Monitoring Computer Data Desktop Sub-screen Support Desktop Extended LCD for Win10/11,31.73,5.0,1.0,https://www.banggood.com/5-inch-7-inch-IPS-USB-Secondary-Screen-1024x600-AIDA64-Monitoring-Computer-Data-Desktop-Sub-screen-Support-Desktop-Extended-LCD-for-Win10-or-11-p-2035744.html?cur_warehouse=CN&ID=6292773&rmmds=CategoryElectronicsPop&trace_id=cbe21763867890544,8955.79,Premium
1.8 Inch 128X160 ILI9163/ST7735 TFT LCD Module With PCB Baseboard SPI Serial Port,7.73,5.0,2.0,https://www.banggood.com/1_8-Inch-128X160-ILI9163-or-ST7735-TFT-LCD-Module-With-PCB-Baseboard-SPI-Serial-Port-p-1982451.html?cur_warehouse=CN&rmmds=CategoryElectronicsPop&trace_id=cbe21763867890544,2181.79,Budget
LILYGO® T-RGB ESP32-S3 2.8 inch LCD Round Touch Display ST7701S Screen ESP32-S3R8 Development Board Support WIFI Bluetooth TF,41.8,4.823279220779221,0.0,https://www.banggood.com/LILYGO-T-RGB-ESP32-S3-2_8-inch-LCD-Round-Touch-Display-ST7701S-Screen-ESP32-S3R8-Development-Board-Support-WIFI-Bluetooth-TF-p-1995342.html?cur_warehouse=CN&ID=6323994&rmmds=CategoryElectronicsPop&trace_id=cbe21763867890544,11798.05,Premium
LILYGO® T-Display-S3 Touch Panel 1.9-inch LCD Display Screen Module,10.06,5.0,1.0,https://www.banggood.com/LILYGO-T-Display-S3-Touch-Panel-1_9-inch-LCD-Display-Screen-Module-p-1995348.html?cur_warehouse=CN&ID=6265271&rmmds=CategoryElectronicsPop&trace_id=cbe21763867890544,2839.44,Budget
AIDA64 5 Inch IPS Type-C Secondary Screen Computer LCD Monitor Display USB Dynamic Display Sub-Screen Support Vertical Freely,38.7,4.823279220779221,0.0,https://www.banggood.com/AIDA64-5-Inch-IPS-Type-C-Secondary-Screen-Computer-LCD-Monitor-Display-USB-Dynamic-Display-Sub-Screen-Support-Vertical-Freely-p-1983651.html?cur_warehouse=CN&ID=6287830&rmmds=CategoryElectronicsPop&trace_id=cbe21763867890544,10923.08,Premium
2.1-inch Water-cooled IPS USB Secondary Screen Built-in Screen Monitor Computer Status 360-degree Rotation 480×480 LCD Display CPU GPU RAM HDD Monitoring Device,34.83,5.0,2.0,https://www.banggood.com/2_1-inch-Water-cooled-IPS-USB-Secondary-Screen-Built-in-Screen-Monitor-Computer-Status-360-degree-Rotation-480480-LCD-Display-CPU-GPU-RAM-HDD-Monitoring-Device-p-1983934.html?cur_warehouse=CN&ID=6287845&rmmds=CategoryElectronicsPop&trace_id=cbe21763867890544,9830.77,Premium
4.3 inch QLED Display Capacitive Touch Screen MIPI DSI Interface 800×480 for Raspberry Pi 4B / 3B+/ 3A+/ 3B,35.6,4.823279220779221,0.0,https://www.banggood.com/4_3-inch-QLED-Display-Capacitive-Touch-Screen-MIPI-DSI-Interface-800480-for-Raspberry-Pi-4B-or-3B+-or-3A+-or-3B-p-1992911.html?cur_warehouse=CN&rmmds=CategoryElectronicsPop&trace_id=cbe21763867890544,10048.1,Premium
ESP32-S3 Capacitive Touch Development Board with 4.3 inch LCD Screen LVGL Programming WiFi & Bluetooth,36.38,5.0,1.0,https://www.banggood.com/ESP32-S3-Capacitive-Touch-Development-Board-with-4_3-inch-LCD-Screen-LVGL-Programming-WiFi-and-Bluetooth-p-2022092.html?cur_warehouse=CN&ID=6301305&rmmds=CategoryElectronicsPop&trace_id=cbe21763867890544,10268.26,Premium
3Pcs Geekcreit® 0.96 Inch White OLED I2C IIC Communication Display 128*64 LCD Module Geekcreit for Arduiino - products that work with official Arduiino boards,9.75,4.823279220779221,0.0,https://www.banggood.com/3Pcs-Geekcreit-0_96-Inch-White-OLED-I2C-IIC-Communication-Display-128+64-LCD-Module-Geekcreit-for-Arduiino-products-that-work-with-official-Arduiino-boards-p-2029189.html?cur_warehouse=CN&rmmds=CategoryElectronicsPop&trace_id=cbe21763867890544,2751.94,Budget
5Pcs Geekcreit® 0.96 Inch White OLED I2C IIC Communication Display 128*64 LCD Module Geekcreit for Arduiino - products that work with official Arduiino boards,13.15,4.823279220779221,0.0,https://www.banggood.com/5Pcs-Geekcreit-0_96-Inch-White-OLED-I2C-IIC-Communication-Display-128+64-LCD-Module-Geekcreit-for-Arduiino-products-that-work-with-official-Arduiino-boards-p-2029190.html?cur_warehouse=CN&rmmds=CategoryElectronicsPop&trace_id=cbe21763867890544,3711.59,Mid-range
1.69inch LCD Touch Screen Display 240×280 ST7789 for Raspberry Pi /ESP32S3 /Pico /STM32,16.25,4.823279220779221,0.0,https://www.banggood.com/1_69inch-LCD-Touch-Screen-Display-240280-ST7789-for-Raspberry-Pi-or-ESP32S3-or-Pico-or-STM32-p-2014226.html?cur_warehouse=CN&rmmds=CategoryElectronicsPop&trace_id=cbe21763867890544,4586.56,Mid-range
8.8 Inch Capacitive Touch Monitor Temperature Monitoring Long Strip Screen 480x1920 AIDA64 for Windows Linux Raspberry Pi,72.16,4.823279220779221,0.0,https://www.banggood.com/8_8-Inch-Capacitive-Touch-Monitor-Temperature-Monitoring-Long-Strip-Screen-480x1920-AIDA64-for-Windows-Linux-Raspberry-Pi-p-2004372.html?cur_warehouse=CN&ID=5574016287830&rmmds=CategoryElectronicsPop&trace_id=cbe21763867890544,20367.16,Premium
JK-B2A8S20P Smart BMS 4S 5S 6S 7S 8S 12V 24V Battery with 2A Active Balancing and Heat Function,64.28,5.0,12.0,https://www.banggood.com/JK-B2A8S20P-Smart-BMS-4S-5S-6S-7S-8S-12V-24V-Battery-with-2A-Active-Balancing-and-Heat-Function-p-1998934.html?cur_warehouse=CN&ID=6324306&rmmds=CategoryElectronicsPop&trace_id=96bb1763867913780,18143.03,Premium
JIKONG BMS Battery Protection Board with 6 Interfaces RS485/CAN/Display/Heat/NTC Smart Active Balance BMS 40A 60A 80A 100A 200A 300A Lifepo4 Li-Ion Lto 18650 Battery BMS,34.06,5.0,6.0,https://www.banggood.com/JIKONG-BMS-Battery-Protection-Board-with-6-Interfaces-RS485-or-CAN-or-Display-or-Heat-or-NTC-Smart-Active-Balance-BMS-40A-60A-80A-100A-200A-300A-Lifepo4-Li-Ion-Lto-18650-Battery-BMS-p-2024037.html?cur_warehouse=CN&ID=6329738&rmmds=CategoryElectronicsPop&trace_id=96bb1763867913780,9613.44,Premium
DALY Bluetooth WiFi+BT Module APP Control Accessories for Lithium Battery Protection Board,9.75,4.62,13.0,https://www.banggood.com/DALY-Bluetooth-WiFi+BT-Module-APP-Control-Accessories-for-Lithium-Battery-Protection-Board-p-2015635.html?cur_warehouse=CN&ID=6327101&rmmds=CategoryElectronicsPop&trace_id=96bb1763867913780,2751.94,Budget
21700 Battery Storage Box 4 Slots DIY Power Bank Box for 21700 Charger Dual USB Output Type-C Input Battery Holder Case,8.51,5.0,5.0,https://www.banggood.com/21700-Battery-Storage-Box-4-Slots-DIY-Power-Bank-Box-for-21700-Charger-Dual-USB-Output-Type-C-Input-Battery-Holder-Case-p-2020446.html?cur_warehouse=CN&ID=6287844&rmmds=CategoryElectronicsPop&trace_id=96bb1763867913780,2401.95,Budget
DALY Smart BMS Active Balance WiFi BMS Built-in bluetooth+RS485+CAN CANBUS BMS 4S-24S 150A/200A for Lifepo4 Li-ion Battery,82.05,4.823279220779221,0.0,https://www.banggood.com/DALY-Smart-BMS-Active-Balance-WiFi-BMS-Built-in-bluetooth+RS485+CAN-CANBUS-BMS-4S-24S-150A-or-200A-for-Lifepo4-Li-ion-Battery-p-2027435.html?cur_warehouse=CN&ID=6330625&rmmds=CategoryElectronicsPop&trace_id=96bb1763867913780,23158.61,Premium
Active Equalizer Balancer 5A 4S/8S Ternary Lithium Iron Lithium Titanate 5mv Precision Active Balancing Energy Transfer Device Lipo/Lifepo4/LTO Battery Energy Capacitor,10.68,4.91,11.0,https://www.banggood.com/Active-Equalizer-Balancer-5A-4S-or-8S-Ternary-Lithium-Iron-Lithium-Titanate-5mv-Precision-Active-Balancing-Energy-Transfer-Device-Lipo-or-Lifepo4-or-LTO-Battery-Energy-Capacitor-p-2001141.html?cur_warehouse=CN&ID=6307103&rmmds=CategoryElectronicsPop&trace_id=96bb1763867913780,3014.43,Mid-range
LiitoKala 4S 12V 100A BMS LiFePO4 Battery Protection Board Balanced Charging Lithium Iron Phosphate Battery Management System,12.84,5.0,6.0,https://www.banggood.com/LiitoKala-4S-12V-100A-BMS-LiFePO4-Battery-Protection-Board-Balanced-Charging-Lithium-Iron-Phosphate-Battery-Management-System-p-2020326.html?cur_warehouse=CN&ID=6307103&rmmds=CategoryElectronicsPop&trace_id=96bb1763867913780,3624.09,Mid-range
Daly BMS Smart Board Ternary Lithium Battery Protection Board with Balance+Bluetooth+RS485+CAN K-type 3~24 series with Parallel Module,37.15,5.0,2.0,https://www.banggood.com/Daly-BMS-Smart-Board-Ternary-Lithium-Battery-Protection-Board-with-Balance+Bluetooth+RS485+CAN-K-type-3~24-series-with-Parallel-Module-p-2017325.html?cur_warehouse=CN&ID=6327491&rmmds=CategoryElectronicsPop&trace_id=96bb1763867913780,10485.59,Premium
DC 24V 15A 6S PCB BMS Protection Board For Solar 18650 Li-ion Lithium Battery Module With Cell,3.86,5.0,2.0,https://www.banggood.com/DC-24V-15A-6S-PCB-BMS-Protection-Board-For-Solar-18650-Li-ion-Lithium-Battery-Module-With-Cell-p-1987940.html?cur_warehouse=CN&rmmds=CategoryElectronicsPop&trace_id=96bb1763867913780,1089.48,Budget
3A 4S 6S 8S Active Equalizer Balancer Lifepo4 Lipo LTO Battery Energy Capacitor Lithium Battery Power Management Enhanced Battery Life,9.05,4.67,3.0,https://www.banggood.com/3A-4S-6S-8S-Active-Equalizer-Balancer-Lifepo4-Lipo-LTO-Battery-Energy-Capacitor-Lithium-Battery-Power-Management-Enhanced-Battery-Life-p-2019951.html?cur_warehouse=CN&ID=6307103&rmmds=CategoryElectronicsPop&trace_id=96bb1763867913780,2554.36,Budget
DALY BMS S-type Smart LiFePO4 Battery Protection Board with bluetooth RS485 CAN Built-in Parallel Module High Current Resistance Waterproof Efficient Temperature Control,91.96,5.0,1.0,https://www.banggood.com/DALY-BMS-S-type-Smart-LiFePO4-Battery-Protection-Board-with-bluetooth-RS485-CAN-Built-in-Parallel-Module-High-Current-Resistance-Waterproof-Efficient-Temperature-Control-p-2025726.html?cur_warehouse=CN&ID=6330268&rmmds=CategoryElectronicsPop&trace_id=96bb1763867913780,25955.71,Premium
2S 5A Li-ion Lithium Battery 7.4V 8.4V 18650 Charger Protection Board BMS  for Li-ion Lipo Battery,3.86,4.79,42.0,https://www.banggood.com/2S-5A-Li-ion-Lithium-Battery-7_4V-8_4V-18650-Charger-Protection-Board-BMS-for-Li-ion-Lipo-Battery-p-1538121.html?cur_warehouse=CN&rmmds=CategoryElectronicsPop&trace_id=96bb1763867913780,1089.48,Budget
Smart BMS 1A 2A 6A Balance Current 8S 17S 20S 24S JK BMS CAN 60A 80A 100A 150A 200A 600A Lifepo4 Li-Ion Battery Protection Board bluetooth APP,46.44,4.75,118.0,https://www.banggood.com/Smart-BMS-1A-2A-6A-Balance-Current-8S-17S-20S-24S-JK-BMS-CAN-60A-80A-100A-150A-200A-600A-Lifepo4-Li-Ion-Battery-Protection-Board-bluetooth-APP-p-1936722.html?cur_warehouse=CN&ID=6318365&rmmds=CategoryElectronicsPop&trace_id=96bb1763867913780,13107.69,Premium
4S 40A Li-ion Lithium Battery 18650 Charger PCB BMS Protection Board with Balance For Drill Motor 14.8V 16.8V Lipo Cell Module,4.64,4.94,209.0,https://www.banggood.com/4S-40A-Li-ion-Lithium-Battery-18650-Charger-PCB-BMS-Protection-Board-with-Balance-For-Drill-Motor-14_8V-16_8V-Lipo-Cell-Module-p-1405559.html?cur_warehouse=CN&rmmds=CategoryElectronicsPop&trace_id=96bb1763867913780,1309.64,Budget
DC 14.8V / 16.8V 20A 4S Lithium Battery Protection Board BMS PCM Module For 18650 Lithium LicoO2 / Limn2O4 Short Circuit Protection,3.09,4.86,72.0,https://www.banggood.com/DC-14_8V-or-16_8V-20A-4S-Lithium-Battery-Protection-Board-BMS-PCM-Module-For-18650-Lithium-LicoO2-or-Limn2O4-Short-Circuit-Protection-p-1321338.html?cur_warehouse=CN&rmmds=CategoryElectronicsPop&trace_id=96bb1763867913780,872.15,Budget
HC01 HC02 Battery Balancer Lead Acid Battery Equalizer Charger Regulators Controller with LED Digital Dispaly 24V 48V,18.57,4.88,118.0,https://www.banggood.com/HC01-HC02-Battery-Balancer-Lead-Acid-Battery-Equalizer-Charger-Regulators-Controller-with-LED-Digital-Dispaly-24V-48V-p-1937879.html?cur_warehouse=CN&ID=6318500&rmmds=CategoryElectronicsPop&trace_id=96bb1763867913780,5241.38,Mid-range
3S BMS 25A 12.6V 4S 16.8V 5S 21V 18650 Li-ion Lithium Battery Protection Board Circuit Charging Module PCM Polymer Lipo Cell PCB,5.41,4.84,116.0,https://www.banggood.com/3S-BMS-25A-12_6V-4S-16_8V-5S-21V-18650-Li-ion-Lithium-Battery-Protection-Board-Circuit-Charging-Module-PCM-Polymer-Lipo-Cell-PCB-p-1538491.html?cur_warehouse=CN&rmmds=CategoryElectronicsPop&trace_id=96bb1763867913780,1526.97,Budget
3S/4S/5S High Current Ternary Polymer Lithium Battery Protection Board 20A 40A,4.64,5.0,22.0,https://www.banggood.com/3S-or-4S-or-5S-High-Current-Ternary-Polymer-Lithium-Battery-Protection-Board-20A-40A-p-1794892.html?cur_warehouse=CN&ID=6307104&rmmds=CategoryElectronicsPop&trace_id=96bb1763867913780,1309.64,Budget
3PCS BMS 3S 40A 18650 Lithium Battery Charger Protection Board 11.1V 12.6V PCB for Drill Motor with Balance,6.19,5.0,16.0,https://www.banggood.com/3PCS-BMS-3S-40A-18650-Lithium-Battery-Charger-Protection-Board-11_1V-12_6V-PCB-for-Drill-Motor-with-Balance-p-1902195.html?cur_warehouse=CN&rmmds=CategoryElectronicsPop&trace_id=96bb1763867913780,1747.13,Budget
5PCS BMS 3S 40A 18650 Lithium Battery Charger Protection Board 11.1V 12.6V PCB for Drill Motor with Balance,10.06,5.0,13.0,https://www.banggood.com/5PCS-BMS-3S-40A-18650-Lithium-Battery-Charger-Protection-Board-11_1V-12_6V-PCB-for-Drill-Motor-with-Balance-p-1902197.html?cur_warehouse=CN&rmmds=CategoryElectronicsPop&trace_id=96bb1763867913780,2839.44,Budget
3Pcs Micro USB 5V Lithium Battery Charger Boost Protection Board Li-Po Li-ion 18650 Power Bank Charger Board DIY,5.02,4.75,4.0,https://www.banggood.com/3Pcs-Micro-USB-5V-Lithium-Battery-Charger-Boost-Protection-Board-Li-Po-Li-ion-18650-Power-Bank-Charger-Board-DIY-p-1876918.html?cur_warehouse=CN&rmmds=CategoryElectronicsPop&trace_id=96bb1763867913780,1416.9,Budget
5Pcs Micro USB 5V Lithium Battery Charger Boost Protection Board Li-Po Li-ion 18650 Power Bank Charger Board DIY,5.41,4.5,2.0,https://www.banggood.com/5Pcs-Micro-USB-5V-Lithium-Battery-Charger-Boost-Protection-Board-Li-Po-Li-ion-18650-Power-Bank-Charger-Board-DIY-p-1876919.html?cur_warehouse=CN&rmmds=CategoryElectronicsPop&trace_id=96bb1763867913780,1526.97,Budget
YX-850 5V-48V Power Failure Automatic Switching Backup Battery Lithium Battery Module Emergency Converter,5.41,5.0,2.0,https://www.banggood.com/YX-850-5V-48V-Power-Failure-Automatic-Switching-Backup-Battery-Lithium-Battery-Module-Emergency-Converter-p-1985619.html?cur_warehouse=CN&rmmds=CategoryElectronicsPop&trace_id=96bb1763867913780,1526.97,Budget
AOQDQDQD XH-M604 6-60V Battery Charger Control Module with Digital Full Charge Overcharge Protection Switch,4.64,5.0,6.0,https://www.banggood.com/AOQDQDQD-XH-M604-6-60V-Battery-Charger-Control-Module-with-Digital-Full-Charge-Overcharge-Protection-Switch-p-1988673.html?cur_warehouse=CN&rmmds=CategoryElectronicsPop&trace_id=96bb1763867913780,1309.64,Budget
10S 36V 15A Lithium Battery Protection Module Board,6.96,5.0,1.0,https://www.banggood.com/10S-36V-15A-Lithium-Battery-Protection-Module-Board-p-1990768.html?cur_warehouse=CN&rmmds=CategoryElectronicsPop&trace_id=96bb1763867913780,1964.46,Budget
5Pcs 5S High Current Ternary Polymer Lithium Battery Protection Board 20A 40A,13.93,5.0,2.0,https://www.banggood.com/5Pcs-5S-High-Current-Ternary-Polymer-Lithium-Battery-Protection-Board-20A-40A-p-1837125.html?cur_warehouse=CN&rmmds=CategoryElectronicsPop&trace_id=96bb1763867913780,3931.74,Mid-range
3Pcs 5S High Current Ternary Polymer Lithium Battery Protection Board 20A 40A,10.06,5.0,1.0,https://www.banggood.com/3Pcs-5S-High-Current-Ternary-Polymer-Lithium-Battery-Protection-Board-20A-40A-p-1837129.html?cur_warehouse=CN&rmmds=CategoryElectronicsPop&trace_id=96bb1763867913780,2839.44,Budget
BMS 3S 40A 18650 Lithium Battery Charger Protection Board 11.1V 12.6V PCB for Drill Motor with Balance,3.86,4.99,109.0,https://www.banggood.com/BMS-3S-40A-18650-Lithium-Battery-Charger-Protection-Board-11_1V-12_6V-PCB-for-Drill-Motor-with-Balance-p-1863859.html?cur_warehouse=CN&ID=522225&rmmds=CategoryElectronicsPop&trace_id=96bb1763867913780,1089.48,Budget
Micro USB 5V Lithium Battery Charger Boost Protection Board Li-Po Li-ion 18650 Power Bank Charger Board DIY,3.09,4.93,14.0,https://www.banggood.com/Micro-USB-5V-Lithium-Battery-Charger-Boost-Protection-Board-Li-Po-Li-ion-18650-Power-Bank-Charger-Board-DIY-p-1870247.html?cur_warehouse=CN&rmmds=CategoryElectronicsPop&trace_id=96bb1763867913780,872.15,Budget
Ternary Lithium Battery Protection H-type 3S-16S 40A60A Li-ion 4.2V Portable Mobile Power Solar with Balance+Bluetooth+RS485+CAN Street Light Battery Protection Board,30.96,4.823279220779221,0.0,https://www.banggood.com/Ternary-Lithium-Battery-Protection-H-type-3S-16S-40A60A-Li-ion-4_2V-Portable-Mobile-Power-Solar-with-Balance+Bluetooth+RS485+CAN-Street-Light-Battery-Protection-Board-p-2017314.html?cur_warehouse=CN&ID=6327494&rmmds=CategoryElectronicsPop&trace_id=96bb1763867913780,8738.46,Premium
ADF4351 Development Board RF Signal Source Phase Locked Loop 35M-4400M RF Signal Generation Module,13.93,5.0,6.0,https://www.banggood.com/ADF4351-Development-Board-RF-Signal-Source-Phase-Locked-Loop-35M-4400M-RF-Signal-Generation-Module-p-2008353.html?cur_warehouse=CN&rmmds=CategoryElectronicsPop&trace_id=42851763867938717,3931.74,Mid-range
50K-500MHz Wideband Active Small Magnetic Loop Antenna LZ1AQ Amplifier HF AM FM VHF UHF SDR Receiver Radio,30.18,4.74,42.0,https://www.banggood.com/50K-500MHz-Wideband-Active-Small-Magnetic-Loop-Antenna-LZ1AQ-Amplifier-HF-AM-FM-VHF-UHF-SDR-Receiver-Radio-p-2000500.html?cur_warehouse=CN&rmmds=CategoryElectronicsPop&trace_id=42851763867938717,8518.3,Premium
Signal Amplifier 100k-6GHz Full Band Low Noise 9037BAT-LNA RF Amplifier High Linearity Ultra-Low Noise Gain Block Amplifier,10.06,4.89,27.0,https://www.banggood.com/Signal-Amplifier-100k-6GHz-Full-Band-Low-Noise-9037BAT-LNA-RF-Amplifier-High-Linearity-Ultra-Low-Noise-Gain-Block-Amplifier-p-2012844.html?cur_warehouse=CN&rmmds=CategoryElectronicsPop&trace_id=42851763867938717,2839.44,Budget
ATS-25X2 Full-band Radio with Spectrum Scanning DSP Receiver Network WiFi Configuration ATS25 ATS25X2,52.59,4.82,11.0,https://www.banggood.com/ATS-25X2-Full-band-Radio-with-Spectrum-Scanning-DSP-Receiver-Network-WiFi-Configuration-ATS25-ATS25X2-p-2024827.html?cur_warehouse=CN&ID=6287830&rmmds=CategoryElectronicsPop&trace_id=42851763867938717,14843.53,Premium
High Impedance Amplifier for SDR Walkie Talkie Small Loop Antenna HackRF One Donut Antenna,10.77,4.97,35.0,https://www.banggood.com/High-Impedance-Amplifier-for-SDR-Walkie-Talkie-Small-Loop-Antenna-HackRF-One-Donut-Antenna-p-1997436.html?cur_warehouse=CN&ID=6287830&rmmds=CategoryElectronicsPop&trace_id=42851763867938717,3039.83,Mid-range
Log Periodic UWB Antenna 1300MHz-10GHz Widebands Circuit Board 50ohm for UWB 6-9dB,9.05,5.0,2.0,https://www.banggood.com/Log-Periodic-UWB-Antenna-1300MHz-10GHz-Widebands-Circuit-Board-50ohm-for-UWB-6-9dB-p-2017429.html?cur_warehouse=CN&rmmds=CategoryElectronicsPop&trace_id=42851763867938717,2554.36,Budget
Active RF Isolation Distributor Suitable for RF Signal Radio Antenna SDR GPSDO Signal Source,18.18,4.66,38.0,https://www.banggood.com/Active-RF-Isolation-Distributor-Suitable-for-RF-Signal-Radio-Antenna-SDR-GPSDO-Signal-Source-p-1999743.html?cur_warehouse=CN&rmmds=CategoryElectronicsPop&trace_id=42851763867938717,5131.3,Mid-range
2.4GHz Microwave RF Power Amplifier Module 10W Output 40dB Gain High-Frequency Amplifier Board for Wireless Communication Systems,26.31,5.0,5.0,https://www.banggood.com/2_4GHz-Microwave-RF-Power-Amplifier-Module-10W-Output-40dB-Gain-High-Frequency-Amplifier-Board-for-Wireless-Communication-Systems-p-2024404.html?cur_warehouse=CN&ID=6329856&rmmds=CategoryElectronicsPop&trace_id=42851763867938717,7426.0,Premium
100K-6GHz Full Band Low Noise Amplifier 20dB High Gain Power Preamplifier LNA Module for RF & Software Defined Radio SDR,13.93,5.0,4.0,https://www.banggood.com/100K-6GHz-Full-Band-Low-Noise-Amplifier-20dB-High-Gain-Power-Preamplifier-LNA-Module-for-RF-and-Software-Defined-Radio-SDR-p-2016484.html?cur_warehouse=CN&rmmds=CategoryElectronicsPop&trace_id=42851763867938717,3931.74,Mid-range
Donut AM MW/SW Mini Loop Antenna+High Resistance Amplifier Kit for HFDY Malahiteam DSP DSP2 Receiver HF Middle Wave,22.22,4.76,29.0,https://www.banggood.com/Donut-AM-MW-or-SW-Mini-Loop-Antenna+High-Resistance-Amplifier-Kit-for-HFDY-Malahiteam-DSP-DSP2-Receiver-HF-Middle-Wave-p-1997437.html?cur_warehouse=CN&rmmds=CategoryElectronicsPop&trace_id=42851763867938717,6271.59,Premium
RF Fixed Attenuator SMA Double Female Head Radio Frequency Fixed Attenuator Module Board DC-4.0GHz,6.57,5.0,1.0,https://www.banggood.com/RF-Fixed-Attenuator-SMA-Double-Female-Head-Radio-Frequency-Fixed-Attenuator-Module-Board-DC-4_0GHz-p-2010989.html?cur_warehouse=CN&rmmds=CategoryElectronicsPop&trace_id=42851763867938717,1854.38,Budget
1250MHz RF Power Amplifier 1200-1320MHz 15W Output 40dB Gain SMA Female Connector for Wireless Communication Systems,28.64,5.0,1.0,https://www.banggood.com/1250MHz-RF-Power-Amplifier-1200-1320MHz-15W-Output-40dB-Gain-SMA-Female-Connector-for-Wireless-Communication-Systems-p-2024357.html?cur_warehouse=CN&ID=6329855&rmmds=CategoryElectronicsPop&trace_id=42851763867938717,8083.64,Premium
9KHz-3GHz Near-field Magnetic Field Probe EMC EMI Kit for Conducted Radiation Consumer Electronics Accessories,8.72,4.92,51.0,https://www.banggood.com/9KHz-3GHz-Near-field-Magnetic-Field-Probe-EMC-EMI-Kit-for-Conducted-Radiation-Consumer-Electronics-Accessories-p-1881618.html?cur_warehouse=CN&rmmds=CategoryElectronicsPop&trace_id=42851763867938717,2461.22,Budget
0.05-4GHz Ultra-low Noise NF=0.6dB High Linearity Broadband Amplifier LNA Input -110dBm,6.96,5.0,16.0,https://www.banggood.com/0_05-4GHz-Ultra-low-Noise-NF0_6dB-High-Linearity-Broadband-Amplifier-LNA-Input-110dBm-p-1855830.html?cur_warehouse=CN&ID=6293134&rmmds=CategoryElectronicsPop&trace_id=42851763867938717,1964.46,Budget
DC-4.0GHz Radio Frequency Fixed Attenuator RF Amplifier Module,5.98,4.93,41.0,https://www.banggood.com/DC-4_0GHz-Radio-Frequency-Fixed-Attenuator-RF-Amplifier-Module-p-1892739.html?cur_warehouse=CN&rmmds=CategoryElectronicsPop&trace_id=42851763867938717,1687.86,Budget
5W 3-28MHz Z-QRP Manual Antenna Tuner for Amateur Radio 25 to 2500 Ohms Portable Amateur Radio Accessory,28.64,4.823279220779221,0.0,https://www.banggood.com/5W-3-28MHz-Z-QRP-Manual-Antenna-Tuner-for-Amateur-Radio-25-to-2500-Ohms-Portable-Amateur-Radio-Accessory-p-2044169.html?cur_warehouse=CN&ID=6287832&rmmds=CategoryElectronicsPop&trace_id=42851763867938717,8083.64,Premium
GPS GLONASS BeiDou Galileo Signal Splitter 1x4 Power Splitter Wide Frequency Range 1.4-1.6 GHz SMA Connector Low Loss High Isolation,8.51,4.823279220779221,0.0,https://www.banggood.com/GPS-GLONASS-BeiDou-Galileo-Signal-Splitter-1x4-Power-Splitter-Wide-Frequency-Range-1_4-1_6-GHz-SMA-Connector-Low-Loss-High-Isolation-p-2042378.html?cur_warehouse=CN&ID=6287830&rmmds=CategoryElectronicsPop&trace_id=42851763867938717,2401.95,Budget
High Flatness Amplifier 10M-6GHz Gain 20/30/40DB RF Signal Driving or Receiving Front End,12.38,5.0,2.0,https://www.banggood.com/High-Flatness-Amplifier-10M-6GHz-Gain-20-or-30-or-40DB-RF-Signal-Driving-or-Receiving-Front-End-p-1986917.html?cur_warehouse=CN&ID=6308025&rmmds=CategoryElectronicsPop&trace_id=42851763867938717,3494.26,Mid-range
AD8362 RF Microwave True Power Tester Rate Input Logarithmic Test RF Amplifier Module,11.6,4.823279220779221,0.0,https://www.banggood.com/AD8362-RF-Microwave-True-Power-Tester-Rate-Input-Logarithmic-Test-RF-Amplifier-Module-p-1988716.html?cur_warehouse=CN&rmmds=CategoryElectronicsPop&trace_id=42851763867938717,3274.1,Mid-range
DC 5V Type-C/Micro USB Schumann Waves Ultra-Low Frequency Pulse Generator Sleep Improver Circular Schumann Waves Generator,8.2,5.0,5.0,https://www.banggood.com/DC-5V-Type-C-or-Micro-USB-Schumann-Waves-Ultra-Low-Frequency-Pulse-Generator-Sleep-Improver-Circular-Schumann-Waves-Generator-p-1990779.html?cur_warehouse=CN&rmmds=CategoryElectronicsPop&trace_id=42851763867938717,2314.45,Budget
1.42GHz 1420MHz RF Power Amplifier Module 15W Output 40dB Gain CNC Cavity Microwave Amplifier Module for High-Frequency Applications,28.64,4.823279220779221,0.0,https://www.banggood.com/1_42GHz-1420MHz-RF-Power-Amplifier-Module-15W-Output-40dB-Gain-CNC-Cavity-Microwave-Amplifier-Module-for-High-Frequency-Applications-p-2024405.html?cur_warehouse=CN&ID=6329854&rmmds=CategoryElectronicsPop&trace_id=42851763867938717,8083.64,Premium
AL-346 K4 Hand Key Exerciser Morse Code Practice Oscillator 35x17mm Compact Design Energy-Saving HAM Radio 3.5mm Plug,8.2,5.0,1.0,https://www.banggood.com/AL-346-K4-Hand-Key-Exerciser-Morse-Code-Practice-Oscillator-35x17mm-Compact-Design-Energy-Saving-HAM-Radio-3_5mm-Plug-p-2024410.html?cur_warehouse=CN&ID=6287837&rmmds=CategoryElectronicsPop&trace_id=42851763867938717,2314.45,Budget
AISANRAY RF Power Amplifier 600-1100MHz 30dB Gain 8W Output 24-28V SMA-K Interface Active Air Cooling Compact Design for Enhanced Signal Boost,59.09,4.823279220779221,0.0,https://www.banggood.com/AISANRAY-RF-Power-Amplifier-600-1100MHz-30dB-Gain-8W-Output-24-28V-SMA-K-Interface-Active-Air-Cooling-Compact-Design-for-Enhanced-Signal-Boost-p-2029551.html?cur_warehouse=CN&ID=6287837&rmmds=CategoryElectronicsPop&trace_id=42851763867938717,16678.15,Premium
QU-2020 CW Key Automatic Morse Magnetic Adsorption Base Mini Dual Paddle Key Morse Code Keyer for SW Radio,13.93,5.0,2.0,https://www.banggood.com/QU-2020-CW-Key-Automatic-Morse-Magnetic-Adsorption-Base-Mini-Dual-Paddle-Key-Morse-Code-Keyer-for-SW-Radio-p-2017392.html?cur_warehouse=CN&ID=6287830&rmmds=CategoryElectronicsPop&trace_id=42851763867938717,3931.74,Mid-range
4km Wireless Remote Control Transmitter Module Kit Large Power RF 433Mhz Distance 4000 Meters Transmitter for Arduino ARM Launch,8.51,4.823279220779221,0.0,https://www.banggood.com/4km-Wireless-Remote-Control-Transmitter-Module-Kit-Large-Power-RF-433Mhz-Distance-4000-Meters-Transmitter-for-Arduino-ARM-Launch-p-2014393.html?cur_warehouse=CN&rmmds=CategoryElectronicsPop&trace_id=42851763867938717,2401.95,Budget
1.2GHz VRX Notch Filter 868/915 MHz Improves Video Reception for 1.2-1.3GHz Video Receivers in Combination Compatible TBS Cros,6.19,5.0,2.0,https://www.banggood.com/1_2GHz-VRX-Notch-Filter-868-or-915-MHz-Improves-Video-Reception-for-1_2-1_3GHz-Video-Receivers-in-Combination-Compatible-TBS-Cros-p-1993352.html?cur_warehouse=CN&rmmds=CategoryElectronicsPop&trace_id=42851763867938717,1747.13,Budget
1.5 GHz-9 GHz Omnidirectional Antenna SMA Female UWB Antenna UWB Antenna,5.41,5.0,3.0,https://www.banggood.com/1_5-GHz-9-GHz-Omnidirectional-Antenna-SMA-Female-UWB-Antenna-UWB-Antenna-p-1964197.html?cur_warehouse=CN&rmmds=CategoryElectronicsPop&trace_id=42851763867938717,1526.97,Budget
1:2 Shortwave Balun 200W High Power 50 Ohm to 100 Ohm Frequency 1-56MHz Waterproof Antenna Epoxy Plate Stainless Steel Copper Nosepieces Signal Transmission,18.71,4.823279220779221,0.0,https://www.banggood.com/1-2-Shortwave-Balun-200W-High-Power-50-Ohm-to-100-Ohm-Frequency-1-56MHz-Waterproof-Antenna-Epoxy-Plate-Stainless-Steel-Copper-Nosepieces-Signal-Transmission-p-2041723.html?cur_warehouse=CN&ID=6287845&rmmds=CategoryElectronicsPop&trace_id=42851763867938717,5280.9,Mid-range
1:4 Balun 200W Shortwave Antenna Impedance Converter for Winton Antennas 50 ohm to 200 ohm,18.71,4.823279220779221,0.0,https://www.banggood.com/1-4-Balun-200W-Shortwave-Antenna-Impedance-Converter-for-Winton-Antennas-50-ohm-to-200-ohm-p-2041733.html?cur_warehouse=CN&ID=6287845&rmmds=CategoryElectronicsPop&trace_id=42851763867938717,5280.9,Mid-range
1:4 500W Balun Shortwave Communication Antenna Impedance Converter Winton Antenna Design High Frequency Application,21.59,4.823279220779221,0.0,https://www.banggood.com/1-4-500W-Balun-Shortwave-Communication-Antenna-Impedance-Converter-Winton-Antenna-Design-High-Frequency-Application-p-2041734.html?cur_warehouse=CN&ID=6287845&rmmds=CategoryElectronicsPop&trace_id=42851763867938717,6093.78,Premium
PN532 V2.0 NFC RFID Wireless Module V3 User Kits Reader Writer Mode IC S50 Card PCB Attenna I2C IIC SPI HSU,9.28,5.0,2.0,https://www.banggood.com/PN532-V2_0-NFC-RFID-Wireless-Module-V3-User-Kits-Reader-Writer-Mode-IC-S50-Card-PCB-Attenna-I2C-IIC-SPI-HSU-p-2016221.html?cur_warehouse=CN&ID=6310518&rmmds=CategoryElectronicsPop&trace_id=1b741763867962197,2619.28,Budget
LILYGO® T-ETH-Lite Development Board ESP32 ESP32-S3 W5500 Ethernet Module ESP32-S3-WROOM Support TF Expandable Power POE Shield,12.38,4.823279220779221,0.0,https://www.banggood.com/LILYGO-T-ETH-Lite-Development-Board-ESP32-ESP32-S3-W5500-Ethernet-Module-ESP32-S3-WROOM-Support-TF-Expandable-Power-POE-Shield-p-2000000.html?cur_warehouse=CN&ID=6324498&rmmds=CategoryElectronicsPop&trace_id=1b741763867962197,3494.26,Mid-range
WT32-ETH01 ESP32 Wireless Module Ethernet WiFi Bluetooth Development Board Gateway RJ45 Embedded Serial Port,10.06,5.0,2.0,https://www.banggood.com/WT32-ETH01-ESP32-Wireless-Module-Ethernet-WiFi-Bluetooth-Development-Board-Gateway-RJ45-Embedded-Serial-Port-p-2016228.html?cur_warehouse=CN&ID=6327225&rmmds=CategoryElectronicsPop&trace_id=1b741763867962197,2839.44,Budget
for Flipper Zero Wired Network Test Module For Flipper Zero Ethernet Wired Network Module,15.48,4.5,2.0,https://www.banggood.com/For-Flipper-Zero-Wired-Network-Test-Module-For-Flipper-Zero-Ethernet-Wired-Network-Module-p-2011133.html?cur_warehouse=CN&rmmds=CategoryElectronicsPop&trace_id=1b741763867962197,4369.23,Mid-range
Power Over Ethernet Switcher POE Gigabit Networking Switcher 120W Extender 10/100/1000Mbps Networking Switcher,31.67,4.823279220779221,0.0,https://www.banggood.com/Power-Over-Ethernet-Switcher-POE-Gigabit-Networking-Switcher-120W-Extender-10-or-100-or-1000Mbps-Networking-Switcher-p-2022094.html?cur_warehouse=CN&ID=6287830&rmmds=CategoryElectronicsPop&trace_id=1b741763867962197,8938.86,Premium
3.3V RC522 Chip IC Card Induction Module RFID Reader 13.56MHz 10Mbit/s,4.33,4.93,637.0,https://www.banggood.com/3_3V-RC522-Chip-IC-Card-Induction-Module-RFID-Reader-13_56MHz-10Mbit-or-s-p-81067.html?cur_warehouse=CN&rmmds=CategoryElectronicsPop&trace_id=1b741763867962197,1222.14,Budget
MAX7219 Dot Matrix Module Microcontroller LED Module Display Module MAX7219 DIY Kit,4.87,4.8,15.0,https://www.banggood.com/MAX7219-Dot-Matrix-Module-Microcontroller-LED-Module-Display-Module-MAX7219-DIY-Kit-p-1642140.html?cur_warehouse=CN&rmmds=CategoryElectronicsPop&trace_id=1b741763867962197,1374.56,Budget
4Pcs WS2812 LED 5050 RGB 8x8 64 LED Matrix Built-in Full Color Driver Light Development Board for Arduino,12.38,5.0,2.0,https://www.banggood.com/4Pcs-WS2812-LED-5050-RGB-8x8-64-LED-Matrix-Built-in-Full-Color-Driver-Light-Development-Board-for-Arduino-p-2007285.html?cur_warehouse=CN&rmmds=CategoryElectronicsPop&trace_id=1b741763867962197,3494.26,Mid-range
10pcs RGB WS2812B 4Pin Full Color Drive LED Lights CJMCU for Arduinno - products that work with official Arduinno boards,3.86,5.0,1.0,https://www.banggood.com/10pcs-RGB-WS2812B-4Pin-Full-Color-Drive-LED-Lights-CJMCU-for-Arduinno-products-that-work-with-official-Arduinno-boards-p-1987954.html?cur_warehouse=CN&rmmds=CategoryElectronicsPop&trace_id=1b741763867962197,1089.48,Budget
CJMCU 16 Bit WS2812 5050 RGB LED Driver Development Board,5.64,4.5,4.0,https://www.banggood.com/CJMCU-16-Bit-WS2812-5050-RGB-LED-Driver-Development-Board-p-1982857.html?cur_warehouse=CN&rmmds=CategoryElectronicsPop&trace_id=1b741763867962197,1591.89,Budget
7.83Hz Schumann Resonance Ultra-Low Frequency Pulse Wave Generator Audio Resonator With Type-C Cable Adjustable DC,15.04,4.823279220779221,0.0,https://www.banggood.com/7_83Hz-Schumann-Resonance-Ultra-Low-Frequency-Pulse-Wave-Generator-Audio-Resonator-With-Type-C-Cable-Adjustable-DC-p-2032064.html?cur_warehouse=CN&rmmds=CategoryElectronicsPop&trace_id=1b741763867962197,4245.04,Mid-range
8-CH RS485 to Ethernet Serial Server Industrial Isolated Modbus MQTT Gateway 8 Ports Dual NIC PoE Support Rail-Mount Bidirectional Transmission,66.94,4.823279220779221,0.0,https://www.banggood.com/8-CH-RS485-to-Ethernet-Serial-Server-Industrial-Isolated-Modbus-MQTT-Gateway-8-Ports-Dual-NIC-PoE-Support-Rail-Mount-Bidirectional-Transmission-p-2034462.html?cur_warehouse=CN&ID=6332994&rmmds=CategoryElectronicsPop&trace_id=1b741763867962197,18893.81,Premium
433MHz CC1101 RF Module Sub-GHz Signal Transmitting Sniffing Decoding Replay Compatible with M5Stack StickC Plus Bruce Firmware Grove Connection,13.23,4.823279220779221,0.0,https://www.banggood.com/433MHz-CC1101-RF-Module-Sub-GHz-Signal-Transmitting-Sniffing-Decoding-Replay-Compatible-with-M5Stack-StickC-Plus-Bruce-Firmware-Grove-Connection-p-2043754.html?cur_warehouse=CN&ID=6287832&rmmds=CategoryElectronicsPop&trace_id=1b741763867962197,3734.17,Mid-range
FG-100 DDS Function Signal Generator 1Hz-500kHz Frequency Range Portable Waveform Generator 50 Ohm Output Impedance,13.23,4.823279220779221,0.0,https://www.banggood.com/FG-100-DDS-Function-Signal-Generator-1Hz-500kHz-Frequency-Range-Portable-Waveform-Generator-50-Ohm-Output-Impedance-p-2025128.html?cur_warehouse=CN&ID=6287845&rmmds=CategoryElectronicsPop&trace_id=1b741763867962197,3734.17,Mid-range
DC 3.5V-5V 5W Bluetooth 5.4 Mono Amplifier Decoder Board MP3 Player TWS 3.5mm AUX Module Receiver DIY Handmade Speaker,4.87,5.0,2.0,https://www.banggood.com/DC-3_5V-5V-5W-Bluetooth-5_4-Mono-Amplifier-Decoder-Board-MP3-Player-TWS-3_5mm-AUX-Module-Receiver-DIY-Handmade-Speaker-p-2026134.html?cur_warehouse=CN&ID=522225&rmmds=CategoryElectronicsPop&trace_id=1b741763867962197,1374.56,Budget
Sipeed NanoKVM USB Operation and Maintenance Acquisition Card Virtual Keyboard and Mouse Web Control HDMILoop-out Switch for Server/SBCs,44.1,4.823279220779221,0.0,https://www.banggood.com/Sipeed-NanoKVM-USB-Operation-and-Maintenance-Acquisition-Card-Virtual-Keyboard-and-Mouse-Web-Control-HDMILoop-out-Switch-for-Server-or-SBCs-p-2036312.html?cur_warehouse=CN&ID=6333509&rmmds=CategoryElectronicsPop&trace_id=1b741763867962197,12447.22,Premium
10Pcs Geekcreit® DC 5V 3MM x 10MM WS2812B SMD LED Board Built-in IC-WS2812,4.34,4.96,503.0,https://www.banggood.com/10Pcs-Geekcreit-DC-5V-3MM-x-10MM-WS2812B-SMD-LED-Board-Built-in-IC-WS2812-p-958213.html?cur_warehouse=CN&rmmds=CategoryElectronicsPop&trace_id=1b741763867962197,1224.96,Budget
High-Brightness LED Large Size Font RGB Rainbow Color Desktop Digital Tube DIY Alarm Clock Wall Decoration Living Room LED Clock Module Set,13.93,5.0,2.0,https://www.banggood.com/High-Brightness-LED-Large-Size-Font-RGB-Rainbow-Color-Desktop-Digital-Tube-DIY-Alarm-Clock-Wall-Decoration-Living-Room-LED-Clock-Module-Set-p-1977457.html?cur_warehouse=CN&ID=6321622&rmmds=CategoryElectronicsPop&trace_id=1b741763867962197,3931.74,Mid-range
CJMCU 61 Bit WS2812 5050 RGB LED Driver Development Board,6.96,4.96,118.0,https://www.banggood.com/CJMCU-61-Bit-WS2812-5050-RGB-LED-Driver-Development-Board-p-1008123.html?cur_warehouse=CN&rmmds=CategoryElectronicsPop&trace_id=1b741763867962197,1964.46,Budget
WS2812 LED 5050 RGB 8x8 64 LED Matrix Built-in Full Color Driver Light Development Board for Arduino,4.64,4.71,7.0,https://www.banggood.com/WS2812-LED-5050-RGB-8x8-64-LED-Matrix-Built-in-Full-Color-Driver-Light-Development-Board-for-Arduino-p-1990722.html?cur_warehouse=CN&rmmds=CategoryElectronicsPop&trace_id=1b741763867962197,1309.64,Budget
INCERUN Mens Striped Long Sleeve T-Shirt Knitted Solid Color Fashion Big V-neck Tshirt for Male S-5XL,17.8,4.823279220779221,0.0,https://www.banggood.com/INCERUN-Mens-Striped-Long-Sleeve-T-Shirt-Knitted-Solid-Color-Fashion-Big-V-neck-Tshirt-for-Male-S-5XL-p-2021998.html?cur_warehouse=CN&ID=62876366287830&rmmds=CategoryMenClothingPop&trace_id=1a3a1763867984481,5024.05,Mid-range
INCERUN Mens Textured Asymmetrical V-Neck Long-Sleeve Sweater Comfortable Solid Color Casual Fall Winter Top S-5XL,20.12,4.823279220779221,0.0,https://www.banggood.com/INCERUN-Mens-Textured-Asymmetrical-V-Neck-Long-Sleeve-Sweater-Comfortable-Solid-Color-Casual-Fall-Winter-Top-S-5XL-p-2024315.html?cur_warehouse=CN&ID=62876366287837&rmmds=CategoryMenClothingPop&trace_id=1a3a1763867984481,5678.87,Premium
INCERUN Mens Contrast Color Print Half-Zip Long Sleeve Hoodie Sports Stand-up Collar Pullover Hoodies,22.44,4.823279220779221,0.0,https://www.banggood.com/INCERUN-Mens-Contrast-Color-Print-Half-Zip-Long-Sleeve-Hoodie-Sports-Stand-up-Collar-Pullover-Hoodies-p-2025035.html?cur_warehouse=CN&ID=62876386287830&rmmds=CategoryMenClothingPop&trace_id=1a3a1763867984481,6333.69,Premium
INCERUN Mens Textured High Neck Long Sleeve Knitted Sweater Comfortable High Stretch Fall Winter Tops for Male S-5XL,21.67,4.823279220779221,0.0,https://www.banggood.com/INCERUN-Mens-Textured-High-Neck-Long-Sleeve-Knitted-Sweater-Comfortable-High-Stretch-Fall-Winter-Tops-for-Male-S-5XL-p-2024874.html?cur_warehouse=CN&ID=62876366287830&rmmds=CategoryMenClothingPop&trace_id=1a3a1763867984481,6116.36,Premium
INCERUN Mens Color Block Striped Long Sleeve Shirt Loose Fit Lapel Top Casual Male Clothing S-5XL,19.35,4.823279220779221,0.0,https://www.banggood.com/INCERUN-Mens-Color-Block-Striped-Long-Sleeve-Shirt-Loose-Fit-Lapel-Top-Casual-Male-Clothing-S-5XL-p-2024739.html?cur_warehouse=CN&ID=62876226288174&rmmds=CategoryMenClothingPop&trace_id=1a3a1763867984481,5461.54,Mid-range
INCERUN Mens Slogan Graphic Long Sleeve T-Shirt Fashion Print Tshirt Comftable Crew Neck Top for Male Loose Fit Spring Fall,20.89,4.823279220779221,0.0,https://www.banggood.com/INCERUN-Mens-Slogan-Graphic-Long-Sleeve-T-Shirt-Fashion-Print-Tshirt-Comftable-Crew-Neck-Top-for-Male-Loose-Fit-Spring-Fall-p-2024678.html?cur_warehouse=CN&ID=62876366288310&rmmds=CategoryMenClothingPop&trace_id=1a3a1763867984481,5896.2,Premium
INCERUN Mens Floral Print Striped Long Sleeve Shirt Fashion Casual Button Up Lapel Top for Male Loose Fit S-5XL,17.8,4.823279220779221,0.0,https://www.banggood.com/INCERUN-Mens-Floral-Print-Striped-Long-Sleeve-Shirt-Fashion-Casual-Button-Up-Lapel-Top-for-Male-Loose-Fit-S-5XL-p-2024937.html?cur_warehouse=CN&ID=62876366287836&rmmds=CategoryMenClothingPop&trace_id=1a3a1763867984481,5024.05,Mid-range
INCERUN Mens Raw Edge High-Low Hem T-Shirt Solid Color Wide Half Sleeve V-neck Tshirt Casual Top for Male S-5XL,20.12,5.0,1.0,https://www.banggood.com/INCERUN-Mens-Raw-Edge-High-Low-Hem-T-Shirt-Solid-Color-Wide-Half-Sleeve-V-neck-Tshirt-Casual-Top-for-Male-S-5XL-p-2014798.html?cur_warehouse=CN&ID=62876366287830&rmmds=CategoryMenClothingPop&trace_id=1a3a1763867984481,5678.87,Premium
"INCERUN Men's Casual Shirt Solid Color Long Sleeve Lapel Collar Button-Down Daily Shirt with Single Color Stripes, Loose Fit",16.25,5.0,2.0,"https://www.banggood.com/INCERUN-Mens-Casual-Shirt-Solid-Color-Long-Sleeve-Lapel-Collar-Button-Down-Daily-Shirt-with-Single-Color-Stripes,Loose-Fit-p-1997907.html?cur_warehouse=CN&ID=62876366287830&rmmds=CategoryMenClothingPop&trace_id=1a3a1763867984481",4586.56,Mid-range
ChArmkpR Mens T-shirts Japanese Letter Print Curved Hem Casual Short Sleeve Tshirts,7.73,4.0,5.0,https://www.banggood.com/ChArmkpR-Mens-T-shirts-Japanese-Letter-Print-Curved-Hem-Casual-Short-Sleeve-Tshirts-p-1987025.html?cur_warehouse=CN&ID=62876366287841&rmmds=CategoryMenClothingPop&trace_id=1a3a1763867984481,2181.79,Budget
INCERUN Men Tank Top Fashion Simple Solid Color Jumpsuit Vest Male Tanks Sleeveless Summer Streetwear S-5XL,11.6,4.823279220779221,0.0,https://www.banggood.com/INCERUN-Men-Tank-Top-Fashion-Simple-Solid-Color-Jumpsuit-Vest-Male-Tanks-Sleeveless-Summer-Streetwear-S-5XL-p-1982251.html?cur_warehouse=CN&ID=62876246287830&rmmds=CategoryMenClothingPop&trace_id=1a3a1763867984481,3274.1,Mid-range
INCERUN Mens Fashion Solid Color Knitted Elastic Tank Top,13.15,4.823279220779221,0.0,https://www.banggood.com/INCERUN-Mens-Fashion-Solid-Color-Knitted-Elastic-Tank-Top-p-1982412.html?cur_warehouse=CN&ID=62876216287830&rmmds=CategoryMenClothingPop&trace_id=1a3a1763867984481,3711.59,Mid-range
"INCERUN Mens Striped Button Long Sleeve Long Shirt Cotton Linen Baggy Full Length Robe Casual Daily Retro Colorful Striped Robe for Men Plus Size, Spring Fall",19.35,5.0,1.0,"https://www.banggood.com/INCERUN-Mens-Striped-Button-Long-Sleeve-Long-Shirt-Cotton-Linen-Baggy-Full-Length-Robe-Casual-Daily-Retro-Colorful-Striped-Robe-for-Men-Plus-Size,Spring-Fall-p-1788328.html?cur_warehouse=CN&ID=62876366287837&rmmds=CategoryMenClothingPop&trace_id=1a3a1763867984481",5461.54,Mid-range
Mens Solid Stand Collar Chest Pocket Short Sleeve Shirt,14.7,4.823279220779221,0.0,https://www.banggood.com/Mens-Solid-Stand-Collar-Chest-Pocket-Short-Sleeve-Shirt-p-1980533.html?cur_warehouse=CN&ID=62876386287830&rmmds=CategoryMenClothingPop&trace_id=1a3a1763867984481,4149.08,Mid-range
INCERUN Men Jubba Thobe Solid Color Long Sleeve Fashion Thin Robes Kaftan Stand Collar Islamic Arabic Men Caftan S-5XL,20.89,4.823279220779221,0.0,https://www.banggood.com/INCERUN-Men-Jubba-Thobe-Solid-Color-Long-Sleeve-Fashion-Thin-Robes-Kaftan-Stand-Collar-Islamic-Arabic-Men-Caftan-S-5XL-p-1911020.html?cur_warehouse=CN&ID=62876246287830&rmmds=CategoryMenClothingPop&trace_id=1a3a1763867984481,5896.2,Premium
ChArmkpR Mens Ethnic Smile Print Color Block Patchwork Kangaroo Pocket Hoodies,27.09,4.67,3.0,https://www.banggood.com/ChArmkpR-Mens-Ethnic-Smile-Print-Color-Block-Patchwork-Kangaroo-Pocket-Hoodies-p-1995617.html?cur_warehouse=CN&ID=62876386287845&rmmds=CategoryMenClothingPop&trace_id=1a3a1763867984481,7646.15,Premium
INCERUN Mens Shirts Solid Color Long Sleeve Top Shirts Summer Fashion  Stacked Neck Top Shirts Party Male Clothing,16.25,4.823279220779221,0.0,https://www.banggood.com/INCERUN-Mens-Shirts-Solid-Color-Long-Sleeve-Top-Shirts-Summer-Fashion-Stacked-Neck-Top-Shirts-Party-Male-Clothing-p-1996220.html?cur_warehouse=CN&ID=62876366288310&rmmds=CategoryMenClothingPop&trace_id=1a3a1763867984481,4586.56,Mid-range
ChArmkpR Mens Smile Face Print Contrast Patchwork Pullover Sweatshirts,16.25,5.0,1.0,https://www.banggood.com/ChArmkpR-Mens-Smile-Face-Print-Contrast-Patchwork-Pullover-Sweatshirts-p-1996398.html?cur_warehouse=CN&ID=62876366288162&rmmds=CategoryMenClothingPop&trace_id=1a3a1763867984481,4586.56,Mid-range
ChArmkpR Mens Ink Bamboo Print Patchwork Button Up Short Sleeve Shirts,20.89,4.67,3.0,https://www.banggood.com/ChArmkpR-Mens-Ink-Bamboo-Print-Patchwork-Button-Up-Short-Sleeve-Shirts-p-1980631.html?cur_warehouse=CN&ID=62876366287845&rmmds=CategoryMenClothingPop&trace_id=1a3a1763867984481,5896.2,Premium
INCERUN Men Solid Color Short Sleeve T-Shirt Round Neck Loose Fit Men's Tee Summer Casual Daily Mens Top,17.8,4.823279220779221,0.0,https://www.banggood.com/INCERUN-Men-Solid-Color-Short-Sleeve-T-Shirt-Round-Neck-Loose-Fit-Mens-Tee-Summer-Casual-Daily-Mens-Top-p-1983888.html?cur_warehouse=CN&ID=62876366287830&rmmds=CategoryMenClothingPop&trace_id=1a3a1763867984481,5024.05,Mid-range
INCERUN Men Tank Tops Mesh Transparent O-neck Sleeveless Vests Streetwear Summer Breathable Fashion Men Clothing S-5XL,13.15,4.823279220779221,0.0,https://www.banggood.com/INCERUN-Men-Tank-Tops-Mesh-Transparent-O-neck-Sleeveless-Vests-Streetwear-Summer-Breathable-Fashion-Men-Clothing-S-5XL-p-1985705.html?cur_warehouse=CN&ID=62876206287830&rmmds=CategoryMenClothingPop&trace_id=1a3a1763867984481,3711.59,Mid-range
INCERUN Men Tanks Top Blue White Knitted Undershirt with Horizontal Stripes Buckle Back High Stretch Vest for Men,13.93,5.0,1.0,https://www.banggood.com/INCERUN-Men-Tanks-Top-Blue-White-Knitted-Undershirt-with-Horizontal-Stripes-Buckle-Back-High-Stretch-Vest-for-Men-p-1989950.html?cur_warehouse=CN&ID=62876246287845&rmmds=CategoryMenClothingPop&trace_id=1a3a1763867984481,3931.74,Mid-range
Mens Solid Crew Neck Short Sleeve T-Shirt,16.25,4.823279220779221,0.0,https://www.banggood.com/Mens-Solid-Crew-Neck-Short-Sleeve-T-Shirt-p-1990234.html?cur_warehouse=CN&ID=62876386287835&rmmds=CategoryMenClothingPop&trace_id=1a3a1763867984481,4586.56,Mid-range
INCERUN Stylish Men's Color-block Striped Long-sleeve Shirt Fashion Design Lapel Top Large Size Loose Fit Men S-5XL,20.12,4.823279220779221,0.0,https://www.banggood.com/INCERUN-Stylish-Mens-Color-block-Striped-Long-sleeve-Shirt-Fashion-Design-Lapel-Top-Large-Size-Loose-Fit-Men-S-5XL-p-2022323.html?cur_warehouse=CN&ID=62876226287830&rmmds=CategoryMenClothingPop&trace_id=1a3a1763867984481,5678.87,Premium
INCERUN Mens Casual Daily Print Vest Stretch Turtleneck Tank Top for Male,12.38,4.823279220779221,0.0,https://www.banggood.com/INCERUN-Mens-Casual-Daily-Print-Vest-Stretch-Turtleneck-Tank-Top-for-Male-p-2022876.html?cur_warehouse=CN&ID=62876246287845&rmmds=CategoryMenClothingPop&trace_id=1a3a1763867984481,3494.26,Mid-range
INCERUN Mens Windsor Collar Striped Long Sleeve Shirt Comfortable Casual Lapel Top for Male S-5XL,16.25,4.823279220779221,0.0,https://www.banggood.com/INCERUN-Mens-Windsor-Collar-Striped-Long-Sleeve-Shirt-Comfortable-Casual-Lapel-Top-for-Male-S-5XL-p-2023277.html?cur_warehouse=CN&ID=62876366287832&rmmds=CategoryMenClothingPop&trace_id=1a3a1763867984481,4586.56,Mid-range
INCERUN Men's Oversized Knitted Sweater Digital Print Long-Sleeve Crew Neck Top Male Large Size S-5XL,25.54,4.823279220779221,0.0,https://www.banggood.com/INCERUN-Mens-Oversized-Knitted-Sweater-Digital-Print-Long-Sleeve-Crew-Neck-Top-Male-Large-Size-S-5XL-p-2023408.html?cur_warehouse=CN&ID=62876366287830&rmmds=CategoryMenClothingPop&trace_id=1a3a1763867984481,7208.66,Premium
INCERUN Mens Ruched Textured Long-Sleeve T-Shirt Comfortable Quick Dry Crew Neck Top for Male S-5XL,13.93,4.823279220779221,0.0,https://www.banggood.com/INCERUN-Mens-Ruched-Textured-Long-Sleeve-T-Shirt-Comfortable-Quick-Dry-Crew-Neck-Top-for-Male-S-5XL-p-2023489.html?cur_warehouse=CN&ID=62876216287830&rmmds=CategoryMenClothingPop&trace_id=1a3a1763867984481,3931.74,Mid-range
INCERUN Mens Solid Color Double Collar Pullover Sweater Comfortable Stretchy Fabric Casual Top for Male Plus Size S 5XL,22.44,4.823279220779221,0.0,https://www.banggood.com/INCERUN-Mens-Solid-Color-Double-Collar-Pullover-Sweater-Comfortable-Stretchy-Fabric-Casual-Top-for-Male-Plus-Size-S-5XL-p-2023633.html?cur_warehouse=CN&ID=62876386287830&rmmds=CategoryMenClothingPop&trace_id=1a3a1763867984481,6333.69,Premium
INCERUN Mens Color Block Long-Sleeve Pullover Hoodie Casual Comfortable Crew Neck Top for Male S-5XL,19.35,4.823279220779221,0.0,https://www.banggood.com/INCERUN-Mens-Color-Block-Long-Sleeve-Pullover-Hoodie-Casual-Comfortable-Crew-Neck-Top-for-Male-S-5XL-p-2023830.html?cur_warehouse=CN&ID=62876386287830&rmmds=CategoryMenClothingPop&trace_id=1a3a1763867984481,5461.54,Mid-range
INCERUN Mens Color Block Striped Long Sleeve Shirt Loose Fit Lapel Top Casual Male Clothing S-5XL,19.35,4.823279220779221,0.0,https://www.banggood.com/INCERUN-Mens-Color-Block-Striped-Long-Sleeve-Shirt-Loose-Fit-Lapel-Top-Casual-Male-Clothing-S-5XL-p-2024739.html?cur_warehouse=CN&ID=62876226288174&rmmds=CategoryMenClothingPop&trace_id=4fed1763868009616,5461.54,Mid-range
INCERUN Mens Floral Print Striped Long Sleeve Shirt Fashion Casual Button Up Lapel Top for Male Loose Fit S-5XL,17.8,4.823279220779221,0.0,https://www.banggood.com/INCERUN-Mens-Floral-Print-Striped-Long-Sleeve-Shirt-Fashion-Casual-Button-Up-Lapel-Top-for-Male-Loose-Fit-S-5XL-p-2024937.html?cur_warehouse=CN&ID=62876366287836&rmmds=CategoryMenClothingPop&trace_id=4fed1763868009616,5024.05,Mid-range
"INCERUN Men's Casual Shirt Solid Color Long Sleeve Lapel Collar Button-Down Daily Shirt with Single Color Stripes, Loose Fit",16.25,5.0,2.0,"https://www.banggood.com/INCERUN-Mens-Casual-Shirt-Solid-Color-Long-Sleeve-Lapel-Collar-Button-Down-Daily-Shirt-with-Single-Color-Stripes,Loose-Fit-p-1997907.html?cur_warehouse=CN&ID=62876366287830&rmmds=CategoryMenClothingPop&trace_id=4fed1763868009616",4586.56,Mid-range
"INCERUN Mens Striped Button Long Sleeve Long Shirt Cotton Linen Baggy Full Length Robe Casual Daily Retro Colorful Striped Robe for Men Plus Size, Spring Fall",19.35,5.0,1.0,"https://www.banggood.com/INCERUN-Mens-Striped-Button-Long-Sleeve-Long-Shirt-Cotton-Linen-Baggy-Full-Length-Robe-Casual-Daily-Retro-Colorful-Striped-Robe-for-Men-Plus-Size,Spring-Fall-p-1788328.html?cur_warehouse=CN&ID=62876366287837&rmmds=CategoryMenClothingPop&trace_id=4fed1763868009616",5461.54,Mid-range
Mens Solid Stand Collar Chest Pocket Short Sleeve Shirt,14.7,4.823279220779221,0.0,https://www.banggood.com/Mens-Solid-Stand-Collar-Chest-Pocket-Short-Sleeve-Shirt-p-1980533.html?cur_warehouse=CN&ID=62876386287830&rmmds=CategoryMenClothingPop&trace_id=4fed1763868009616,4149.08,Mid-range
INCERUN Men Jubba Thobe Solid Color Long Sleeve Fashion Thin Robes Kaftan Stand Collar Islamic Arabic Men Caftan S-5XL,20.89,4.823279220779221,0.0,https://www.banggood.com/INCERUN-Men-Jubba-Thobe-Solid-Color-Long-Sleeve-Fashion-Thin-Robes-Kaftan-Stand-Collar-Islamic-Arabic-Men-Caftan-S-5XL-p-1911020.html?cur_warehouse=CN&ID=62876246287830&rmmds=CategoryMenClothingPop&trace_id=4fed1763868009616,5896.2,Premium
INCERUN Mens Shirts Solid Color Long Sleeve Top Shirts Summer Fashion  Stacked Neck Top Shirts Party Male Clothing,16.25,4.823279220779221,0.0,https://www.banggood.com/INCERUN-Mens-Shirts-Solid-Color-Long-Sleeve-Top-Shirts-Summer-Fashion-Stacked-Neck-Top-Shirts-Party-Male-Clothing-p-1996220.html?cur_warehouse=CN&ID=62876366288310&rmmds=CategoryMenClothingPop&trace_id=4fed1763868009616,4586.56,Mid-range
ChArmkpR Mens Ink Bamboo Print Patchwork Button Up Short Sleeve Shirts,20.89,4.67,3.0,https://www.banggood.com/ChArmkpR-Mens-Ink-Bamboo-Print-Patchwork-Button-Up-Short-Sleeve-Shirts-p-1980631.html?cur_warehouse=CN&ID=62876366287845&rmmds=CategoryMenClothingPop&trace_id=4fed1763868009616,5896.2,Premium
INCERUN Stylish Men's Color-block Striped Long-sleeve Shirt Fashion Design Lapel Top Large Size Loose Fit Men S-5XL,20.12,4.823279220779221,0.0,https://www.banggood.com/INCERUN-Stylish-Mens-Color-block-Striped-Long-sleeve-Shirt-Fashion-Design-Lapel-Top-Large-Size-Loose-Fit-Men-S-5XL-p-2022323.html?cur_warehouse=CN&ID=62876226287830&rmmds=CategoryMenClothingPop&trace_id=4fed1763868009616,5678.87,Premium
INCERUN Mens Windsor Collar Striped Long Sleeve Shirt Comfortable Casual Lapel Top for Male S-5XL,16.25,4.823279220779221,0.0,https://www.banggood.com/INCERUN-Mens-Windsor-Collar-Striped-Long-Sleeve-Shirt-Comfortable-Casual-Lapel-Top-for-Male-S-5XL-p-2023277.html?cur_warehouse=CN&ID=62876366287832&rmmds=CategoryMenClothingPop&trace_id=4fed1763868009616,4586.56,Mid-range
INCERUN Mens Colorblock Patchwork Long Sleeve Shirt Comfortable Soft Fashion Lapel Top Shirt,19.35,4.823279220779221,0.0,https://www.banggood.com/INCERUN-Mens-Colorblock-Patchwork-Long-Sleeve-Shirt-Comfortable-Soft-Fashion-Lapel-Top-Shirt-p-2025192.html?cur_warehouse=CN&ID=62876226287842&rmmds=CategoryMenClothingPop&trace_id=4fed1763868009616,5461.54,Mid-range
INCERUN Mens Plaid Patchwork Long Sleeve Shirt Fashion Classic Checkered Lace Up Strap Long Shirt for Men,31.73,4.823279220779221,0.0,https://www.banggood.com/INCERUN-Mens-Plaid-Patchwork-Long-Sleeve-Shirt-Fashion-Classic-Checkered-Lace-Up-Strap-Long-Shirt-for-Men-p-2025193.html?cur_warehouse=CN&ID=62876366287842&rmmds=CategoryMenClothingPop&trace_id=4fed1763868009616,8955.79,Premium
INCERUN Mens Textured Patchwork Striped Long Sleeve Shirt Fashion Lapel Men Top Comfortable,16.31,4.823279220779221,0.0,https://www.banggood.com/INCERUN-Mens-Textured-Patchwork-Striped-Long-Sleeve-Shirt-Fashion-Lapel-Men-Top-Comfortable-p-2025521.html?cur_warehouse=CN&ID=62876366287830&rmmds=CategoryMenClothingPop&trace_id=4fed1763868009616,4603.5,Mid-range
INCERUN Mens Textured Patchwork Cropped Short Sleeve Shirt Comfortable Fashion Solid Printed Edge Lapel Top,19.35,4.823279220779221,0.0,https://www.banggood.com/INCERUN-Mens-Textured-Patchwork-Cropped-Short-Sleeve-Shirt-Comfortable-Fashion-Solid-Printed-Edge-Lapel-Top-p-2019838.html?cur_warehouse=CN&ID=62876246287830&rmmds=CategoryMenClothingPop&trace_id=4fed1763868009616,5461.54,Mid-range
INCERUN Mens Shirt Striped Stand Collar Short Sleeve Top Shirts Summer Daily Casual Male Clothing Solid Color Shirts,14.7,5.0,7.0,https://www.banggood.com/INCERUN-Mens-Shirt-Striped-Stand-Collar-Short-Sleeve-Top-Shirts-Summer-Daily-Casual-Male-Clothing-Solid-Color-Shirts-p-2011222.html?cur_warehouse=CN&ID=62876226287839&rmmds=CategoryMenClothingPop&trace_id=4fed1763868009616,4149.08,Mid-range
Mens Solid Patch Pocket Lapel Collar Short Sleeve Shirts,17.02,4.823279220779221,0.0,https://www.banggood.com/Mens-Solid-Patch-Pocket-Lapel-Collar-Short-Sleeve-Shirts-p-2011606.html?cur_warehouse=CN&ID=62876366287845&rmmds=CategoryMenClothingPop&trace_id=4fed1763868009616,4803.89,Mid-range
INCERUN Mens Solid Textured Casual Short Sleeve Shirt Fashion V-neck Lapel Top for Male,16.25,4.823279220779221,0.0,https://www.banggood.com/INCERUN-Mens-Solid-Textured-Casual-Short-Sleeve-Shirt-Fashion-V-neck-Lapel-Top-for-Male-p-2012418.html?cur_warehouse=CN&ID=62876366287830&rmmds=CategoryMenClothingPop&trace_id=4fed1763868009616,4586.56,Mid-range
INCERUN Mens Thin Knitted Fabric Cut-off Short Sleeve Tops Lapel Shirts,14.7,4.823279220779221,0.0,https://www.banggood.com/INCERUN-Mens-Thin-Knitted-Fabric-Cut-off-Short-Sleeve-Tops-Lapel-Shirts-p-2013392.html?cur_warehouse=CN&ID=62876216287845&rmmds=CategoryMenClothingPop&trace_id=4fed1763868009616,4149.08,Mid-range
INCERUN Mens Shirts Fashion Big V-neck Bubble Short Sleeve Top Shirts Summer Fashion Party Top Shirts Male Clothing,13.93,4.823279220779221,0.0,https://www.banggood.com/INCERUN-Mens-Shirts-Fashion-Big-V-neck-Bubble-Short-Sleeve-Top-Shirts-Summer-Fashion-Party-Top-Shirts-Male-Clothing-p-2013797.html?cur_warehouse=CN&ID=62876226288308&rmmds=CategoryMenClothingPop&trace_id=4fed1763868009616,3931.74,Mid-range
"INCERUN Mens Patchwork Mid-Length Loose Long Sleeve Shirt Casual Fashion Design Lapel Top for Men Plus Size, Spring Fall",27.09,4.823279220779221,0.0,"https://www.banggood.com/INCERUN-Mens-Patchwork-Mid-Length-Loose-Long-Sleeve-Shirt-Casual-Fashion-Design-Lapel-Top-for-Men-Plus-Size,Spring-Fall-p-2014809.html?cur_warehouse=CN&ID=62876386287830&rmmds=CategoryMenClothingPop&trace_id=4fed1763868009616",7646.15,Premium
INCERUN Mens Floral Print Lapel Collar Short Sleeve Shirt Casual Daily Button Up Lapel Top FOR Men S-5XL,17.8,4.823279220779221,0.0,https://www.banggood.com/INCERUN-Mens-Floral-Print-Lapel-Collar-Short-Sleeve-Shirt-Casual-Daily-Button-Up-Lapel-Top-FOR-Men-S-5XL-p-2015751.html?cur_warehouse=CN&ID=62876366288310&rmmds=CategoryMenClothingPop&trace_id=4fed1763868009616,5024.05,Mid-range
INCERUN Men Shirts Fashion Check Print Lace Up Lapel Shirt with Side Pocket Top Casual Daily Men Clothing,14.7,4.823279220779221,0.0,https://www.banggood.com/INCERUN-Men-Shirts-Fashion-Check-Print-Lace-Up-Lapel-Shirt-with-Side-Pocket-Top-Casual-Daily-Men-Clothing-p-2006119.html?cur_warehouse=CN&ID=62876206287830&rmmds=CategoryMenClothingPop&trace_id=4fed1763868009616,4149.08,Mid-range
INCERUN Mens Shirt V-neck Waist Long Sleeve Shirt Summer Fashion Solid Color Comfortable Breathable Men Top,15.48,4.823279220779221,0.0,https://www.banggood.com/INCERUN-Mens-Shirt-V-neck-Waist-Long-Sleeve-Shirt-Summer-Fashion-Solid-Color-Comfortable-Breathable-Men-Top-p-2008872.html?cur_warehouse=CN&ID=62876216287830&rmmds=CategoryMenClothingPop&trace_id=4fed1763868009616,4369.23,Mid-range
INCERUN Mens T-shirt Fashion Scooped Long Sleeves Tshirt Thin Mesh See Through Lace Up Design Tee Summer Cool Party Top Male,17.8,4.823279220779221,0.0,https://www.banggood.com/INCERUN-Mens-T-shirt-Fashion-Scooped-Long-Sleeves-Tshirt-Thin-Mesh-See-Through-Lace-Up-Design-Tee-Summer-Cool-Party-Top-Male-p-2009476.html?cur_warehouse=CN&ID=62876206287851&rmmds=CategoryMenClothingPop&trace_id=4fed1763868009616,5024.05,Mid-range
INCERUN Mens Shirt Simple Silky Stacked Collar Shirt Fashion Loose Fit Summer Half Long Sleeve Tops Men,15.48,4.823279220779221,0.0,https://www.banggood.com/INCERUN-Mens-Shirt-Simple-Silky-Stacked-Collar-Shirt-Fashion-Loose-Fit-Summer-Half-Long-Sleeve-Tops-Men-p-1999291.html?cur_warehouse=CN&ID=62876366287830&rmmds=CategoryMenClothingPop&trace_id=4fed1763868009616,4369.23,Mid-range
INCERUN Mens Solid Irregular Neck Long Sleeve Shirt Fashion Casual Solid Color Shirt Top for Men,20.12,4.823279220779221,0.0,https://www.banggood.com/INCERUN-Mens-Solid-Irregular-Neck-Long-Sleeve-Shirt-Fashion-Casual-Solid-Color-Shirt-Top-for-Men-p-2000049.html?cur_warehouse=CN&ID=62876226287830&rmmds=CategoryMenClothingPop&trace_id=4fed1763868009616,5678.87,Premium
INCERUN Men Cotton Linen Half Sleeve Shirt Solid Color Comfy Loose Fit Casual Stand Collar Top for Men Plus Size Spring Fall,20.12,4.823279220779221,0.0,https://www.banggood.com/INCERUN-Men-Cotton-Linen-Half-Sleeve-Shirt-Solid-Color-Comfy-Loose-Fit-Casual-Stand-Collar-Top-for-Men-Plus-Size-Spring-Fall-p-2001090.html?cur_warehouse=CN&ID=62876216287830&rmmds=CategoryMenClothingPop&trace_id=4fed1763868009616,5678.87,Premium
Mens Vintage V Neck Breathable Light Solid Color Mid Long Casual Shirts,17.8,5.0,4.0,https://www.banggood.com/Mens-Vintage-V-Neck-Breathable-Light-Solid-Color-Mid-Long-Casual-Shirts-p-1716957.html?cur_warehouse=CN&ID=62876366288142&rmmds=CategoryMenClothingPop&trace_id=4fed1763868009616,5024.05,Mid-range
Men Solid Color Asymmetric Hem Long Sleeve Lapel Collar Shirt,14.7,4.33,6.0,https://www.banggood.com/Men-Solid-Color-Asymmetric-Hem-Long-Sleeve-Lapel-Collar-Shirt-p-1690910.html?cur_warehouse=CN&ID=62876366287830&rmmds=CategoryMenClothingPop&trace_id=4fed1763868009616,4149.08,Mid-range
Mens Long Sleeve Retro Chinese Shirts V Neck Ethnic Style Loose Tops Shirt,16.25,5.0,2.0,https://www.banggood.com/Mens-Long-Sleeve-Retro-Chinese-Shirts-V-Neck-Ethnic-Style-Loose-Tops-Shirt-p-1690911.html?cur_warehouse=CN&ID=62876366287845&rmmds=CategoryMenClothingPop&trace_id=4fed1763868009616,4586.56,Mid-range
INCERUN Mens Striped Long Sleeve T-Shirt Knitted Solid Color Fashion Big V-neck Tshirt for Male S-5XL,17.8,4.823279220779221,0.0,https://www.banggood.com/INCERUN-Mens-Striped-Long-Sleeve-T-Shirt-Knitted-Solid-Color-Fashion-Big-V-neck-Tshirt-for-Male-S-5XL-p-2021998.html?cur_warehouse=CN&ID=62876366287830&rmmds=CategoryMenClothingPop&trace_id=bbcf1763868033969,5024.05,Mid-range
INCERUN Mens Slogan Graphic Long Sleeve T-Shirt Fashion Print Tshirt Comftable Crew Neck Top for Male Loose Fit Spring Fall,20.89,4.823279220779221,0.0,https://www.banggood.com/INCERUN-Mens-Slogan-Graphic-Long-Sleeve-T-Shirt-Fashion-Print-Tshirt-Comftable-Crew-Neck-Top-for-Male-Loose-Fit-Spring-Fall-p-2024678.html?cur_warehouse=CN&ID=62876366288310&rmmds=CategoryMenClothingPop&trace_id=bbcf1763868033969,5896.2,Premium
INCERUN Mens Raw Edge High-Low Hem T-Shirt Solid Color Wide Half Sleeve V-neck Tshirt Casual Top for Male S-5XL,20.12,5.0,1.0,https://www.banggood.com/INCERUN-Mens-Raw-Edge-High-Low-Hem-T-Shirt-Solid-Color-Wide-Half-Sleeve-V-neck-Tshirt-Casual-Top-for-Male-S-5XL-p-2014798.html?cur_warehouse=CN&ID=62876366287830&rmmds=CategoryMenClothingPop&trace_id=bbcf1763868033969,5678.87,Premium
ChArmkpR Mens T-shirts Japanese Letter Print Curved Hem Casual Short Sleeve Tshirts,7.73,4.0,5.0,https://www.banggood.com/ChArmkpR-Mens-T-shirts-Japanese-Letter-Print-Curved-Hem-Casual-Short-Sleeve-Tshirts-p-1987025.html?cur_warehouse=CN&ID=62876366287841&rmmds=CategoryMenClothingPop&trace_id=bbcf1763868033969,2181.79,Budget
INCERUN Men Solid Color Short Sleeve T-Shirt Round Neck Loose Fit Men's Tee Summer Casual Daily Mens Top,17.8,4.823279220779221,0.0,https://www.banggood.com/INCERUN-Men-Solid-Color-Short-Sleeve-T-Shirt-Round-Neck-Loose-Fit-Mens-Tee-Summer-Casual-Daily-Mens-Top-p-1983888.html?cur_warehouse=CN&ID=62876366287830&rmmds=CategoryMenClothingPop&trace_id=bbcf1763868033969,5024.05,Mid-range
Mens Solid Crew Neck Short Sleeve T-Shirt,16.25,4.823279220779221,0.0,https://www.banggood.com/Mens-Solid-Crew-Neck-Short-Sleeve-T-Shirt-p-1990234.html?cur_warehouse=CN&ID=62876386287835&rmmds=CategoryMenClothingPop&trace_id=bbcf1763868033969,4586.56,Mid-range
INCERUN Mens Ruched Textured Long-Sleeve T-Shirt Comfortable Quick Dry Crew Neck Top for Male S-5XL,13.93,4.823279220779221,0.0,https://www.banggood.com/INCERUN-Mens-Ruched-Textured-Long-Sleeve-T-Shirt-Comfortable-Quick-Dry-Crew-Neck-Top-for-Male-S-5XL-p-2023489.html?cur_warehouse=CN&ID=62876216287830&rmmds=CategoryMenClothingPop&trace_id=bbcf1763868033969,3931.74,Mid-range
INCERUN Mens Digital Print Textured Long-Sleeve T-Shirt Fashion Mesh Fabric Matching Top Loose Fit Plus Size S-5XL,19.35,4.823279220779221,0.0,https://www.banggood.com/INCERUN-Mens-Digital-Print-Textured-Long-Sleeve-T-Shirt-Fashion-Mesh-Fabric-Matching-Top-Loose-Fit-Plus-Size-S-5XL-p-2023832.html?cur_warehouse=CN&ID=62876386287830&rmmds=CategoryMenClothingPop&trace_id=bbcf1763868033969,5461.54,Mid-range
INCERUN Mens Cat Print Long Sleeve T-Shirt Casual Comfortable Crew Neck Top for Male Spring Fall S-5XL,20.12,4.823279220779221,0.0,https://www.banggood.com/INCERUN-Mens-Cat-Print-Long-Sleeve-T-Shirt-Casual-Comfortable-Crew-Neck-Top-for-Male-Spring-Fall-S-5XL-p-2025098.html?cur_warehouse=CN&ID=62876366287830&rmmds=CategoryMenClothingPop&trace_id=bbcf1763868033969,5678.87,Premium
INCERUN Mens Twist Patchwork V-Neck Long Sleeve T-Shirt Fashion Solid Color Drawstring Design Tshirt,19.35,4.823279220779221,0.0,https://www.banggood.com/INCERUN-Mens-Twist-Patchwork-V-Neck-Long-Sleeve-T-Shirt-Fashion-Solid-Color-Drawstring-Design-Tshirt-p-2025195.html?cur_warehouse=CN&ID=62876386287830&rmmds=CategoryMenClothingPop&trace_id=bbcf1763868033969,5461.54,Mid-range
INCERUN Men T-shirts Fashion See-through Mesh Embroidered Flower Decor Long Sleeve Black Tshirts Summer Cool Party Male Tops,13.93,4.823279220779221,0.0,https://www.banggood.com/INCERUN-Men-T-shirts-Fashion-See-through-Mesh-Embroidered-Flower-Decor-Long-Sleeve-Black-Tshirts-Summer-Cool-Party-Male-Tops-p-2011991.html?cur_warehouse=CN&ID=62876366287830&rmmds=CategoryMenClothingPop&trace_id=bbcf1763868033969,3931.74,Mid-range
INCERUN Mens Fashion Hollow Mesh Stacked Collar See-through T-Shirts,16.25,4.823279220779221,0.0,https://www.banggood.com/INCERUN-Mens-Fashion-Hollow-Mesh-Stacked-Collar-See-through-T-Shirts-p-2013394.html?cur_warehouse=CN&ID=62876386287830&rmmds=CategoryMenClothingPop&trace_id=bbcf1763868033969,4586.56,Mid-range
INCERUN Mens Solid V-Neck Short Sleeve T-Shirt Fashion Comfortable Fabric See-through Tshirt for Men,16.25,4.823279220779221,0.0,https://www.banggood.com/INCERUN-Mens-Solid-V-Neck-Short-Sleeve-T-Shirt-Fashion-Comfortable-Fabric-See-through-Tshirt-for-Men-p-2013501.html?cur_warehouse=CN&ID=62878376287980&rmmds=CategoryMenClothingPop&trace_id=bbcf1763868033969,4586.56,Mid-range
INCERUN Men T-shirts Fashion See-through Embroidered Flowers Mesh T-shirt Summer Mens Top Short Sleeve Streetwear Men Clothing,13.15,4.823279220779221,0.0,https://www.banggood.com/INCERUN-Men-T-shirts-Fashion-See-through-Embroidered-Flowers-Mesh-T-shirt-Summer-Mens-Top-Short-Sleeve-Streetwear-Men-Clothing-p-2007182.html?cur_warehouse=CN&ID=62876226287830&rmmds=CategoryMenClothingPop&trace_id=bbcf1763868033969,3711.59,Mid-range
INCERUN Men's Layered Design Swing Collar Long Sleeve Tshirt Comfy Soft Loose Fit Sleeve T-Shirt for Men Plus Size,19.35,4.823279220779221,0.0,https://www.banggood.com/INCERUN-Mens-Layered-Design-Swing-Collar-Long-Sleeve-Tshirt-Comfy-Soft-Loose-Fit-Sleeve-T-Shirt-for-Men-Plus-Size-p-2007553.html?cur_warehouse=CN&ID=62876366287839&rmmds=CategoryMenClothingPop&trace_id=bbcf1763868033969,5461.54,Mid-range
INCERUN Men Design T-Shirt Fashion Double Side Zippers Short Sleeve Men's Tee Summer Comfortable Solid Color Mens Top,13.93,4.823279220779221,0.0,https://www.banggood.com/INCERUN-Men-Design-T-Shirt-Fashion-Double-Side-Zippers-Short-Sleeve-Mens-Tee-Summer-Comfortable-Solid-Color-Mens-Top-p-1998164.html?cur_warehouse=CN&ID=62876366287830&rmmds=CategoryMenClothingPop&trace_id=bbcf1763868033969,3931.74,Mid-range
ChArmkpR Mens Cat Graphic Crew Neck Curved Hem Long Sleeve T-Shirts,19.35,4.823279220779221,0.0,https://www.banggood.com/ChArmkpR-Mens-Cat-Graphic-Crew-Neck-Curved-Hem-Long-Sleeve-T-Shirts-p-1998707.html?cur_warehouse=CN&ID=62876246287830&rmmds=CategoryMenClothingPop&trace_id=bbcf1763868033969,5461.54,Mid-range
INCERUN Mens Casual Color-Block Long-Sleeve T-Shirt Fashion Loose Fit Crew Neck Racing Tshirt for Male S-5XL,16.25,4.823279220779221,0.0,https://www.banggood.com/INCERUN-Mens-Casual-Color-Block-Long-Sleeve-T-Shirt-Fashion-Loose-Fit-Crew-Neck-Racing-Tshirt-for-Male-S-5XL-p-2026184.html?cur_warehouse=CN&ID=62876216287830&rmmds=CategoryMenClothingPop&trace_id=bbcf1763868033969,4586.56,Mid-range
INCERUN Mens Lace-Up Cross V-Neck Long-Sleeve T-Shirt Comfortable Soft Fabric Solid Color Tshirt Top for Male,18.57,4.823279220779221,0.0,https://www.banggood.com/INCERUN-Mens-Lace-Up-Cross-V-Neck-Long-Sleeve-T-Shirt-Comfortable-Soft-Fabric-Solid-Color-Tshirt-Top-for-Male-p-2026818.html?cur_warehouse=CN&ID=62876216287845&rmmds=CategoryMenClothingPop&trace_id=bbcf1763868033969,5241.38,Mid-range
INCERUN Mens Striped V-Neck Long-Sleeve T-Shirt Comftable Solid Color Loose Fit Soft Tshirt Male Plus Size S-5XL,19.35,4.823279220779221,0.0,https://www.banggood.com/INCERUN-Mens-Striped-V-Neck-Long-Sleeve-T-Shirt-Comftable-Solid-Color-Loose-Fit-Soft-Tshirt-Male-Plus-Size-S-5XL-p-2020391.html?cur_warehouse=CN&ID=62876366287840&rmmds=CategoryMenClothingPop&trace_id=bbcf1763868033969,5461.54,Mid-range
"INCERUN Men Start Print White Tight T-shirt Fashion Stitching Crew Neck Long Sleeve White Top Tee for Men Plus Size, Spring Fall",16.25,4.823279220779221,0.0,"https://www.banggood.com/INCERUN-Men-Start-Print-White-Tight-T-shirt-Fashion-Stitching-Crew-Neck-Long-Sleeve-White-Top-Tee-for-Men-Plus-Size,Spring-Fall-p-1996846.html?cur_warehouse=CN&ID=62876246287845&rmmds=CategoryMenClothingPop&trace_id=bbcf1763868033969",4586.56,Mid-range
Men Shiny Coating Short Sleeve Crew Neck Skinny T-Shirt,13.93,4.823279220779221,0.0,https://www.banggood.com/Men-Shiny-Coating-Short-Sleeve-Crew-Neck-Skinny-T-Shirt-p-1952680.html?cur_warehouse=CN&ID=62876366287830&rmmds=CategoryMenClothingPop&trace_id=bbcf1763868033969,3931.74,Mid-range
INCERUN Mens T Shirts Loose Fit Casual T-shirts for Men Print Patchwork Fashion Male Tee Tops Summer Short Sleeve Men Clothing,13.93,4.823279220779221,0.0,https://www.banggood.com/INCERUN-Mens-T-Shirts-Loose-Fit-Casual-T-shirts-for-Men-Print-Patchwork-Fashion-Male-Tee-Tops-Summer-Short-Sleeve-Men-Clothing-p-1944264.html?cur_warehouse=CN&ID=62876386287830&rmmds=CategoryMenClothingPop&trace_id=bbcf1763868033969,3931.74,Mid-range
INCERUN Mens T-shirt Hollow Out Loose Fit Tee Fashion Casual Black T Shirt Summer Comfy Round Neck Long Sleeve Top,17.8,4.823279220779221,0.0,https://www.banggood.com/INCERUN-Mens-T-shirt-Hollow-Out-Loose-Fit-Tee-Fashion-Casual-Black-T-Shirt-Summer-Comfy-Round-Neck-Long-Sleeve-Top-p-1944309.html?cur_warehouse=CN&ID=62876246287830&rmmds=CategoryMenClothingPop&trace_id=bbcf1763868033969,5024.05,Mid-range
INCERUN Mens Two-piece Suit Black Tops Fashion Hollow Out Cutoff Long Sleeve Top & Sleeveless Tank Top Streetwear Summer Party Male Clothing Tops,14.7,4.823279220779221,0.0,https://www.banggood.com/INCERUN-Mens-Two-piece-Suit-Black-Tops-Fashion-Hollow-Out-Cutoff-Long-Sleeve-Top-and-Sleeveless-Tank-Top-Streetwear-Summer-Party-Male-Clothing-Tops-p-1944424.html?cur_warehouse=CN&ID=62876246287830&rmmds=CategoryMenClothingPop&trace_id=bbcf1763868033969,4149.08,Mid-range
INCERUN Mens T-Shirt Basic Solid Color Short Sleeve T Shirt Casual V-neck Half Long Sleeve Tops Summer Loose Fit Men Clothing,16.25,4.823279220779221,0.0,https://www.banggood.com/INCERUN-Mens-T-Shirt-Basic-Solid-Color-Short-Sleeve-T-Shirt-Casual-V-neck-Half-Long-Sleeve-Tops-Summer-Loose-Fit-Men-Clothing-p-1944749.html?cur_warehouse=CN&ID=62876366287830&rmmds=CategoryMenClothingPop&trace_id=bbcf1763868033969,4586.56,Mid-range
INCERUN Men Tshirt Comfy Loose Fit Long Sleeve T-Shirt Solid Color Notched Neck Knit Daily Casual T-Shirt,15.48,4.823279220779221,0.0,https://www.banggood.com/INCERUN-Men-Tshirt-Comfy-Loose-Fit-Long-Sleeve-T-Shirt-Solid-Color-Notched-Neck-Knit-Daily-Casual-T-Shirt-p-1945173.html?cur_warehouse=CN&ID=62876366287830&rmmds=CategoryMenClothingPop&trace_id=bbcf1763868033969,4369.23,Mid-range
INCERUN Mens T-shirts High Neck Slim Fit Muscle Workout Summer Casual T-shirt,14.7,5.0,12.0,https://www.banggood.com/INCERUN-Mens-T-shirts-High-Neck-Slim-Fit-Muscle-Workout-Summer-Casual-T-shirt-p-1945949.html?cur_warehouse=CN&ID=62876216287845&rmmds=CategoryMenClothingPop&trace_id=bbcf1763868033969,4149.08,Mid-range
INCERUN Men T-Shirts Fashion Solid Color Skinny Elastic Top Tee Casual Summer Round Neck Short Sleeve Mens Clothing,13.15,4.823279220779221,0.0,https://www.banggood.com/INCERUN-Men-T-Shirts-Fashion-Solid-Color-Skinny-Elastic-Top-Tee-Casual-Summer-Round-Neck-Short-Sleeve-Mens-Clothing-p-1946516.html?cur_warehouse=CN&ID=62876366287830&rmmds=CategoryMenClothingPop&trace_id=bbcf1763868033969,3711.59,Mid-range
INCERUN Plus Size Men Solid Color Knitted T-shirt Summer Daily Casual Tee Men's Top,14.7,4.823279220779221,0.0,https://www.banggood.com/INCERUN-Plus-Size-Men-Solid-Color-Knitted-T-shirt-Summer-Daily-Casual-Tee-Mens-Top-p-1991563.html?cur_warehouse=CN&ID=62876366287837&rmmds=CategoryMenClothingPop&trace_id=bbcf1763868033969,4149.08,Mid-range
INCERUN Mens Solid Stand Collar Button Front Jacket Casual Fall Winter Outwear Top with Pockets S-5XL,36.38,4.823279220779221,0.0,https://www.banggood.com/INCERUN-Mens-Solid-Stand-Collar-Button-Front-Jacket-Casual-Fall-Winter-Outwear-Top-with-Pockets-S-5XL-p-2004332.html?cur_warehouse=CN&ID=62876366287830&rmmds=CategoryMenClothingPop&trace_id=f78f1763868054325,10268.26,Premium
INCERUN Mens Asymmetrical Hem Long-Sleeve Blazer Fashion Solid Color Design Party Casual Blazer for Male S 5XL,25.54,4.823279220779221,0.0,https://www.banggood.com/INCERUN-Mens-Asymmetrical-Hem-Long-Sleeve-Blazer-Fashion-Solid-Color-Design-Party-Casual-Blazer-for-Male-S-5XL-p-2023500.html?cur_warehouse=CN&ID=62876366287830&rmmds=CategoryMenClothingPop&trace_id=f78f1763868054325,7208.66,Premium
INCERUN Mens Knitted Fringe Cowl Neck Long Sleeve Cardigan Solid Color Fashion Tops for Male S-5XL,23.99,4.823279220779221,0.0,https://www.banggood.com/INCERUN-Mens-Knitted-Fringe-Cowl-Neck-Long-Sleeve-Cardigan-Solid-Color-Fashion-Tops-for-Male-S-5XL-p-2024532.html?cur_warehouse=CN&ID=62876216288310&rmmds=CategoryMenClothingPop&trace_id=f78f1763868054325,6771.18,Premium
INCERUN Mens Solid Fashion Irregular Slanting Lapel Sleeveless Waistcoat,14.7,4.823279220779221,0.0,https://www.banggood.com/INCERUN-Mens-Solid-Fashion-Irregular-Slanting-Lapel-Sleeveless-Waistcoat-p-2016770.html?cur_warehouse=CN&ID=62876216287830&rmmds=CategoryMenClothingPop&trace_id=f78f1763868054325,4149.08,Mid-range
INCERUN Mens Plaid Single Breasted Casual Blazer Fashion Loose Fit Lapel Button Front Outwear for Male Large Size S-5XL,29.41,4.823279220779221,0.0,https://www.banggood.com/INCERUN-Mens-Plaid-Single-Breasted-Casual-Blazer-Fashion-Loose-Fit-Lapel-Button-Front-Outwear-for-Male-Large-Size-S-5XL-p-2007249.html?cur_warehouse=CN&ID=62876386287835&rmmds=CategoryMenClothingPop&trace_id=f78f1763868054325,8300.97,Premium
INCERUN Mens Coats Fashion-forward Male Zip-Up Jacket - Japanese and Korean Style Solid Color Short Sleeve Male Clothing,13.93,4.823279220779221,0.0,https://www.banggood.com/INCERUN-Mens-Coats-Fashion-forward-Male-Zip-Up-Jacket-Japanese-and-Korean-Style-Solid-Color-Short-Sleeve-Male-Clothing-p-2007506.html?cur_warehouse=CN&ID=62876226287830&rmmds=CategoryMenClothingPop&trace_id=f78f1763868054325,3931.74,Mid-range
INCERUN Men Blazer Stylish Butterflies Design Long Sleeve Suit Jacket for Fashion-Forward Party Male Top Clothing,17.8,4.823279220779221,0.0,https://www.banggood.com/INCERUN-Men-Blazer-Stylish-Butterflies-Design-Long-Sleeve-Suit-Jacket-for-Fashion-Forward-Party-Male-Top-Clothing-p-2007716.html?cur_warehouse=CN&ID=62876246287840&rmmds=CategoryMenClothingPop&trace_id=f78f1763868054325,5024.05,Mid-range
INCERUN Men Simple Textured Cardigan Sweater Comfortable Loose Fit Botton Front Lapel Thick Sweater Cardigan for Men Fall Plus Size S-5XL,26.31,4.823279220779221,0.0,https://www.banggood.com/INCERUN-Men-Simple-Textured-Cardigan-Sweater-Comfortable-Loose-Fit-Botton-Front-Lapel-Thick-Sweater-Cardigan-for-Men-Fall-Plus-Size-S-5XL-p-2021088.html?cur_warehouse=CN&ID=62876216287830&rmmds=CategoryMenClothingPop&trace_id=f78f1763868054325,7426.0,Premium
INCERUN Men Long Sleeved Blazer with Slanted Lapels and Metal Buttons and Shoulder Pads Fashion Loose Fit Blazers for Big Men Large Size S-5XL,27.09,4.823279220779221,0.0,https://www.banggood.com/INCERUN-Men-Long-Sleeved-Blazer-with-Slanted-Lapels-and-Metal-Buttons-and-Shoulder-Pads-Fashion-Loose-Fit-Blazers-for-Big-Men-Large-Size-S-5XL-p-2021473.html?cur_warehouse=CN&ID=62876246287830&rmmds=CategoryMenClothingPop&trace_id=f78f1763868054325,7646.15,Premium
Men's Belted Tie Knot Front Irregular Solid Color Sleeveless Blazer,15.48,5.0,2.0,https://www.banggood.com/Mens-Belted-Tie-Knot-Front-Irregular-Solid-Color-Sleeveless-Blazer-p-1944797.html?cur_warehouse=CN&ID=62876366287830&rmmds=CategoryMenClothingPop&trace_id=f78f1763868054325,4369.23,Mid-range
Mens Fringe Hem Half Sleeve Cardigan,20.12,1.0,1.0,https://www.banggood.com/Mens-Fringe-Hem-Half-Sleeve-Cardigan-p-1957102.html?cur_warehouse=CN&ID=62876226287941&rmmds=CategoryMenClothingPop&trace_id=f78f1763868054325,5678.87,Premium
INCERUN Mens Blazer Simple Fashion Design Cut Off Suits Coats Solid Color Long Sleeve Blazer Casual Male Clothing Top,19.35,4.823279220779221,0.0,https://www.banggood.com/INCERUN-Mens-Blazer-Simple-Fashion-Design-Cut-Off-Suits-Coats-Solid-Color-Long-Sleeve-Blazer-Casual-Male-Clothing-Top-p-1974521.html?cur_warehouse=CN&ID=62876366287830&rmmds=CategoryMenClothingPop&trace_id=f78f1763868054325,5461.54,Mid-range
INCERUN Mens Solid Color Casual Long-Sleeve Blazer Fashion Slim Fit Business Men's Suit for Spring Fall,23.22,4.823279220779221,0.0,https://www.banggood.com/INCERUN-Mens-Solid-Color-Casual-Long-Sleeve-Blazer-Fashion-Slim-Fit-Business-Mens-Suit-for-Spring-Fall-p-2023927.html?cur_warehouse=CN&ID=62876206287830&rmmds=CategoryMenClothingPop&trace_id=f78f1763868054325,6553.84,Premium
INCERUN Mens Metal Button Detail Solid Color Long-Sleeve Blazer Business Casual Suit for Male,28.64,4.823279220779221,0.0,https://www.banggood.com/INCERUN-Mens-Metal-Button-Detail-Solid-Color-Long-Sleeve-Blazer-Business-Casual-Suit-for-Male-p-2026479.html?cur_warehouse=CN&ID=62876226287830&rmmds=CategoryMenClothingPop&trace_id=f78f1763868054325,8083.64,Premium
INCERUN Mens Plaid Patchwork Long Sleeve Blazer Two-tone Stylish Casual Suit Outwear for Spring Fall,23.99,4.823279220779221,0.0,https://www.banggood.com/INCERUN-Mens-Plaid-Patchwork-Long-Sleeve-Blazer-Two-tone-Stylish-Casual-Suit-Outwear-for-Spring-Fall-p-2021509.html?cur_warehouse=CN&ID=62876366287839&rmmds=CategoryMenClothingPop&trace_id=f78f1763868054325,6771.18,Premium
INCERUN Mens Casual Blazer Solid Collarless Casual Long Sleeve Business Blazer,20.12,5.0,2.0,https://www.banggood.com/INCERUN-Mens-Casual-Blazer-Solid-Collarless-Casual-Long-Sleeve-Business-Blazer-p-1945777.html?cur_warehouse=CN&ID=62876366287836&rmmds=CategoryMenClothingPop&trace_id=f78f1763868054325,5678.87,Premium
INCERUN Mens Solid Color Casual Long Sleeve Blazer Irregular Design Fashionable Men's Suit for Spring Fall,23.22,4.823279220779221,0.0,https://www.banggood.com/INCERUN-Mens-Solid-Color-Casual-Long-Sleeve-Blazer-Irregular-Design-Fashionable-Mens-Suit-for-Spring-Fall-p-2024672.html?cur_warehouse=CN&ID=62876246287830&rmmds=CategoryMenClothingPop&trace_id=f78f1763868054325,6553.84,Premium
INCERUN Mens Metal Buckle Patchwork Lace Long-Sleeve Blazer Fashion Casual Solid Color Suit Top Outwear,21.67,4.823279220779221,0.0,https://www.banggood.com/INCERUN-Mens-Metal-Buckle-Patchwork-Lace-Long-Sleeve-Blazer-Fashion-Casual-Solid-Color-Suit-Top-Outwear-p-2023766.html?cur_warehouse=CN&ID=62876366287830&rmmds=CategoryMenClothingPop&trace_id=f78f1763868054325,6116.36,Premium
INCERUN Men Vests Skeleton Rib Deconstructed Design Hooded Sleeveless Streetwear Male Waistcoats Fashion Casual Vests Men S-5XL,17.02,4.823279220779221,0.0,https://www.banggood.com/INCERUN-Men-Vests-Skeleton-Rib-Deconstructed-Design-Hooded-Sleeveless-Streetwear-Male-Waistcoats-Fashion-Casual-Vests-Men-S-5XL-p-2007258.html?cur_warehouse=CN&ID=62876366287830&rmmds=CategoryMenClothingPop&trace_id=f78f1763868054325,4803.89,Mid-range
INCERUN Men Lapel Sleeveless Shawl Cape Black Mens Coat Cape Belt Buckle Middle Long Coat Jacket,30.18,5.0,2.0,https://www.banggood.com/INCERUN-Men-Lapel-Sleeveless-Shawl-Cape-Black-Mens-Coat-Cape-Belt-Buckle-Middle-Long-Coat-Jacket-p-1793942.html?cur_warehouse=CN&ID=62876366287830&rmmds=CategoryMenClothingPop&trace_id=f78f1763868054325,8518.3,Premium
Mens Plain Pleated Loose Long Robes 2 Piece Sets,34.06,4.823279220779221,0.0,https://www.banggood.com/Mens-Plain-Pleated-Loose-Long-Robes-2-Piece-Sets-p-1947653.html?cur_warehouse=CN&ID=62876386287830&rmmds=CategoryMenClothingPop&trace_id=f78f1763868054325,9613.44,Premium
INCERUN Mens Lace-Up Design Long Sleeve Blazer Fashion Loose Fit Solid Color Casual Suit for Male,21.67,4.823279220779221,0.0,https://www.banggood.com/INCERUN-Mens-Lace-Up-Design-Long-Sleeve-Blazer-Fashion-Loose-Fit-Solid-Color-Casual-Suit-for-Male-p-2023116.html?cur_warehouse=CN&ID=62876226287845&rmmds=CategoryMenClothingPop&trace_id=f78f1763868054325,6116.36,Premium
INCERUN Mens Casual Loose Fit Long Sleeve Blazer Fashionable Versatile Solid Color Suit Outwear Top for Men,23.99,4.823279220779221,0.0,https://www.banggood.com/INCERUN-Mens-Casual-Loose-Fit-Long-Sleeve-Blazer-Fashionable-Versatile-Solid-Color-Suit-Outwear-Top-for-Men-p-2022910.html?cur_warehouse=CN&ID=62876366287830&rmmds=CategoryMenClothingPop&trace_id=f78f1763868054325,6771.18,Premium
INCERUN Mens Textured Casual Long Sleeve Jacket Collarless Cardigan Jacket Coat Large Size for Big Men S-5XL,27.09,4.823279220779221,0.0,https://www.banggood.com/INCERUN-Mens-Textured-Casual-Long-Sleeve-Jacket-Collarless-Cardigan-Jacket-Coat-Large-Size-for-Big-Men-S-5XL-p-2020479.html?cur_warehouse=CN&ID=62876366287830&rmmds=CategoryMenClothingPop&trace_id=f78f1763868054325,7646.15,Premium
INCERUN Mens Knitted Striped Long Sleeve Cardigan Casual Solid Color Spring Fall Winter Men's Coat,22.44,4.823279220779221,0.0,https://www.banggood.com/INCERUN-Mens-Knitted-Striped-Long-Sleeve-Cardigan-Casual-Solid-Color-Spring-Fall-Winter-Mens-Coat-p-2021262.html?cur_warehouse=CN&ID=62876366287830&rmmds=CategoryMenClothingPop&trace_id=f78f1763868054325,6333.69,Premium
INCERUN Mens Knit V-Neck Long-Sleeve Cardigan Solid Color Comfortable Versatile Men Clothing Fashion Outwear,22.44,4.823279220779221,0.0,https://www.banggood.com/INCERUN-Mens-Knit-V-Neck-Long-Sleeve-Cardigan-Solid-Color-Comfortable-Versatile-Men-Clothing-Fashion-Outwear-p-2023495.html?cur_warehouse=CN&ID=62876366287830&rmmds=CategoryMenClothingPop&trace_id=f78f1763868054325,6333.69,Premium
INCERUN Mens Knitted Polo Collar Long Sleeve Cardigan Comfortable Fashion Solid Color Men Top for Spring Fall Winter,20.89,4.823279220779221,0.0,https://www.banggood.com/INCERUN-Mens-Knitted-Polo-Collar-Long-Sleeve-Cardigan-Comfortable-Fashion-Solid-Color-Men-Top-for-Spring-Fall-Winter-p-2025032.html?cur_warehouse=CN&ID=62876366287830&rmmds=CategoryMenClothingPop&trace_id=f78f1763868054325,5896.2,Premium
INCERUN Mens Floral Print Patchwork Jacket Crop Top Zipper Stand Collar Short Jackets for Men Large Size S-5XL,27.86,4.823279220779221,0.0,https://www.banggood.com/INCERUN-Mens-Floral-Print-Patchwork-Jacket-Crop-Top-Zipper-Stand-Collar-Short-Jackets-for-Men-Large-Size-S-5XL-p-2001012.html?cur_warehouse=CN&ID=62876366287830&rmmds=CategoryMenClothingPop&trace_id=f78f1763868054325,7863.48,Premium
INCERUN Men Jackets Lapel Long Sleeve Solid Color Streetwear Male Short Coats Loose Casual Jackets With Belt S-5XL,28.64,4.823279220779221,0.0,https://www.banggood.com/INCERUN-Men-Jackets-Lapel-Long-Sleeve-Solid-Color-Streetwear-Male-Short-Coats-Loose-Casual-Jackets-With-Belt-S-5XL-p-2001823.html?cur_warehouse=CN&ID=62876366287830&rmmds=CategoryMenClothingPop&trace_id=f78f1763868054325,8083.64,Premium
INCERUN Men Casual Blazer Design Cutoff Fashion Suits Outwear Men Solid Color Lapel Long Sleeve Blazer Tops for Men,16.25,4.823279220779221,0.0,https://www.banggood.com/INCERUN-Men-Casual-Blazer-Design-Cutoff-Fashion-Suits-Outwear-Men-Solid-Color-Lapel-Long-Sleeve-Blazer-Tops-for-Men-p-1997083.html?cur_warehouse=CN&ID=62876366287830&rmmds=CategoryMenClothingPop&trace_id=f78f1763868054325,4586.56,Mid-range
INCERUN Mens Fashion Striped Loose Two Pieces Outfit Comfortable Long Sleeve Shirt & Short Two-piece Suits,25.54,4.823279220779221,0.0,https://www.banggood.com/INCERUN-Mens-Fashion-Striped-Loose-Two-Pieces-Outfit-Comfortable-Long-Sleeve-Shirt-and-Short-Two-piece-Suits-p-2022317.html?cur_warehouse=CN&ID=61571966287636&rmmds=CategoryMenClothingPop&trace_id=c0a41763868075986,7208.66,Premium
Mens Solid Drop Shoulder Casual Two Piece Outfits,25.54,5.0,1.0,https://www.banggood.com/Mens-Solid-Drop-Shoulder-Casual-Two-Piece-Outfits-p-1880969.html?cur_warehouse=CN&ID=62876226287830&rmmds=CategoryMenClothingPop&trace_id=c0a41763868075986,7208.66,Premium
INCERUN Mens Solid Color Double-Breasted Two Pieces Outfit Sleeveless Blazer Vest Pant Casual Suit for Male,28.64,4.823279220779221,0.0,https://www.banggood.com/INCERUN-Mens-Solid-Color-Double-Breasted-Two-Pieces-Outfit-Sleeveless-Blazer-Vest-Pant-Casual-Suit-for-Male-p-2021525.html?cur_warehouse=CN&ID=61571936287636&rmmds=CategoryMenClothingPop&trace_id=c0a41763868075986,8083.64,Premium
INCERUN Men Sets Short Sleeve Men Suit & Pant Mens Fashion Simple Solid Color Suits Two Pieces Outfits  Men's Casual Suits S-5XL,24.77,5.0,3.0,https://www.banggood.com/INCERUN-Men-Sets-Short-Sleeve-Men-Suit-and-Pant-Mens-Fashion-Simple-Solid-Color-Suits-Two-Pieces-Outfits-Mens-Casual-Suits-S-5XL-p-2009231.html?cur_warehouse=CN&ID=61571936287636&rmmds=CategoryMenClothingPop&trace_id=c0a41763868075986,6991.33,Premium
"INCERUN 2 Piece Men's Striped Casual Outfit Set, Collar Button Up Top And Elastic Waist Wide Leg Trousers Set for Daily Wear Spring Fall Plus Size S-5xl",28.64,4.823279220779221,0.0,"https://www.banggood.com/INCERUN-2-Piece-Mens-Striped-Casual-Outfit-Set,Collar-Button-Up-Top-And-Elastic-Waist-Wide-Leg-Trousers-Set-for-Daily-Wear-Spring-Fall-Plus-Size-S-5xl-p-2014211.html?cur_warehouse=CN&ID=61571936287638&rmmds=CategoryMenClothingPop&trace_id=c0a41763868075986",8083.64,Premium
INCERUN Mens Two-piece Suits Trendy Sleeveless Double-breasted Suit Vest + Pants Casual Set Casual Sets Male Plus Size,22.44,4.823279220779221,0.0,https://www.banggood.com/INCERUN-Mens-Two-piece-Suits-Trendy-Sleeveless-Double-breasted-Suit-Vest-+-Pants-Casual-Set-Casual-Sets-Male-Plus-Size-p-2014819.html?cur_warehouse=CN&ID=61571986287621&rmmds=CategoryMenClothingPop&trace_id=c0a41763868075986,6333.69,Premium
"INCERUN Men's Two-piece Outfits, Suit Collar Draped Short Sleeve Shirt + Pant, Casual Comfy Loose Suits For Summer",35.6,4.823279220779221,0.0,"https://www.banggood.com/INCERUN-Mens-Two-piece-Outfits,Suit-Collar-Draped-Short-Sleeve-Shirt-+-Pant,Casual-Comfy-Loose-Suits-For-Summer-p-2015742.html?cur_warehouse=CN&ID=61571936287636&rmmds=CategoryMenClothingPop&trace_id=c0a41763868075986",10048.1,Premium
INCERUN Men Jumpsuits Corduroy double-breasted Suit Collar Long-sleeved Casual One-piece Suit for Men with Side Pockets,31.73,4.823279220779221,0.0,https://www.banggood.com/INCERUN-Men-Jumpsuits-Corduroy-double-breasted-Suit-Collar-Long-sleeved-Casual-One-piece-Suit-for-Men-with-Side-Pockets-p-2021908.html?cur_warehouse=CN&ID=61571936287636&rmmds=CategoryMenClothingPop&trace_id=c0a41763868075986,8955.79,Premium
Men Velvet Pocket Jogger Shorts & T-Shirt 2 Piece Set,22.44,5.0,1.0,https://www.banggood.com/Men-Velvet-Pocket-Jogger-Shorts-and-T-Shirt-2-Piece-Set-p-1954284.html?cur_warehouse=CN&ID=61571936287636&rmmds=CategoryMenClothingPop&trace_id=c0a41763868075986,6333.69,Premium
INCERUN Men Sets Solid Color Fashion Lapel Long Sleeve Shirt & Pants 2PCS Pleated Loose Streetwear Men Casual Suits S-5XL,27.09,4.823279220779221,0.0,https://www.banggood.com/INCERUN-Men-Sets-Solid-Color-Fashion-Lapel-Long-Sleeve-Shirt-and-Pants-2PCS-Pleated-Loose-Streetwear-Men-Casual-Suits-S-5XL-p-1970978.html?cur_warehouse=CN&ID=61571936287621&rmmds=CategoryMenClothingPop&trace_id=c0a41763868075986,7646.15,Premium
INCERUN Men's Clothing 2 Piece Set Knit Ribbed Round Neck Vest & Trousers Casual Solid Color Set for Daily Wear,30.18,4.823279220779221,0.0,https://www.banggood.com/INCERUN-Mens-Clothing-2-Piece-Set-Knit-Ribbed-Round-Neck-Vest-and-Trousers-Casual-Solid-Color-Set-for-Daily-Wear-p-2011106.html?cur_warehouse=CN&ID=61571966287636&rmmds=CategoryMenClothingPop&trace_id=c0a41763868075986,8518.3,Premium
"INCERUN Men Home Two Piece Set Solid Color Cotton Linen Long Sleeve Top and Pant with Pockets, Casual Men's Set Plus Size Spring Fall",23.99,4.823279220779221,0.0,"https://www.banggood.com/INCERUN-Men-Home-Two-Piece-Set-Solid-Color-Cotton-Linen-Long-Sleeve-Top-and-Pant-with-Pockets,Casual-Mens-Set-Plus-Size-Spring-Fall-p-1947636.html?cur_warehouse=CN&ID=61571996287636&rmmds=CategoryMenClothingPop&trace_id=c0a41763868075986",6771.18,Premium
INCERUN Men Sets Muslimer Clothing Saudi Arabia Solid O-neck Sleeveless Kaftan Jubba Thobe & Pants 2PCS Islamic Men's Suits,24.77,4.823279220779221,0.0,https://www.banggood.com/INCERUN-Men-Sets-Muslimer-Clothing-Saudi-Arabia-Solid-O-neck-Sleeveless-Kaftan-Jubba-Thobe-and-Pants-2PCS-Islamic-Mens-Suits-p-1986240.html?cur_warehouse=CN&ID=61571936287636&rmmds=CategoryMenClothingPop&trace_id=c0a41763868075986,6991.33,Premium
INCERUN Mens Jumpsuit Thin Stretch Comfort Zipper Short Sleeve One-piece Shorts Homewear for Men Large Size S-5XL,17.8,4.823279220779221,0.0,https://www.banggood.com/INCERUN-Mens-Jumpsuit-Thin-Stretch-Comfort-Zipper-Short-Sleeve-One-piece-Shorts-Homewear-for-Men-Large-Size-S-5XL-p-1944447.html?cur_warehouse=CN&ID=61571936287636&rmmds=CategoryMenClothingPop&trace_id=c0a41763868075986,5024.05,Mid-range
Mens Solid Lapel Blazer Casual Two Pieces Outfits,34.06,5.0,1.0,https://www.banggood.com/Mens-Solid-Lapel-Blazer-Casual-Two-Pieces-Outfits-p-1975687.html?cur_warehouse=CN&ID=62876236287830&rmmds=CategoryMenClothingPop&trace_id=c0a41763868075986,9613.44,Premium
INCERUN Mens Solid Color Long Sleeve Two-Piece Outfit Collarless Blazer & Suit Pants Men's Fashion Set,28.64,4.823279220779221,0.0,https://www.banggood.com/INCERUN-Mens-Solid-Color-Long-Sleeve-Two-Piece-Outfit-Collarless-Blazer-and-Suit-Pants-Mens-Fashion-Set-p-2024931.html?cur_warehouse=CN&ID=61571936287636&rmmds=CategoryMenClothingPop&trace_id=c0a41763868075986,8083.64,Premium
INCERUN Men Two Pieces Set Fashion Solid Color Short Shirt + Pants Summer Casual Daily Mens Clothing Set,20.12,4.823279220779221,0.0,https://www.banggood.com/INCERUN-Men-Two-Pieces-Set-Fashion-Solid-Color-Short-Shirt-+-Pants-Summer-Casual-Daily-Mens-Clothing-Set-p-2007360.html?cur_warehouse=CN&ID=61571936287636&rmmds=CategoryMenClothingPop&trace_id=c0a41763868075986,5678.87,Premium
"INCERUN Men Irregular Design Two-piece Set Comfortable Solid Color Fabric Long Sleeve Top and Pant with Side Pockets Casual Set for Men Plus Size, Spring Fall",26.31,4.823279220779221,0.0,"https://www.banggood.com/INCERUN-Men-Irregular-Design-Two-piece-Set-Comfortable-Solid-Color-Fabric-Long-Sleeve-Top-and-Pant-with-Side-Pockets-Casual-Set-for-Men-Plus-Size,Spring-Fall-p-2010533.html?cur_warehouse=CN&ID=61571996287623&rmmds=CategoryMenClothingPop&trace_id=c0a41763868075986",7426.0,Premium
INCERUN Mens Sets 3/4 Short Sleeve Shirt & Pants Two Pieces Set Loose Daily Men's Casual Suits,25.54,5.0,2.0,https://www.banggood.com/INCERUN-Mens-Sets-3-or-4-Short-Sleeve-Shirt-and-Pants-Two-Pieces-Set-Loose-Daily-Mens-Casual-Suits-p-1984272.html?cur_warehouse=CN&ID=61571936287636&rmmds=CategoryMenClothingPop&trace_id=c0a41763868075986,7208.66,Premium
6 Pair Autumn Winter Men Socks Cotton Leisure Business Long Socks Walking Running Hiking Warm Socks For Male Plus Size 42-48,10.06,4.63,8.0,https://www.banggood.com/6-Pair-Autumn-Winter-Men-Socks-Cotton-Leisure-Business-Long-Socks-Walking-Running-Hiking-Warm-Socks-For-Male-Plus-Size-42-48-p-2022224.html?cur_warehouse=CN&ID=6287830&rmmds=&trace_id=877e1763868096675,2839.44,Budget
Retro Round Metal Frame Reading Glasses Minimalist Anti-blue Light Presbyopia Eyeglasses,8.51,5.0,1.0,https://www.banggood.com/Retro-Round-Metal-Frame-Reading-Glasses-Minimalist-Anti-blue-Light-Presbyopia-Eyeglasses-p-2033522.html?cur_warehouse=CN&ID=6330061&rmmds=&trace_id=877e1763868096675,2401.95,Budget
TR90 Reading Glasses Anti-blue Light High Definition Presbyopia Eyeglasses Men's Hyperopia Optical Eyewear Ultralight Sport Non-slip Eyeglasses Diopters To +3.5,4.1,4.79,47.0,https://www.banggood.com/TR90-Reading-Glasses-Anti-blue-Light-High-Definition-Presbyopia-Eyeglasses-Mens-Hyperopia-Optical-Eyewear-Ultralight-Sport-Non-slip-Eyeglasses-Diopters-To-+3_5-p-2024888.html?cur_warehouse=CN&ID=62878446330062&rmmds=&trace_id=877e1763868096675,1157.22,Budget
6 Pairs Men's Cotton Sports Ankle Socks Anti Odor Sweat Absorbent Breathable Outdoor Cycling Travel Athletic Short Socks Comfortable,7.19,5.0,10.0,https://www.banggood.com/6-Pairs-Mens-Cotton-Sports-Ankle-Socks-Anti-Odor-Sweat-Absorbent-Breathable-Outdoor-Cycling-Travel-Athletic-Short-Socks-Comfortable-p-2018355.html?cur_warehouse=CN&ID=6287830&rmmds=&trace_id=877e1763868096675,2029.38,Budget
Collrown Vintage Berets Mens PU Leather Beret Hats Autumn Winter Adjustable Hats Men's Visor Warm Flat Peaked Cap Cabbie Hunting Thicken Hat,9.51,5.0,6.0,https://www.banggood.com/Collrown-Vintage-Berets-Mens-PU-Leather-Beret-Hats-Autumn-Winter-Adjustable-Hats-Mens-Visor-Warm-Flat-Peaked-Cap-Cabbie-Hunting-Thicken-Hat-p-2025097.html?cur_warehouse=CN&ID=6287830&rmmds=&trace_id=877e1763868096675,2684.2,Budget
"5 Pairs Men's Sports Socks, Towel Basketball Socks, Wicking Sweat Breathable Running Cycling Socks, High Elastic Outdoor Activities Ankle Socks",9.51,4.92,13.0,"https://www.banggood.com/5-Pairs-Mens-Sports-Socks,Towel-Basketball-Socks,Wicking-Sweat-Breathable-Running-Cycling-Socks,High-Elastic-Outdoor-Activities-Ankle-Socks-p-2018352.html?cur_warehouse=CN&ID=6287830&rmmds=&trace_id=877e1763868096675",2684.2,Budget
Collrown Men Winter Knitted Hat Outdoor Cycling Ear Protection Warmth Peaked Cap Riding Thick Earmuffs Beanie Hats,6.57,5.0,4.0,https://www.banggood.com/Collrown-Men-Winter-Knitted-Hat-Outdoor-Cycling-Ear-Protection-Warmth-Peaked-Cap-Riding-Thick-Earmuffs-Beanie-Hats-p-2027014.html?cur_warehouse=CN&ID=6289607&rmmds=&trace_id=877e1763868096675,1854.38,Budget
Collrown Men's Outdoor PU Leather Baseball Cap Casual Sun Hat Adjustable Sport Casual Visor Hat for Autumn Winter,10.29,5.0,6.0,https://www.banggood.com/Collrown-Mens-Outdoor-PU-Leather-Baseball-Cap-Casual-Sun-Hat-Adjustable-Sport-Casual-Visor-Hat-for-Autumn-Winter-p-2025122.html?cur_warehouse=CN&ID=6287830&rmmds=&trace_id=877e1763868096675,2904.35,Mid-range
Ultralight Sports Reading Glasses Anti-blue Light Eyewear Glasses TR90 Frame Presbyopia Eyeglasses for Men Women,5.64,5.0,9.0,https://www.banggood.com/Ultralight-Sports-Reading-Glasses-Anti-blue-Light-Eyewear-Glasses-TR90-Frame-Presbyopia-Eyeglasses-for-Men-Women-p-2024887.html?cur_warehouse=CN&ID=62972926330062&rmmds=&trace_id=877e1763868096675,1591.89,Budget
Collrown Men Berets Retro Patchwork Plaid hat Men's Flat Cap England Newsboy Cap Classic Peaked Painter Caps for Spring Summer Autumn Winter,8.51,5.0,3.0,https://www.banggood.com/Collrown-Men-Berets-Retro-Patchwork-Plaid-hat-Mens-Flat-Cap-England-Newsboy-Cap-Classic-Peaked-Painter-Caps-for-Spring-Summer-Autumn-Winter-p-2025093.html?cur_warehouse=CN&ID=6287830&rmmds=&trace_id=877e1763868096675,2401.95,Budget
YUEDGE 5 Pairs Men Sports Cotton Socks Athletic Cushioned Hiking Walking Socks Terry Thermal Socks Moisture Wicking Casual Socks Fitness Socks,11.84,5.0,2.0,https://www.banggood.com/YUEDGE-5-Pairs-Men-Sports-Cotton-Socks-Athletic-Cushioned-Hiking-Walking-Socks-Terry-Thermal-Socks-Moisture-Wicking-Casual-Socks-Fitness-Socks-p-2025701.html?cur_warehouse=CN&ID=62876206287830&rmmds=&trace_id=877e1763868096675,3341.84,Mid-range
Collrown Fashion Baseball Cap Outdoor Men's Adjustable PU Leather Hat Letters Embossed Casual Hats Women Unisex Sport Sun Visor Hat,9.51,5.0,3.0,https://www.banggood.com/Collrown-Fashion-Baseball-Cap-Outdoor-Mens-Adjustable-PU-Leather-Hat-Letters-Embossed-Casual-Hats-Women-Unisex-Sport-Sun-Visor-Hat-p-2025123.html?cur_warehouse=CN&ID=6287830&rmmds=&trace_id=877e1763868096675,2684.2,Budget
Business Reading Glasses Classic Rectangle Computer Anti Eyestrain Presbyopic Glasses Anti Blue Light Eye Glasses For Women Men,5.64,4.67,6.0,https://www.banggood.com/Business-Reading-Glasses-Classic-Rectangle-Computer-Anti-Eyestrain-Presbyopic-Glasses-Anti-Blue-Light-Eye-Glasses-For-Women-Men-p-2024884.html?cur_warehouse=CN&ID=62878306330062&rmmds=&trace_id=877e1763868096675,1591.89,Budget
Collrown Breathable Beret Cap Men Mesh Fabric Flat Hat Newsboy Cap Driving Fishing Hat Peaked Cap Adjustable Cabbie Hat,9.51,5.0,6.0,https://www.banggood.com/Collrown-Breathable-Beret-Cap-Men-Mesh-Fabric-Flat-Hat-Newsboy-Cap-Driving-Fishing-Hat-Peaked-Cap-Adjustable-Cabbie-Hat-p-2025114.html?cur_warehouse=CN&ID=6287830&rmmds=&trace_id=877e1763868096675,2684.2,Budget
12 Pairs Men's Stripe Ankle Socks Casual Breathable Mesh Soft Comfortable Low Cut Elastic Fitness Sports Short Sock,10.29,5.0,8.0,https://www.banggood.com/12-Pairs-Mens-Stripe-Ankle-Socks-Casual-Breathable-Mesh-Soft-Comfortable-Low-Cut-Elastic-Fitness-Sports-Short-Sock-p-2018354.html?cur_warehouse=CN&ID=6287830&rmmds=&trace_id=877e1763868096675,2904.35,Mid-range
Collrown Mens Genuine Leather Baseball Cap with Hidden Earmuff for Fall Winter Outdoor Casual Warm Cow Leather Hat,13.39,5.0,4.0,https://www.banggood.com/Collrown-Mens-Genuine-Leather-Baseball-Cap-with-Hidden-Earmuff-for-Fall-Winter-Outdoor-Casual-Warm-Cow-Leather-Hat-p-2027016.html?cur_warehouse=CN&ID=6287830&rmmds=&trace_id=877e1763868096675,3779.33,Mid-range
Men's Polarized Sunglasses Fashion Round Driving Sun Glasses for Unisex Classic Male Eyewear Travel Hiking Fishing Sunglasses,7.73,4.88,24.0,https://www.banggood.com/Mens-Polarized-Sunglasses-Fashion-Round-Driving-Sun-Glasses-for-Unisex-Classic-Male-Eyewear-Travel-Hiking-Fishing-Sunglasses-p-2022465.html?cur_warehouse=CN&ID=6287830&rmmds=&trace_id=877e1763868096675,2181.79,Budget
Collrown Knitted Berets Patchwork Leather Brim Men Flat Cap Retro Visor Hat Autumn Winter Warmer Casual Crochet Hat Forward Cap,8.74,5.0,3.0,https://www.banggood.com/Collrown-Knitted-Berets-Patchwork-Leather-Brim-Men-Flat-Cap-Retro-Visor-Hat-Autumn-Winter-Warmer-Casual-Crochet-Hat-Forward-Cap-p-2025096.html?cur_warehouse=CN&ID=6287830&rmmds=&trace_id=877e1763868096675,2466.87,Budget
1 Pair Men's Anti-Slip Sport Socks Football Soccer Basketball Tennis Outdoor Grip Cycling Riding Comfortable Non-Slip Design,4.87,5.0,6.0,https://www.banggood.com/1-Pair-Mens-Anti-Slip-Sport-Socks-Football-Soccer-Basketball-Tennis-Outdoor-Grip-Cycling-Riding-Comfortable-Non-Slip-Design-p-2018344.html?cur_warehouse=CN&ID=6287830&rmmds=&trace_id=877e1763868096675,1374.56,Budget
Collrown Genuine Sheepskin Leather Cap Men's Flat Cap Adjustable Outdoor Casual Black Caps for Spring Fall,13.39,5.0,4.0,https://www.banggood.com/Collrown-Genuine-Sheepskin-Leather-Cap-Mens-Flat-Cap-Adjustable-Outdoor-Casual-Black-Caps-for-Spring-Fall-p-2027015.html?cur_warehouse=CN&ID=6287830&rmmds=&trace_id=877e1763868096675,3779.33,Mid-range
Classic Portable Folding Reading Glasses Ultralight Eyewear Anti-blue Light Presbyopia Glasses for Men Women Far Sight Glasses with Box Diopter +1.0 To +3.50,5.8,4.78,18.0,https://www.banggood.com/Classic-Portable-Folding-Reading-Glasses-Ultralight-Eyewear-Anti-blue-Light-Presbyopia-Glasses-for-Men-Women-Far-Sight-Glasses-with-Box-Diopter-+1_0-To-+3_50-p-2024885.html?cur_warehouse=CN&ID=62907696330062&rmmds=&trace_id=877e1763868096675,1637.05,Budget
Collrown Classic Vintage Octagonal Cap Men Hat Newsboy Cap Women Casual Beret Hat Flat Peaked Caps for Autumn Winter,10.29,5.0,6.0,https://www.banggood.com/Collrown-Classic-Vintage-Octagonal-Cap-Men-Hat-Newsboy-Cap-Women-Casual-Beret-Hat-Flat-Peaked-Caps-for-Autumn-Winter-p-2025094.html?cur_warehouse=CN&ID=6287841&rmmds=&trace_id=877e1763868096675,2904.35,Mid-range
Collrown Genuine Sheepskin Leather Baseball Caps Men Fashion Solid Color Casual Peaked Cap Street Hat 55-61CM,12.61,5.0,2.0,https://www.banggood.com/Collrown-Genuine-Sheepskin-Leather-Baseball-Caps-Men-Fashion-Solid-Color-Casual-Peaked-Cap-Street-Hat-55-61CM-p-2027012.html?cur_warehouse=CN&ID=6287830&rmmds=&trace_id=877e1763868096675,3559.17,Mid-range
Men Polarized Sunglasses Fashion Women Square Sports Sunglasses Ultra Light TR90 Frame Driving Sunglasses Vintage Eyewear UV400,8.74,5.0,6.0,https://www.banggood.com/Men-Polarized-Sunglasses-Fashion-Women-Square-Sports-Sunglasses-Ultra-Light-TR90-Frame-Driving-Sunglasses-Vintage-Eyewear-UV400-p-2023879.html?cur_warehouse=CN&ID=6306187&rmmds=&trace_id=877e1763868096675,2466.87,Budget
Collrown Cotton Linen Beret Men's Simple Vintage Forward Cap Casual Daily Flat Hats Solid Color Cabbie Driving Cap Outdoor,8.74,4.33,3.0,https://www.banggood.com/Collrown-Cotton-Linen-Beret-Mens-Simple-Vintage-Forward-Cap-Casual-Daily-Flat-Hats-Solid-Color-Cabbie-Driving-Cap-Outdoor-p-2027010.html?cur_warehouse=CN&ID=6287836&rmmds=&trace_id=877e1763868096675,2466.87,Budget
6 Pairs Men's Pure Cotton Five Finger Socks Breathable Mesh Sweat Absorbent Antibacterial Short Boat Socks Running Sports Toe Sock Comfortable,10.29,4.89,9.0,https://www.banggood.com/6-Pairs-Mens-Pure-Cotton-Five-Finger-Socks-Breathable-Mesh-Sweat-Absorbent-Antibacterial-Short-Boat-Socks-Running-Sports-Toe-Sock-Comfortable-p-2018349.html?cur_warehouse=CN&ID=6287830&rmmds=&trace_id=877e1763868096675,2904.35,Mid-range
Anti Blue Light Reading Glasses Men Black Full Frame Hyperopia Eyewear High-definition Comfortable Presbyopia Glasses,4.64,5.0,4.0,https://www.banggood.com/Anti-Blue-Light-Reading-Glasses-Men-Black-Full-Frame-Hyperopia-Eyewear-High-definition-Comfortable-Presbyopia-Glasses-p-2026682.html?cur_warehouse=CN&ID=6330062&rmmds=&trace_id=877e1763868096675,1309.64,Budget
Collrown British Style Men's Beret Cap with Stitching Plaid Pattern Vintage Peaked Cap for Autumn Winter Mens Flat Hat Newsboy Cap,10.06,5.0,5.0,https://www.banggood.com/Collrown-British-Style-Mens-Beret-Cap-with-Stitching-Plaid-Pattern-Vintage-Peaked-Cap-for-Autumn-Winter-Mens-Flat-Hat-Newsboy-Cap-p-2025095.html?cur_warehouse=CN&ID=6287830&rmmds=&trace_id=877e1763868096675,2839.44,Budget
"5pairs Men's Fun Dress Socks, Cotton Long Socks, Cool Funky Crew Socks For Men, Plus Size Colorful Striped Fun Novelty Socks",12.61,5.0,6.0,"https://www.banggood.com/5pairs-Mens-Fun-Dress-Socks,Cotton-Long-Socks,Cool-Funky-Crew-Socks-For-Men,Plus-Size-Colorful-Striped-Fun-Novelty-Socks-p-2020344.html?cur_warehouse=CN&ID=6299808&rmmds=&trace_id=877e1763868096675",3559.17,Mid-range
Ultralight Reading Glasses Anti-blue light Presbyopic Glasses For Women Men High Definition Comfortable Anti Eyestrain Glasses,5.64,5.0,10.0,https://www.banggood.com/Ultralight-Reading-Glasses-Anti-blue-light-Presbyopic-Glasses-For-Women-Men-High-Definition-Comfortable-Anti-Eyestrain-Glasses-p-2024886.html?cur_warehouse=CN&ID=62907696330062&rmmds=&trace_id=877e1763868096675,1591.89,Budget
Retro Round Metal Frame Reading Glasses Minimalist Anti-blue Light Presbyopia Eyeglasses,8.51,5.0,1.0,https://www.banggood.com/Retro-Round-Metal-Frame-Reading-Glasses-Minimalist-Anti-blue-Light-Presbyopia-Eyeglasses-p-2033522.html?cur_warehouse=CN&ID=6330061&rmmds=&trace_id=81611763868120152,2401.95,Budget
Photochromic Polarized Sunglasses UV400 Protection Anti-Glare Sun Glasses for Outdoor Driving Fishing with Case,6.42,5.0,16.0,https://www.banggood.com/Photochromic-Polarized-Sunglasses-UV400-Protection-Anti-Glare-Sun-Glasses-for-Outdoor-Driving-Fishing-with-Case-p-2032969.html?cur_warehouse=CN&ID=6333157&rmmds=&trace_id=81611763868120152,1812.04,Budget
"Magnetic Neck-hanging Foldable Reading Glasses, Anti-Blue Light High-definition Reading Glasses, Ultra-light Portable Hyperopia Glasses",6.19,4.93,30.0,"https://www.banggood.com/Magnetic-Neck-hanging-Foldable-Reading-Glasses,Anti-Blue-Light-High-definition-Reading-Glasses,Ultra-light-Portable-Hyperopia-Glasses-p-2028091.html?cur_warehouse=CN&ID=6330061&rmmds=&trace_id=81611763868120152",1747.13,Budget
1 Pcs Lightweight Portable Soft Tape Hanging Neck Magnetic Reading Glasses Comfortable HD Anti-blue Light Presbyopia Glasses,5.41,5.0,7.0,https://www.banggood.com/1-Pcs-Lightweight-Portable-Soft-Tape-Hanging-Neck-Magnetic-Reading-Glasses-Comfortable-HD-Anti-blue-Light-Presbyopia-Glasses-p-2031233.html?cur_warehouse=CN&ID=6330061&rmmds=&trace_id=81611763868120152,1526.97,Budget
KDEAM Fashion Square Polarized Sunglasses Colorful Lenses UV400 Sports Sun Glasses for Outdoor Travel Driving Fishing,9.28,5.0,6.0,https://www.banggood.com/KDEAM-Fashion-Square-Polarized-Sunglasses-Colorful-Lenses-UV400-Sports-Sun-Glasses-for-Outdoor-Travel-Driving-Fishing-p-2033517.html?cur_warehouse=CN&ID=6287830&rmmds=&trace_id=81611763868120152,2619.28,Budget
Progressive Multifocal Anti-blue Light Reading Glasses HD Lightweight Fashion Presbyopia Glasses,4.64,5.0,1.0,https://www.banggood.com/Progressive-Multifocal-Anti-blue-Light-Reading-Glasses-HD-Lightweight-Fashion-Presbyopia-Glasses-p-2037279.html?cur_warehouse=CN&ID=6330061&rmmds=&trace_id=81611763868120152,1309.64,Budget
TR90 Reading Glasses Anti-blue Light High Definition Presbyopia Eyeglasses Men's Hyperopia Optical Eyewear Ultralight Sport Non-slip Eyeglasses Diopters To +3.5,4.1,4.79,47.0,https://www.banggood.com/TR90-Reading-Glasses-Anti-blue-Light-High-Definition-Presbyopia-Eyeglasses-Mens-Hyperopia-Optical-Eyewear-Ultralight-Sport-Non-slip-Eyeglasses-Diopters-To-+3_5-p-2024888.html?cur_warehouse=CN&ID=62878446330062&rmmds=&trace_id=81611763868120152,1157.22,Budget
Progressive Multifocal Photochromic Reading Glasses for Men Women HD Anti-blue Light Near Far Eyeglasses,5.41,4.67,21.0,https://www.banggood.com/Progressive-Multifocal-Photochromic-Reading-Glasses-for-Men-Women-HD-Anti-blue-Light-Near-Far-Eyeglasses-p-2035951.html?cur_warehouse=CN&ID=6330061&rmmds=&trace_id=81611763868120152,1526.97,Budget
Photochromic Auto Zoom Reading Glasses HD Near Far Anti-blue Light Business Presbyopia Glasses,8.74,4.78,87.0,https://www.banggood.com/Photochromic-Auto-Zoom-Reading-Glasses-HD-Near-Far-Anti-blue-Light-Business-Presbyopia-Glasses-p-2032733.html?cur_warehouse=CN&ID=6330061&rmmds=&trace_id=81611763868120152,2466.87,Budget
Ultralight Sports Reading Glasses Anti-blue Light Eyewear Glasses TR90 Frame Presbyopia Eyeglasses for Men Women,5.64,5.0,9.0,https://www.banggood.com/Ultralight-Sports-Reading-Glasses-Anti-blue-Light-Eyewear-Glasses-TR90-Frame-Presbyopia-Eyeglasses-for-Men-Women-p-2024887.html?cur_warehouse=CN&ID=62972926330062&rmmds=&trace_id=81611763868120152,1591.89,Budget
Business Reading Glasses Classic Rectangle Computer Anti Eyestrain Presbyopic Glasses Anti Blue Light Eye Glasses For Women Men,5.64,4.67,6.0,https://www.banggood.com/Business-Reading-Glasses-Classic-Rectangle-Computer-Anti-Eyestrain-Presbyopic-Glasses-Anti-Blue-Light-Eye-Glasses-For-Women-Men-p-2024884.html?cur_warehouse=CN&ID=62878306330062&rmmds=&trace_id=81611763868120152,1591.89,Budget
Men's Polarized Sunglasses Fashion Round Driving Sun Glasses for Unisex Classic Male Eyewear Travel Hiking Fishing Sunglasses,7.73,4.88,24.0,https://www.banggood.com/Mens-Polarized-Sunglasses-Fashion-Round-Driving-Sun-Glasses-for-Unisex-Classic-Male-Eyewear-Travel-Hiking-Fishing-Sunglasses-p-2022465.html?cur_warehouse=CN&ID=6287830&rmmds=&trace_id=81611763868120152,2181.79,Budget
Classic Portable Folding Reading Glasses Ultralight Eyewear Anti-blue Light Presbyopia Glasses for Men Women Far Sight Glasses with Box Diopter +1.0 To +3.50,5.8,4.78,18.0,https://www.banggood.com/Classic-Portable-Folding-Reading-Glasses-Ultralight-Eyewear-Anti-blue-Light-Presbyopia-Glasses-for-Men-Women-Far-Sight-Glasses-with-Box-Diopter-+1_0-To-+3_50-p-2024885.html?cur_warehouse=CN&ID=62907696330062&rmmds=&trace_id=81611763868120152,1637.05,Budget
Men Polarized Sunglasses Fashion Women Square Sports Sunglasses Ultra Light TR90 Frame Driving Sunglasses Vintage Eyewear UV400,8.74,5.0,6.0,https://www.banggood.com/Men-Polarized-Sunglasses-Fashion-Women-Square-Sports-Sunglasses-Ultra-Light-TR90-Frame-Driving-Sunglasses-Vintage-Eyewear-UV400-p-2023879.html?cur_warehouse=CN&ID=6306187&rmmds=&trace_id=81611763868120152,2466.87,Budget
Anti Blue Light Reading Glasses Men Black Full Frame Hyperopia Eyewear High-definition Comfortable Presbyopia Glasses,4.64,5.0,4.0,https://www.banggood.com/Anti-Blue-Light-Reading-Glasses-Men-Black-Full-Frame-Hyperopia-Eyewear-High-definition-Comfortable-Presbyopia-Glasses-p-2026682.html?cur_warehouse=CN&ID=6330062&rmmds=&trace_id=81611763868120152,1309.64,Budget
Ultralight Reading Glasses Anti-blue light Presbyopic Glasses For Women Men High Definition Comfortable Anti Eyestrain Glasses,5.64,5.0,10.0,https://www.banggood.com/Ultralight-Reading-Glasses-Anti-blue-light-Presbyopic-Glasses-For-Women-Men-High-Definition-Comfortable-Anti-Eyestrain-Glasses-p-2024886.html?cur_warehouse=CN&ID=62907696330062&rmmds=&trace_id=81611763868120152,1591.89,Budget
Folding Stretching Presbyopia Glasses Portable Anti Blue Light Reading Glasses Ultra-light Anti-fatigue Presbyopia Glasses Lighter Case,4.87,5.0,5.0,https://www.banggood.com/Folding-Stretching-Presbyopia-Glasses-Portable-Anti-Blue-Light-Reading-Glasses-Ultra-light-Anti-fatigue-Presbyopia-Glasses-Lighter-Case-p-2026686.html?cur_warehouse=CN&ID=6330062&rmmds=&trace_id=81611763868120152,1374.56,Budget
"Clear HD Lenses Foldable Reading Glasses Anti-Blue Light Presbyopia Glasses Eye Protection Anti-fatigue Distance Glasses, Men's Women's Full-frame Alloy",4.87,5.0,8.0,"https://www.banggood.com/Clear-HD-Lenses-Foldable-Reading-Glasses-Anti-Blue-Light-Presbyopia-Glasses-Eye-Protection-Anti-fatigue-Distance-Glasses,Mens-Womens-Full-frame-Alloy-p-2026681.html?cur_warehouse=CN&ID=6330061&rmmds=&trace_id=81611763868120152",1374.56,Budget
UV Protection Sport Sunglasses Men Cycling Goggles Outdoor Sports Polarized Colorful Film Women Sunglasses Fishing Glasses,7.19,5.0,7.0,https://www.banggood.com/UV-Protection-Sport-Sunglasses-Men-Cycling-Goggles-Outdoor-Sports-Polarized-Colorful-Film-Women-Sunglasses-Fishing-Glasses-p-2023878.html?cur_warehouse=CN&ID=6306187&rmmds=&trace_id=81611763868120152,2029.38,Budget
Men Polarized Sunglasses Fashion Square Sports Sun Glasses Male Driving Fishing Goggle UV400 Women Travel Eyewear,7.35,4.64,11.0,https://www.banggood.com/Men-Polarized-Sunglasses-Fashion-Square-Sports-Sun-Glasses-Male-Driving-Fishing-Goggle-UV400-Women-Travel-Eyewear-p-2023880.html?cur_warehouse=CN&ID=6290823&rmmds=&trace_id=81611763868120152,2074.54,Budget
Men's Polarized Sunglasses Round Gothic Steampunk Sunglasses Men Vintage Metal Clear Lens Glasses Spring Hinge Oculos UV400 Lunette,7.73,5.0,6.0,https://www.banggood.com/Mens-Polarized-Sunglasses-Round-Gothic-Steampunk-Sunglasses-Men-Vintage-Metal-Clear-Lens-Glasses-Spring-Hinge-Oculos-UV400-Lunette-p-2022464.html?cur_warehouse=CN&ID=6287830&rmmds=&trace_id=81611763868120152,2181.79,Budget
Mens Polarized Sunglasses Luxury Fashion Cat Eye Retro Metal Colorful Lens Oculos UV400 Sun Glasses,7.19,4.83,6.0,https://www.banggood.com/Mens-Polarized-Sunglasses-Luxury-Fashion-Cat-Eye-Retro-Metal-Colorful-Lens-Oculos-UV400-Sun-Glasses-p-2022466.html?cur_warehouse=CN&ID=6287830&rmmds=&trace_id=81611763868120152,2029.38,Budget
XANES Polarized Photochromic Cycling Sunglasses Men Women UV400 Outdoor Sports Bicycle Glasses MTB Goggles,11.99,5.0,1.0,https://www.banggood.com/XANES-Polarized-Photochromic-Cycling-Sunglasses-Men-Women-UV400-Outdoor-Sports-Bicycle-Glasses-MTB-Goggles-p-2042612.html?cur_warehouse=CN&ID=6287845&rmmds=&trace_id=81611763868120152,3384.18,Mid-range
Hasp Reading Glasses Case Hung On the Belt Leather Waistpack Sunglasses Storage Box for Everyday Use,4.87,5.0,1.0,https://www.banggood.com/Hasp-Reading-Glasses-Case-Hung-On-the-Belt-Leather-Waistpack-Sunglasses-Storage-Box-for-Everyday-Use-p-2032342.html?cur_warehouse=CN&ID=6287830&rmmds=&trace_id=81611763868120152,1374.56,Budget
Fashion Punk Retro Polarized Round Sunglasses with Leather Strap Accents UV400 Protection Eyewear Glasses for Outdoor Travel Driving,6.42,5.0,2.0,https://www.banggood.com/Fashion-Punk-Retro-Polarized-Round-Sunglasses-with-Leather-Strap-Accents-UV400-Protection-Eyewear-Glasses-for-Outdoor-Travel-Driving-p-2033518.html?cur_warehouse=CN&ID=6287830&rmmds=&trace_id=81611763868120152,1812.04,Budget
Vintage Round Rimless Reading Glasses UV protection Anti-blue light Presbyopia Eyeglasses with Case,5.64,4.823279220779221,0.0,https://www.banggood.com/Vintage-Round-Rimless-Reading-Glasses-UV-protection-Anti-blue-light-Presbyopia-Eyeglasses-with-Case-p-2033519.html?cur_warehouse=CN&ID=6330061&rmmds=&trace_id=81611763868120152,1591.89,Budget
Fashion Retro Square Sunglasses UV400 Protection HD Sun Eyeglass for Outdoor Travel Driving with Case,5.64,4.823279220779221,0.0,https://www.banggood.com/Fashion-Retro-Square-Sunglasses-UV400-Protection-HD-Sun-Eyeglass-for-Outdoor-Travel-Driving-with-Case-p-2033520.html?cur_warehouse=CN&ID=6287830&rmmds=&trace_id=81611763868120152,1591.89,Budget
1Pcs Lightweight Portable Hanging Neck Single Reading Glasses HD Anti-blue Light Anti-loss Hand-woven Lanyard Pendant Presbyopia Glasses,3.86,5.0,2.0,https://www.banggood.com/1Pcs-Lightweight-Portable-Hanging-Neck-Single-Reading-Glasses-HD-Anti-blue-Light-Anti-loss-Hand-woven-Lanyard-Pendant-Presbyopia-Glasses-p-2031230.html?cur_warehouse=CN&ID=62878306330063&rmmds=&trace_id=81611763868120152,1089.48,Budget
1Pcs Mini Folding Neck Hanging Reading Glasses Portable Lanyard Necklace Comfortable Anti-blue Light Presbyopia Glasses,3.32,5.0,1.0,https://www.banggood.com/1Pcs-Mini-Folding-Neck-Hanging-Reading-Glasses-Portable-Lanyard-Necklace-Comfortable-Anti-blue-Light-Presbyopia-Glasses-p-2031234.html?cur_warehouse=CN&ID=62878356330065&rmmds=&trace_id=81611763868120152,937.07,Budget
"Portable Soft Zipper Glasses Bag with Buckle Lightweight Double Pockets Case can Store Mobile Phones, Headphones, Bank Cards Mini Storage Bag",4.1,5.0,3.0,"https://www.banggood.com/Portable-Soft-Zipper-Glasses-Bag-with-Buckle-Lightweight-Double-Pockets-Case-can-Store-Mobile-Phones,Headphones,Bank-Cards-Mini-Storage-Bag-p-2032343.html?cur_warehouse=CN&ID=6287830&rmmds=&trace_id=81611763868120152",1157.22,Budget
Collrown Vintage Berets Mens PU Leather Beret Hats Autumn Winter Adjustable Hats Men's Visor Warm Flat Peaked Cap Cabbie Hunting Thicken Hat,9.51,5.0,6.0,https://www.banggood.com/Collrown-Vintage-Berets-Mens-PU-Leather-Beret-Hats-Autumn-Winter-Adjustable-Hats-Mens-Visor-Warm-Flat-Peaked-Cap-Cabbie-Hunting-Thicken-Hat-p-2025097.html?cur_warehouse=CN&ID=6287830&rmmds=&trace_id=b1ec1763868143103,2684.2,Budget
Collrown Men Winter Knitted Hat Outdoor Cycling Ear Protection Warmth Peaked Cap Riding Thick Earmuffs Beanie Hats,6.57,5.0,4.0,https://www.banggood.com/Collrown-Men-Winter-Knitted-Hat-Outdoor-Cycling-Ear-Protection-Warmth-Peaked-Cap-Riding-Thick-Earmuffs-Beanie-Hats-p-2027014.html?cur_warehouse=CN&ID=6289607&rmmds=&trace_id=b1ec1763868143103,1854.38,Budget
Collrown Men's Outdoor PU Leather Baseball Cap Casual Sun Hat Adjustable Sport Casual Visor Hat for Autumn Winter,10.29,5.0,6.0,https://www.banggood.com/Collrown-Mens-Outdoor-PU-Leather-Baseball-Cap-Casual-Sun-Hat-Adjustable-Sport-Casual-Visor-Hat-for-Autumn-Winter-p-2025122.html?cur_warehouse=CN&ID=6287830&rmmds=&trace_id=b1ec1763868143103,2904.35,Mid-range
Collrown Men Berets Retro Patchwork Plaid hat Men's Flat Cap England Newsboy Cap Classic Peaked Painter Caps for Spring Summer Autumn Winter,8.51,5.0,3.0,https://www.banggood.com/Collrown-Men-Berets-Retro-Patchwork-Plaid-hat-Mens-Flat-Cap-England-Newsboy-Cap-Classic-Peaked-Painter-Caps-for-Spring-Summer-Autumn-Winter-p-2025093.html?cur_warehouse=CN&ID=6287830&rmmds=&trace_id=b1ec1763868143103,2401.95,Budget
Collrown Fashion Baseball Cap Outdoor Men's Adjustable PU Leather Hat Letters Embossed Casual Hats Women Unisex Sport Sun Visor Hat,9.51,5.0,3.0,https://www.banggood.com/Collrown-Fashion-Baseball-Cap-Outdoor-Mens-Adjustable-PU-Leather-Hat-Letters-Embossed-Casual-Hats-Women-Unisex-Sport-Sun-Visor-Hat-p-2025123.html?cur_warehouse=CN&ID=6287830&rmmds=&trace_id=b1ec1763868143103,2684.2,Budget
Collrown Breathable Beret Cap Men Mesh Fabric Flat Hat Newsboy Cap Driving Fishing Hat Peaked Cap Adjustable Cabbie Hat,9.51,5.0,6.0,https://www.banggood.com/Collrown-Breathable-Beret-Cap-Men-Mesh-Fabric-Flat-Hat-Newsboy-Cap-Driving-Fishing-Hat-Peaked-Cap-Adjustable-Cabbie-Hat-p-2025114.html?cur_warehouse=CN&ID=6287830&rmmds=&trace_id=b1ec1763868143103,2684.2,Budget
Collrown Mens Genuine Leather Baseball Cap with Hidden Earmuff for Fall Winter Outdoor Casual Warm Cow Leather Hat,13.39,5.0,4.0,https://www.banggood.com/Collrown-Mens-Genuine-Leather-Baseball-Cap-with-Hidden-Earmuff-for-Fall-Winter-Outdoor-Casual-Warm-Cow-Leather-Hat-p-2027016.html?cur_warehouse=CN&ID=6287830&rmmds=&trace_id=b1ec1763868143103,3779.33,Mid-range
Collrown Knitted Berets Patchwork Leather Brim Men Flat Cap Retro Visor Hat Autumn Winter Warmer Casual Crochet Hat Forward Cap,8.74,5.0,3.0,https://www.banggood.com/Collrown-Knitted-Berets-Patchwork-Leather-Brim-Men-Flat-Cap-Retro-Visor-Hat-Autumn-Winter-Warmer-Casual-Crochet-Hat-Forward-Cap-p-2025096.html?cur_warehouse=CN&ID=6287830&rmmds=&trace_id=b1ec1763868143103,2466.87,Budget
Collrown Genuine Sheepskin Leather Cap Men's Flat Cap Adjustable Outdoor Casual Black Caps for Spring Fall,13.39,5.0,4.0,https://www.banggood.com/Collrown-Genuine-Sheepskin-Leather-Cap-Mens-Flat-Cap-Adjustable-Outdoor-Casual-Black-Caps-for-Spring-Fall-p-2027015.html?cur_warehouse=CN&ID=6287830&rmmds=&trace_id=b1ec1763868143103,3779.33,Mid-range
Collrown Classic Vintage Octagonal Cap Men Hat Newsboy Cap Women Casual Beret Hat Flat Peaked Caps for Autumn Winter,10.29,5.0,6.0,https://www.banggood.com/Collrown-Classic-Vintage-Octagonal-Cap-Men-Hat-Newsboy-Cap-Women-Casual-Beret-Hat-Flat-Peaked-Caps-for-Autumn-Winter-p-2025094.html?cur_warehouse=CN&ID=6287841&rmmds=&trace_id=b1ec1763868143103,2904.35,Mid-range
Collrown Genuine Sheepskin Leather Baseball Caps Men Fashion Solid Color Casual Peaked Cap Street Hat 55-61CM,12.61,5.0,2.0,https://www.banggood.com/Collrown-Genuine-Sheepskin-Leather-Baseball-Caps-Men-Fashion-Solid-Color-Casual-Peaked-Cap-Street-Hat-55-61CM-p-2027012.html?cur_warehouse=CN&ID=6287830&rmmds=&trace_id=b1ec1763868143103,3559.17,Mid-range
Collrown Cotton Linen Beret Men's Simple Vintage Forward Cap Casual Daily Flat Hats Solid Color Cabbie Driving Cap Outdoor,8.74,4.33,3.0,https://www.banggood.com/Collrown-Cotton-Linen-Beret-Mens-Simple-Vintage-Forward-Cap-Casual-Daily-Flat-Hats-Solid-Color-Cabbie-Driving-Cap-Outdoor-p-2027010.html?cur_warehouse=CN&ID=6287836&rmmds=&trace_id=b1ec1763868143103,2466.87,Budget
Collrown British Style Men's Beret Cap with Stitching Plaid Pattern Vintage Peaked Cap for Autumn Winter Mens Flat Hat Newsboy Cap,10.06,5.0,5.0,https://www.banggood.com/Collrown-British-Style-Mens-Beret-Cap-with-Stitching-Plaid-Pattern-Vintage-Peaked-Cap-for-Autumn-Winter-Mens-Flat-Hat-Newsboy-Cap-p-2025095.html?cur_warehouse=CN&ID=6287830&rmmds=&trace_id=b1ec1763868143103,2839.44,Budget
Collrown Denim Beret Hat Vintage Casual Flat Hat for Men Embroidery Patchwork Aged Peaked Cap Outdoor Retro Caps,8.74,5.0,2.0,https://www.banggood.com/Collrown-Denim-Beret-Hat-Vintage-Casual-Flat-Hat-for-Men-Embroidery-Patchwork-Aged-Peaked-Cap-Outdoor-Retro-Caps-p-2025113.html?cur_warehouse=CN&ID=6287836&rmmds=&trace_id=b1ec1763868143103,2466.87,Budget
Collrown Men Beret Cap Adjustable Cotton Flat Cap Retro Duck Tongue Cap Warm Forward Cap Driving Hat Newsboy Hats,8.74,5.0,5.0,https://www.banggood.com/Collrown-Men-Beret-Cap-Adjustable-Cotton-Flat-Cap-Retro-Duck-Tongue-Cap-Warm-Forward-Cap-Driving-Hat-Newsboy-Hats-p-2027013.html?cur_warehouse=CN&ID=6287835&rmmds=&trace_id=b1ec1763868143103,2466.87,Budget
Collrown Beret Mens Adjustable PU Leather Flat Cap Stitch Newsboy Cap Driving Fishing Cabbie Hat Peaked Cap for Autumn Winter,10.06,5.0,3.0,https://www.banggood.com/Collrown-Beret-Mens-Adjustable-PU-Leather-Flat-Cap-Stitch-Newsboy-Cap-Driving-Fishing-Cabbie-Hat-Peaked-Cap-for-Autumn-Winter-p-2025115.html?cur_warehouse=CN&ID=6287830&rmmds=&trace_id=b1ec1763868143103,2839.44,Budget
Collrown Men's Outdoor Genuine Leather Berets Forward Cap for Autumn Winter Casual Flat Peaked Hat,13.15,5.0,4.0,https://www.banggood.com/Collrown-Mens-Outdoor-Genuine-Leather-Berets-Forward-Cap-for-Autumn-Winter-Casual-Flat-Peaked-Hat-p-2027019.html?cur_warehouse=CN&ID=6289414&rmmds=&trace_id=b1ec1763868143103,3711.59,Mid-range
Collrown Berets Mens Flat Caps Genuine Leather Duck Tongue Cap Classic Adjustable Casual Driving Cabbie Hat,11.84,5.0,2.0,https://www.banggood.com/Collrown-Berets-Mens-Flat-Caps-Genuine-Leather-Duck-Tongue-Cap-Classic-Adjustable-Casual-Driving-Cabbie-Hat-p-2027011.html?cur_warehouse=CN&ID=6287830&rmmds=&trace_id=b1ec1763868143103,3341.84,Mid-range
Quick-drying Sun Protection Mesh Breathable Baseball Caps Lightweight Adjustable Outdoor Sports Cycling Casual Fishing Forward Cap Trucker Hat,7.97,4.823279220779221,0.0,https://www.banggood.com/Quick-drying-Sun-Protection-Mesh-Breathable-Baseball-Caps-Lightweight-Adjustable-Outdoor-Sports-Cycling-Casual-Fishing-Forward-Cap-Trucker-Hat-p-2035173.html?cur_warehouse=CN&ID=6287830&rmmds=&trace_id=b1ec1763868143103,2249.53,Budget
Outdoor Sport Running Baseball Cap Breathable Quick-drying Summer Visor Cap for Men Women Snapback Hat,7.19,5.0,2.0,https://www.banggood.com/Outdoor-Sport-Running-Baseball-Cap-Breathable-Quick-drying-Summer-Visor-Cap-for-Men-Women-Snapback-Hat-p-2035174.html?cur_warehouse=CN&ID=6287830&rmmds=&trace_id=b1ec1763868143103,2029.38,Budget
Men's Breathable Mesh Forward Hat Summer Sport Sunshade Quick Drying Lightweight Adjustable Peaked Cap,7.35,5.0,2.0,https://www.banggood.com/Mens-Breathable-Mesh-Forward-Hat-Summer-Sport-Sunshade-Quick-Drying-Lightweight-Adjustable-Peaked-Cap-p-2037177.html?cur_warehouse=CN&ID=6287830&rmmds=&trace_id=b1ec1763868143103,2074.54,Budget
Outdoor Sport Long Brim Foldable Baseball Cap Unisex Waterproof Breathable Quick Drying Sun Protection Peaked Cap,10.29,5.0,1.0,https://www.banggood.com/Outdoor-Sport-Long-Brim-Foldable-Baseball-Cap-Unisex-Waterproof-Breathable-Quick-Drying-Sun-Protection-Peaked-Cap-p-2037178.html?cur_warehouse=CN&ID=6287830&rmmds=&trace_id=b1ec1763868143103,2904.35,Mid-range
1PC Men Camouflage Baseball Cap with Hook Loop Summer Breathable Sun Hat for Fishing Hiking Outdoor Sports Easy for Hold Sunglasses,7.19,4.823279220779221,0.0,https://www.banggood.com/1PC-Men-Camouflage-Baseball-Cap-with-Hook-Loop-Summer-Breathable-Sun-Hat-for-Fishing-Hiking-Outdoor-Sports-Easy-for-Hold-Sunglasses-p-2038595.html?cur_warehouse=CN&ID=6287830&rmmds=&trace_id=b1ec1763868143103,2029.38,Budget
1PC Men Camouflage Tactical Baseball Cap Summer Breathable Sun Hat for Fishing Hiking Outdoor Sports,7.19,5.0,1.0,https://www.banggood.com/1PC-Men-Camouflage-Tactical-Baseball-Cap-Summer-Breathable-Sun-Hat-for-Fishing-Hiking-Outdoor-Sports-p-2038596.html?cur_warehouse=CN&ID=6287830&rmmds=&trace_id=b1ec1763868143103,2029.38,Budget
Solid Washed Denim Baseball Cap Vintage Unisex Cotton Sport Hat Outdoor Soft Breathable Versatile Sunshade Caps Women Men,6.57,5.0,1.0,https://www.banggood.com/Solid-Washed-Denim-Baseball-Cap-Vintage-Unisex-Cotton-Sport-Hat-Outdoor-Soft-Breathable-Versatile-Sunshade-Caps-Women-Men-p-2040384.html?cur_warehouse=CN&ID=6287830&rmmds=&trace_id=b1ec1763868143103,1854.38,Budget
Men's Outdoor Baseball Cap Fashion Soft Adjustable Sun Protection Casual Hat for Spring Autumn Travel Daily Sports,6.57,5.0,1.0,https://www.banggood.com/Mens-Outdoor-Baseball-Cap-Fashion-Soft-Adjustable-Sun-Protection-Casual-Hat-for-Spring-Autumn-Travel-Daily-Sports-p-2040385.html?cur_warehouse=CN&ID=6287830&rmmds=&trace_id=b1ec1763868143103,1854.38,Budget
Summer Breathable Hiking Caps Mesh Quick Drying Men Women's Outdoor Sports Travel Fishing Climbing Cycling Running Baseball Hat,7.97,4.5,2.0,https://www.banggood.com/Summer-Breathable-Hiking-Caps-Mesh-Quick-Drying-Men-Womens-Outdoor-Sports-Travel-Fishing-Climbing-Cycling-Running-Baseball-Hat-p-2033582.html?cur_warehouse=CN&ID=6287830&rmmds=&trace_id=b1ec1763868143103,2249.53,Budget
Men Lightweight Quick Dry Breathable Baseball Cap Cool Mesh Outdoor Sports Sun Protection Duckbill Cap for Summer Running Fishing Riding Travel,8.12,4.67,3.0,https://www.banggood.com/Men-Lightweight-Quick-Dry-Breathable-Baseball-Cap-Cool-Mesh-Outdoor-Sports-Sun-Protection-Duckbill-Cap-for-Summer-Running-Fishing-Riding-Travel-p-2033583.html?cur_warehouse=CN&ID=6287830&rmmds=&trace_id=b1ec1763868143103,2291.87,Budget
Spring Summer Breathable Mesh Baseball Caps for Men Women Outdoor Sports Fishing Driving Adjustable Casual Hats Sunscreen Hat,8.12,5.0,2.0,https://www.banggood.com/Spring-Summer-Breathable-Mesh-Baseball-Caps-for-Men-Women-Outdoor-Sports-Fishing-Driving-Adjustable-Casual-Hats-Sunscreen-Hat-p-2035172.html?cur_warehouse=CN&ID=6287830&rmmds=&trace_id=b1ec1763868143103,2291.87,Budget
Double V Shoe Dryer Timed Quick Drying Shoe Dryer Portable Foldable Shoe Dryer Constant Temperature Dehumidification Odor,14.7,4.27,22.0,https://www.banggood.com/Double-V-Shoe-Dryer-Timed-Quick-Drying-Shoe-Dryer-Portable-Foldable-Shoe-Dryer-Constant-Temperature-Dehumidification-Odor-p-2022705.html?cur_warehouse=CN&ID=47184&rmmds=CategoryHomeAppliancesPop&trace_id=c08f1763868163407,4149.08,Mid-range
Xiaomi Mijia Handheld Garment Steamer 2 Quick Preheating 30kPa Steam 160ml Water Tank Foldable Clothes Iron for Travel,25.54,4.81,26.0,https://www.banggood.com/Xiaomi-Mijia-Handheld-Garment-Steamer-2-Quick-Preheating-30kPa-Steam-160ml-Water-Tank-Foldable-Clothes-Iron-for-Travel-p-2022573.html?cur_warehouse=CN&rmmds=CategoryHomeAppliancesPop&trace_id=c08f1763868163407,7208.66,Premium
Portable Electric Shoe Dryer with Timer and Handle Multi Functional Boot Dryer Constant Temperature and Fast Drying for Socks and Gloves Rainy Seasons,15.48,5.0,5.0,https://www.banggood.com/Portable-Electric-Shoe-Dryer-with-Timer-and-Handle-Multi-Functional-Boot-Dryer-Constant-Temperature-and-Fast-Drying-for-Socks-and-Gloves-Rainy-Seasons-p-2018289.html?cur_warehouse=CN&ID=47184&rmmds=CategoryHomeAppliancesPop&trace_id=c08f1763868163407,4369.23,Mid-range
Portable Handheld Clothes Steamer Hanging Ironing Machine Mini Electric Iron Home Travel Wet And Dry Ironing Machine Steam Machine Dormitory,10.83,5.0,3.0,https://www.banggood.com/Portable-Handheld-Clothes-Steamer-Hanging-Ironing-Machine-Mini-Electric-Iron-Home-Travel-Wet-And-Dry-Ironing-Machine-Steam-Machine-Dormitory-p-2026659.html?cur_warehouse=CN&ID=471846292640&rmmds=CategoryHomeAppliancesPop&trace_id=c08f1763868163407,3056.77,Mid-range
Portable Foldable Rapid Heating Shoe Dryer for Winter Constant Temperature Timed Dehumidification And Deodorization Multi-Sound Intelligent Hot Air Drying Household Shoe Dryer,12.38,4.6,5.0,https://www.banggood.com/Portable-Foldable-Rapid-Heating-Shoe-Dryer-for-Winter-Constant-Temperature-Timed-Dehumidification-And-Deodorization-Multi-Sound-Intelligent-Hot-Air-Drying-Household-Shoe-Dryer-p-2022706.html?cur_warehouse=CN&ID=47184&rmmds=CategoryHomeAppliancesPop&trace_id=c08f1763868163407,3494.26,Mid-range
Xiaomi Mijia Handheld Garment Steamer Iron Home 1200W 220V Handheld Electric Steam Cleaner Hanging Mite Removal Flat Steamer,40.25,5.0,1.0,https://www.banggood.com/Xiaomi-Mijia-Handheld-Garment-Steamer-Iron-Home-1200W-220V-Handheld-Electric-Steam-Cleaner-Hanging-Mite-Removal-Flat-Steamer-p-2023294.html?cur_warehouse=CN&ID=6287845&rmmds=CategoryHomeAppliancesPop&trace_id=c08f1763868163407,11360.56,Premium
800W Wall-Mounted Electric Space Heater with Remote Ceramic Heating LED Display 12-Hour Timer Adjustable Thermostat Energy Efficient for Home and Office,9.75,4.69,16.0,https://www.banggood.com/800W-Wall-Mounted-Electric-Space-Heater-with-Remote-Ceramic-Heating-LED-Display-12-Hour-Timer-Adjustable-Thermostat-Energy-Efficient-for-Home-and-Office-p-2019468.html?cur_warehouse=CN&ID=6296615&rmmds=CategoryHomeAppliancesPop&trace_id=c08f1763868163407,2751.94,Budget
Folding Shoe Drying Machine Constant Temperature Dehumidification Odor Portable Shoe Drying Machine Timed Quick Drying Shoe Machine,14.7,4.67,3.0,https://www.banggood.com/Folding-Shoe-Drying-Machine-Constant-Temperature-Dehumidification-Odor-Portable-Shoe-Drying-Machine-Timed-Quick-Drying-Shoe-Machine-p-2022691.html?cur_warehouse=CN&ID=47184&rmmds=CategoryHomeAppliancesPop&trace_id=c08f1763868163407,4149.08,Mid-range
Foldable Retractable Shoe Dryer Powerful UV Shoe Sterilizer Deodorizer Shoe Dryer Household Portable Shoe Warming Machine,16.25,5.0,1.0,https://www.banggood.com/Foldable-Retractable-Shoe-Dryer-Powerful-UV-Shoe-Sterilizer-Deodorizer-Shoe-Dryer-Household-Portable-Shoe-Warming-Machine-p-2025364.html?cur_warehouse=CN&ID=6287845&rmmds=CategoryHomeAppliancesPop&trace_id=c08f1763868163407,4586.56,Mid-range
Tevorex Portable Heater 500W PTC Heating Technology Intelligent Switch Compact Size Desktop Heater for Home Office Bedroom Energy Efficient,9.28,4.91,11.0,https://www.banggood.com/Tevorex-Portable-Heater-500W-PTC-Heating-Technology-Intelligent-Switch-Compact-Size-Desktop-Heater-for-Home-Office-Bedroom-Energy-Efficient-p-2019469.html?cur_warehouse=CN&ID=62878456296615&rmmds=CategoryHomeAppliancesPop&trace_id=c08f1763868163407,2619.28,Budget
Wall-Mounted Shoe Dryer Constant Temperature Internal Circulation Shoe Drying Machine Regular Ultraviolet Sterilization And Deodorization Shoe Dryer,15.48,4.823279220779221,0.0,https://www.banggood.com/Wall-Mounted-Shoe-Dryer-Constant-Temperature-Internal-Circulation-Shoe-Drying-Machine-Regular-Ultraviolet-Sterilization-And-Deodorization-Shoe-Dryer-p-2024855.html?cur_warehouse=CN&ID=471846287830&rmmds=CategoryHomeAppliancesPop&trace_id=c08f1763868163407,4369.23,Mid-range
Portable Wall-Mounted Electric Heater 500W Low Energy Consumption Adjustable Thermostat LED Display Overheat Protection Remote Control Rotation Plug,9.28,4.09,11.0,https://www.banggood.com/Portable-Wall-Mounted-Electric-Heater-500W-Low-Energy-Consumption-Adjustable-Thermostat-LED-Display-Overheat-Protection-Remote-Control-Rotation-Plug-p-2019467.html?cur_warehouse=CN&ID=6296615&rmmds=CategoryHomeAppliancesPop&trace_id=c08f1763868163407,2619.28,Budget
1200W Ceramic Space Heater Flame Retardant Compact Design Overheating Protection Portable Electric Heater for Desk Small Room Office Winter,13.93,4.67,3.0,https://www.banggood.com/1200W-Ceramic-Space-Heater-Flame-Retardant-Compact-Design-Overheating-Protection-Portable-Electric-Heater-for-Desk-Small-Room-Office-Winter-p-2020265.html?cur_warehouse=CN&ID=62878326296615&rmmds=CategoryHomeAppliancesPop&trace_id=c08f1763868163407,3931.74,Mid-range
3 in 1 Shoe Drying Machine Foldable Rapid Clothes Dryer Intelligent Ultraviolet Sterilization Deodorization Shoe Drying Winter Foot Warmer,17.02,4.823279220779221,0.0,https://www.banggood.com/3-in-1-Shoe-Drying-Machine-Foldable-Rapid-Clothes-Dryer-Intelligent-Ultraviolet-Sterilization-Deodorization-Shoe-Drying-Winter-Foot-Warmer-p-2024333.html?cur_warehouse=CN&ID=471846286073&rmmds=CategoryHomeAppliancesPop&trace_id=c08f1763868163407,4803.89,Mid-range
1500W Household Fan Heater Winter Warm Electric Heater for Office Living Room Bathroom Bedroom Intelligent Temperature Control,23.99,4.823279220779221,0.0,https://www.banggood.com/1500W-Household-Fan-Heater-Winter-Warm-Electric-Heater-for-Office-Living-Room-Bathroom-Bedroom-Intelligent-Temperature-Control-p-2022970.html?cur_warehouse=CN&ID=6317269&rmmds=CategoryHomeAppliancesPop&trace_id=c08f1763868163407,6771.18,Premium
Tevorex Multifunction Electric Lint Remover USB Charging Electric Pellet Fluff Remover Digital Display Debobbler Clothes Shaver for Clothes Sweater,12.38,4.823279220779221,0.0,https://www.banggood.com/Tevorex-Multifunction-Electric-Lint-Remover-USB-Charging-Electric-Pellet-Fluff-Remover-Digital-Display-Debobbler-Clothes-Shaver-for-Clothes-Sweater-p-2043917.html?cur_warehouse=CN&ID=6287845&rmmds=CategoryHomeAppliancesPop&trace_id=c08f1763868163407,3494.26,Mid-range
"Tevorex Detachable Magnetic Hand Warmer 2 in 1 Magnetic Rechargeable Hand Warmers, Mini Electric Handwarmers",16.26,4.823279220779221,0.0,"https://www.banggood.com/Tevorex-Detachable-Magnetic-Hand-Warmer-2-in-1-Magnetic-Rechargeable-Hand-Warmers,Mini-Electric-Handwarmers-p-2044195.html?cur_warehouse=CN&ID=6287835&rmmds=CategoryHomeAppliancesPop&trace_id=c08f1763868163407",4589.38,Mid-range
"Tevorex Blanket Heating Blanket 15 second Rapid 3 Heating Levels Supports USB And Power Bank Charging, For Office Home And Outdoor Warmth",26.31,4.823279220779221,0.0,"https://www.banggood.com/Tevorex-Blanket-Heating-Blanket-15-second-Rapid-3-Heating-Levels-Supports-USB-And-Power-Bank-Charging,For-Office-Home-And-Outdoor-Warmth-p-2044207.html?cur_warehouse=CN&ID=6287845&rmmds=CategoryHomeAppliancesPop&trace_id=c08f1763868163407",7426.0,Premium
"Tevorex 1200W Portable Electric Heater,Fast Heating, 180° Adjustable Angle, Silent & Energy-Efficient Desktop Space Heater for Home & Office",18.57,4.823279220779221,0.0,"https://www.banggood.com/Tevorex-1200W-Portable-Electric-Heater,Fast-Heating,180-Adjustable-Angle,Silent-and-Energy-Efficient-Desktop-Space-Heater-for-Home-and-Office-p-2044211.html?cur_warehouse=CN&ID=6287844&rmmds=CategoryHomeAppliancesPop&trace_id=c08f1763868163407",5241.38,Mid-range
Tevorex Desktop PTC Ceramic Heater with Remote Control Portable Fast-Heating Space Heater for Home & Office,17.02,4.823279220779221,0.0,https://www.banggood.com/Tevorex-Desktop-PTC-Ceramic-Heater-with-Remote-Control-Portable-Fast-Heating-Space-Heater-for-Home-and-Office-p-2044230.html?cur_warehouse=CN&ID=6287830&rmmds=CategoryHomeAppliancesPop&trace_id=c08f1763868163407,4803.89,Mid-range
"Tevorex 1500W Desktop Space Heater with Digital Display Quiet Rapid Heating, High-Power PTC Warm Fan for Home & Office",32.51,4.823279220779221,0.0,"https://www.banggood.com/Tevorex-1500W-Desktop-Space-Heater-with-Digital-Display-Quiet-Rapid-Heating,High-Power-PTC-Warm-Fan-for-Home-and-Office-p-2044235.html?cur_warehouse=CN&ID=6296615&rmmds=CategoryHomeAppliancesPop&trace_id=c08f1763868163407",9175.95,Premium
Mijia 1.8×0.8M Smart Electric Blanket Household Mite Removal Heat Drying Blanket Body Dual Temperature Control,45.67,4.823279220779221,0.0,https://www.banggood.com/Mijia-1_80_8M-Smart-Electric-Blanket-Household-Mite-Removal-Heat-Drying-Blanket-Body-Dual-Temperature-Control-p-2044238.html?cur_warehouse=CN&ID=6287845&rmmds=CategoryHomeAppliancesPop&trace_id=c08f1763868163407,12890.36,Premium
Tevorex Portable Ai Smart LED Digital Display Handheld Steam Iron Home Travel Portable Steam Iron 1200W High Power Handheld Hanging Iron,20.89,4.823279220779221,0.0,https://www.banggood.com/Tevorex-Portable-Ai-Smart-LED-Digital-Display-Handheld-Steam-Iron-Home-Travel-Portable-Steam-Iron-1200W-High-Power-Handheld-Hanging-Iron-p-2038265.html?cur_warehouse=CN&ID=47184&rmmds=CategoryHomeAppliancesPop&trace_id=c08f1763868163407,5896.2,Premium
Tevorex 220V 200W Portable Dryer 240-Minute Timer Auto Shut Off Compact PTC Heating Technology Quick Drying 360° Hot Air Circulation,15.48,4.823279220779221,0.0,https://www.banggood.com/Tevorex-220V-200W-Portable-Dryer-240-Minute-Timer-Auto-Shut-Off-Compact-PTC-Heating-Technology-Quick-Drying-360-Hot-Air-Circulation-p-2035246.html?cur_warehouse=CN&ID=6287845&rmmds=CategoryHomeAppliancesPop&trace_id=c08f1763868163407,4369.23,Mid-range
XIAOMI MIJIA Six-Blade Head for Xiaomi Lint Remover 2,6.96,4.823279220779221,0.0,https://www.banggood.com/XIAOMI-MIJIA-Six-Blade-Head-for-Xiaomi-Lint-Remover-2-p-2035762.html?cur_warehouse=CN&ID=6300463&rmmds=CategoryHomeAppliancesPop&trace_id=c08f1763868163407,1964.46,Budget
Tevorex Handheld Garment Steamer Rotatable Handle 1200W 160° High Temperature Sterilization Portable Home Ironing Machine Various Materials and Fabrics Care,23.22,4.823279220779221,0.0,https://www.banggood.com/Tevorex-Handheld-Garment-Steamer-Rotatable-Handle-1200W-160-High-Temperature-Sterilization-Portable-Home-Ironing-Machine-Various-Materials-and-Fabrics-Care-p-2036453.html?cur_warehouse=CN&ID=6333555&rmmds=CategoryHomeAppliancesPop&trace_id=c08f1763868163407,6553.84,Premium
Tevorex Fully Automatic 2-in-1 Washing and Drying Machine with Lazy Quick-Wash Underwear Washer Multifunctional Makeup Brush Cleaning Cup,23.22,4.823279220779221,0.0,https://www.banggood.com/Tevorex-Fully-Automatic-2-in-1-Washing-and-Drying-Machine-with-Lazy-Quick-Wash-Underwear-Washer-Multifunctional-Makeup-Brush-Cleaning-Cup-p-2037418.html?cur_warehouse=CN&ID=233&rmmds=CategoryHomeAppliancesPop&trace_id=c08f1763868163407,6553.84,Premium
Tevorex Fabric Shaver Electric Sweater Shaver Pills Remover Portable Lint Remover Defuzzer Rechargeable Sweater Defuzzer for Home Dorm,8.51,4.823279220779221,0.0,https://www.banggood.com/Tevorex-Fabric-Shaver-Electric-Sweater-Shaver-Pills-Remover-Portable-Lint-Remover-Defuzzer-Rechargeable-Sweater-Defuzzer-for-Home-Dorm-p-2037881.html?cur_warehouse=CN&ID=6287837&rmmds=CategoryHomeAppliancesPop&trace_id=c08f1763868163407,2401.95,Budget
Tevorex 2-In-1 Handheld Garment Steamers Ironing Machine Travel Portable Ironing Machine Garment Ironing Machine Steamer,20.89,4.823279220779221,0.0,https://www.banggood.com/Tevorex-2-In-1-Handheld-Garment-Steamers-Ironing-Machine-Travel-Portable-Ironing-Machine-Garment-Ironing-Machine-Steamer-p-2040987.html?cur_warehouse=CN&ID=3183&rmmds=CategoryHomeAppliancesPop&trace_id=c08f1763868163407,5896.2,Premium
Tevorex Intelligent Shoe Dryer Foldable Electric Shoe and Boots Dryer Timing Control Household Shoe Warmer Portable Heater For Socks,25.54,4.0,1.0,https://www.banggood.com/Tevorex-Intelligent-Shoe-Dryer-Foldable-Electric-Shoe-and-Boots-Dryer-Timing-Control-Household-Shoe-Warmer-Portable-Heater-For-Socks-p-2041002.html?cur_warehouse=CN&ID=47184&rmmds=CategoryHomeAppliancesPop&trace_id=c08f1763868163407,7208.66,Premium
800W Wall-Mounted Electric Space Heater with Remote Ceramic Heating LED Display 12-Hour Timer Adjustable Thermostat Energy Efficient for Home and Office,9.75,4.69,16.0,https://www.banggood.com/800W-Wall-Mounted-Electric-Space-Heater-with-Remote-Ceramic-Heating-LED-Display-12-Hour-Timer-Adjustable-Thermostat-Energy-Efficient-for-Home-and-Office-p-2019468.html?cur_warehouse=CN&ID=6296615&rmmds=CategoryHomeAppliancesPop&trace_id=c8901763868186851,2751.94,Budget
Tevorex Portable Heater 500W PTC Heating Technology Intelligent Switch Compact Size Desktop Heater for Home Office Bedroom Energy Efficient,9.28,4.91,11.0,https://www.banggood.com/Tevorex-Portable-Heater-500W-PTC-Heating-Technology-Intelligent-Switch-Compact-Size-Desktop-Heater-for-Home-Office-Bedroom-Energy-Efficient-p-2019469.html?cur_warehouse=CN&ID=62878456296615&rmmds=CategoryHomeAppliancesPop&trace_id=c8901763868186851,2619.28,Budget
Portable Wall-Mounted Electric Heater 500W Low Energy Consumption Adjustable Thermostat LED Display Overheat Protection Remote Control Rotation Plug,9.28,4.09,11.0,https://www.banggood.com/Portable-Wall-Mounted-Electric-Heater-500W-Low-Energy-Consumption-Adjustable-Thermostat-LED-Display-Overheat-Protection-Remote-Control-Rotation-Plug-p-2019467.html?cur_warehouse=CN&ID=6296615&rmmds=CategoryHomeAppliancesPop&trace_id=c8901763868186851,2619.28,Budget
1200W Ceramic Space Heater Flame Retardant Compact Design Overheating Protection Portable Electric Heater for Desk Small Room Office Winter,13.93,4.67,3.0,https://www.banggood.com/1200W-Ceramic-Space-Heater-Flame-Retardant-Compact-Design-Overheating-Protection-Portable-Electric-Heater-for-Desk-Small-Room-Office-Winter-p-2020265.html?cur_warehouse=CN&ID=62878326296615&rmmds=CategoryHomeAppliancesPop&trace_id=c8901763868186851,3931.74,Mid-range
1500W Household Fan Heater Winter Warm Electric Heater for Office Living Room Bathroom Bedroom Intelligent Temperature Control,23.99,4.823279220779221,0.0,https://www.banggood.com/1500W-Household-Fan-Heater-Winter-Warm-Electric-Heater-for-Office-Living-Room-Bathroom-Bedroom-Intelligent-Temperature-Control-p-2022970.html?cur_warehouse=CN&ID=6317269&rmmds=CategoryHomeAppliancesPop&trace_id=c8901763868186851,6771.18,Premium
"Tevorex Detachable Magnetic Hand Warmer 2 in 1 Magnetic Rechargeable Hand Warmers, Mini Electric Handwarmers",16.26,4.823279220779221,0.0,"https://www.banggood.com/Tevorex-Detachable-Magnetic-Hand-Warmer-2-in-1-Magnetic-Rechargeable-Hand-Warmers,Mini-Electric-Handwarmers-p-2044195.html?cur_warehouse=CN&ID=6287835&rmmds=CategoryHomeAppliancesPop&trace_id=c8901763868186851",4589.38,Mid-range
"Tevorex Blanket Heating Blanket 15 second Rapid 3 Heating Levels Supports USB And Power Bank Charging, For Office Home And Outdoor Warmth",26.31,4.823279220779221,0.0,"https://www.banggood.com/Tevorex-Blanket-Heating-Blanket-15-second-Rapid-3-Heating-Levels-Supports-USB-And-Power-Bank-Charging,For-Office-Home-And-Outdoor-Warmth-p-2044207.html?cur_warehouse=CN&ID=6287845&rmmds=CategoryHomeAppliancesPop&trace_id=c8901763868186851",7426.0,Premium
"Tevorex 1200W Portable Electric Heater,Fast Heating, 180° Adjustable Angle, Silent & Energy-Efficient Desktop Space Heater for Home & Office",18.57,4.823279220779221,0.0,"https://www.banggood.com/Tevorex-1200W-Portable-Electric-Heater,Fast-Heating,180-Adjustable-Angle,Silent-and-Energy-Efficient-Desktop-Space-Heater-for-Home-and-Office-p-2044211.html?cur_warehouse=CN&ID=6287844&rmmds=CategoryHomeAppliancesPop&trace_id=c8901763868186851",5241.38,Mid-range
Tevorex Desktop PTC Ceramic Heater with Remote Control Portable Fast-Heating Space Heater for Home & Office,17.02,4.823279220779221,0.0,https://www.banggood.com/Tevorex-Desktop-PTC-Ceramic-Heater-with-Remote-Control-Portable-Fast-Heating-Space-Heater-for-Home-and-Office-p-2044230.html?cur_warehouse=CN&ID=6287830&rmmds=CategoryHomeAppliancesPop&trace_id=c8901763868186851,4803.89,Mid-range
"Tevorex 1500W Desktop Space Heater with Digital Display Quiet Rapid Heating, High-Power PTC Warm Fan for Home & Office",32.51,4.823279220779221,0.0,"https://www.banggood.com/Tevorex-1500W-Desktop-Space-Heater-with-Digital-Display-Quiet-Rapid-Heating,High-Power-PTC-Warm-Fan-for-Home-and-Office-p-2044235.html?cur_warehouse=CN&ID=6296615&rmmds=CategoryHomeAppliancesPop&trace_id=c8901763868186851",9175.95,Premium
Mijia 1.8×0.8M Smart Electric Blanket Household Mite Removal Heat Drying Blanket Body Dual Temperature Control,45.67,4.823279220779221,0.0,https://www.banggood.com/Mijia-1_80_8M-Smart-Electric-Blanket-Household-Mite-Removal-Heat-Drying-Blanket-Body-Dual-Temperature-Control-p-2044238.html?cur_warehouse=CN&ID=6287845&rmmds=CategoryHomeAppliancesPop&trace_id=c8901763868186851,12890.36,Premium
"Tevorex Electric PTC Home Heater with Remote Control, 3 Heat Settings, Fast Heating, Air Circulation, Overheat & Tip-Over Protection for Indoor Use",35.6,4.823279220779221,0.0,"https://www.banggood.com/Tevorex-Electric-PTC-Home-Heater-with-Remote-Control,3-Heat-Settings,Fast-Heating,Air-Circulation,Overheat-and-Tip-Over-Protection-for-Indoor-Use-p-2042983.html?cur_warehouse=CN&ID=6287830&rmmds=CategoryHomeAppliancesPop&trace_id=c8901763868186851",10048.1,Premium
Tevorex PTC Fast Heating Desktop Heater 1500W Touch Control Energy-Saving Space Heater for Home & Office,23.22,4.823279220779221,0.0,https://www.banggood.com/Tevorex-PTC-Fast-Heating-Desktop-Heater-1500W-Touch-Control-Energy-Saving-Space-Heater-for-Home-and-Office-p-2042984.html?cur_warehouse=CN&ID=6287830&rmmds=CategoryHomeAppliancesPop&trace_id=c8901763868186851,6553.84,Premium
Tevorex Portable Electric Wall-mounted Heater With LED Display 1200W PTC Ceramic Desktop Heating for Home,23.22,4.823279220779221,0.0,https://www.banggood.com/Tevorex-Portable-Electric-Wall-mounted-Heater-With-LED-Display-1200W-PTC-Ceramic-Desktop-Heating-for-Home-p-2043005.html?cur_warehouse=CN&ID=6287836&rmmds=CategoryHomeAppliancesPop&trace_id=c8901763868186851,6553.84,Premium
Tevorex 700W PTC Portable Desktop Heater with 2 Heat Modes Smart Temperature Control Fast Heating Heater for Home or Office,20.89,4.823279220779221,0.0,https://www.banggood.com/Tevorex-700W-PTC-Portable-Desktop-Heater-with-2-Heat-Modes-Smart-Temperature-Control-Fast-Heating-Heater-for-Home-or-Office-p-2043022.html?cur_warehouse=CN&ID=6287845&rmmds=CategoryHomeAppliancesPop&trace_id=c8901763868186851,5896.2,Premium
TEVOREX 30x60cm Electric Heating Pad with 9 Levels Constant Temp 4 Modes Timer Body Warming Thermal Mat for Leg Abdomen Hand Thermal Mat,18.57,4.823279220779221,0.0,https://www.banggood.com/TEVOREX-30x60cm-Electric-Heating-Pad-with-9-Levels-Constant-Temp-4-Modes-Timer-Body-Warming-Thermal-Mat-for-Leg-Abdomen-Hand-Thermal-Mat-p-2043122.html?cur_warehouse=CN&ID=6296615&rmmds=CategoryHomeAppliancesPop&trace_id=c8901763868186851,5241.38,Mid-range
LED Portable Heater Mini Electric Heater Plug in Wall Room Heater Home Appliance Heating Stove Radiator Remote Warmer Machine,13.15,4.823279220779221,0.0,https://www.banggood.com/LED-Portable-Heater-Mini-Electric-Heater-Plug-in-Wall-Room-Heater-Home-Appliance-Heating-Stove-Radiator-Remote-Warmer-Machine-p-2043145.html?cur_warehouse=CN&ID=6287845&rmmds=CategoryHomeAppliancesPop&trace_id=c8901763868186851,3711.59,Mid-range
"Tevorex Wall-Mounted Desktop Heater with 5-Color Night Light, Fast Heating & LCD Display, 2 Gears Adjustment Timer Heater for Home Office",20.12,4.823279220779221,0.0,"https://www.banggood.com/Tevorex-Wall-Mounted-Desktop-Heater-with-5-Color-Night-Light,Fast-Heating-and-LCD-Display,2-Gears-Adjustment-Timer-Heater-for-Home-Office-p-2043907.html?cur_warehouse=CN&ID=6287830&rmmds=CategoryHomeAppliancesPop&trace_id=c8901763868186851",5678.87,Premium
Tevorex 1200W Remote Control Electric Heater Portable with LED Disaplay Desktop Fan Heater Ceramic Heating Warm Air Blower Home Office Warmer Machine for Winter,27.09,4.75,8.0,https://www.banggood.com/Tevorex-1200W-Remote-Control-Electric-Heater-Portable-with-LED-Disaplay-Desktop-Fan-Heater-Ceramic-Heating-Warm-Air-Blower-Home-Office-Warmer-Machine-for-Winter-p-1999941.html?cur_warehouse=CN&rmmds=CategoryHomeAppliancesPop&trace_id=c8901763868186851,7646.15,Premium
650W Electric Heater with Rapid Heating Intelligent Temperature Control Overheat Protection for Home Office Use,17.02,4.823279220779221,0.0,https://www.banggood.com/650W-Electric-Heater-with-Rapid-Heating-Intelligent-Temperature-Control-Overheat-Protection-for-Home-Office-Use-p-2020336.html?cur_warehouse=CN&ID=6296615&rmmds=CategoryHomeAppliancesPop&trace_id=c8901763868186851,4803.89,Mid-range
Standing Electric Heater High-quality 2-Speed Adjustment Household Portable Heater Home Appliance Keep Warm Tools Heater for Home Office,23.22,4.823279220779221,0.0,https://www.banggood.com/Standing-Electric-Heater-High-quality-2-Speed-Adjustment-Household-Portable-Heater-Home-Appliance-Keep-Warm-Tools-Heater-for-Home-Office-p-2020695.html?cur_warehouse=CN&ID=6296615&rmmds=CategoryHomeAppliancesPop&trace_id=c8901763868186851,6553.84,Premium
Mini Electric Heater with Detachable Hand Warmer 220V 400W Fast Heating Low Noise Bladeless fan Warm Gifts for Home Office Hotel,20.12,4.823279220779221,0.0,https://www.banggood.com/Mini-Electric-Heater-with-Detachable-Hand-Warmer-220V-400W-Fast-Heating-Low-Noise-Bladeless-fan-Warm-Gifts-for-Home-Office-Hotel-p-2024346.html?cur_warehouse=CN&ID=62878456296615&rmmds=CategoryHomeAppliancesPop&trace_id=c8901763868186851,5678.87,Premium
500W Electric Portable Heater PTC Ceramic Fast Space Heater Overheating Tip Over Protection 3S Heating Space For Home Office,13.15,5.0,3.0,https://www.banggood.com/500W-Electric-Portable-Heater-PTC-Ceramic-Fast-Space-Heater-Overheating-Tip-Over-Protection-3S-Heating-Space-For-Home-Office-p-2019471.html?cur_warehouse=CN&ID=6296616&rmmds=CategoryHomeAppliancesPop&trace_id=c8901763868186851,3711.59,Mid-range
600W Smart Space Heater Dual Gear Compact Quiet Heating Threaded Wire EU/US Plug Portable Electric Heater for Home Office,9.28,5.0,1.0,https://www.banggood.com/600W-Smart-Space-Heater-Dual-Gear-Compact-Quiet-Heating-Threaded-Wire-EU-or-US-Plug-Portable-Electric-Heater-for-Home-Office-p-2020256.html?cur_warehouse=CN&ID=62878456296615&rmmds=CategoryHomeAppliancesPop&trace_id=c8901763868186851,2619.28,Budget
1500W Remote Control Space Heater 3 Gear PTC Ceramic Heating Long-Range Remote Adjustable Thermostat Compact Electric Heater for Home Office,27.86,5.0,2.0,https://www.banggood.com/1500W-Remote-Control-Space-Heater-3-Gear-PTC-Ceramic-Heating-Long-Range-Remote-Adjustable-Thermostat-Compact-Electric-Heater-for-Home-Office-p-2020259.html?cur_warehouse=CN&ID=6296615&rmmds=CategoryHomeAppliancesPop&trace_id=c8901763868186851,7863.48,Premium
Portable Desktop Electric Flame Heater 1500W Mini Fast Heating PTC Ceramic Space Fireplace Winter Household Small Electric Heater,17.8,4.7,10.0,https://www.banggood.com/Portable-Desktop-Electric-Flame-Heater-1500W-Mini-Fast-Heating-PTC-Ceramic-Space-Fireplace-Winter-Household-Small-Electric-Heater-p-2020670.html?cur_warehouse=CN&ID=6296616&rmmds=CategoryHomeAppliancesPop&trace_id=c8901763868186851,5024.05,Mid-range
Portable Desktop Electric Heater Fan with Remote Control 4 Modes Heater Save Energy 1000W Mini Fast Heating PTC Ceramic Space Household Heater-EU Plug,28.64,5.0,2.0,https://www.banggood.com/Portable-Desktop-Electric-Heater-Fan-with-Remote-Control-4-Modes-Heater-Save-Energy-1000W-Mini-Fast-Heating-PTC-Ceramic-Space-Household-Heater-EU-Plug-p-2020671.html?cur_warehouse=CN&ID=6287845&rmmds=CategoryHomeAppliancesPop&trace_id=c8901763868186851,8083.64,Premium
Portable Electric Heater 400W Ceramic Space Heater Plug-in Electric Heater For Home Fan Thermostat Control Fireplace Heater,14.7,4.823279220779221,0.0,https://www.banggood.com/Portable-Electric-Heater-400W-Ceramic-Space-Heater-Plug-in-Electric-Heater-For-Home-Fan-Thermostat-Control-Fireplace-Heater-p-2020676.html?cur_warehouse=CN&ID=62966166297337&rmmds=CategoryHomeAppliancesPop&trace_id=c8901763868186851,4149.08,Mid-range
2-in-1 Hand Warmer Charging Bank Fast Charging USB-C Night Light Electric Heater Charging Type Hand Warmer Power Bank,7.73,4.823279220779221,0.0,https://www.banggood.com/2-in-1-Hand-Warmer-Charging-Bank-Fast-Charging-USB-C-Night-Light-Electric-Heater-Charging-Type-Hand-Warmer-Power-Bank-p-2021675.html?cur_warehouse=CN&ID=6287845&rmmds=CategoryHomeAppliancesPop&trace_id=c8901763868186851,2181.79,Budget
1200W Electric Heater PTC Fast Heating Stove Energy Saving Desktop Warm Air Heater Tip-Over/Overheat Auto Off Indoor Use,14.7,4.823279220779221,0.0,https://www.banggood.com/1200W-Electric-Heater-PTC-Fast-Heating-Stove-Energy-Saving-Desktop-Warm-Air-Heater-Tip-Over-or-Overheat-Auto-Off-Indoor-Use-p-2022403.html?cur_warehouse=CN&ID=6296615&rmmds=CategoryHomeAppliancesPop&trace_id=c8901763868186851,4149.08,Mid-range
TIMEMORE U French Press Coffee Maker 450ML Hand Filter Coffee Maker Tea Maker French Thermal Glass Hand Filter Coffee Pot,19.35,5.0,1.0,https://www.banggood.com/TIMEMORE-U-French-Press-Coffee-Maker-450ML-Hand-Filter-Coffee-Maker-Tea-Maker-French-Thermal-Glass-Hand-Filter-Coffee-Pot-p-2024997.html?cur_warehouse=CN&ID=6287830&rmmds=CategoryHomeAppliancesPop&trace_id=e6671763868208972,5461.54,Mid-range
Comfook Electric Vacuum Sealer Dry/Wet Food Sealed Packaging Kitchen Food Storage Seal UV Sterilization Built-in Cutter Knife,18.88,5.0,13.0,https://www.banggood.com/Comfook-Electric-Vacuum-Sealer-Dry-or-Wet-Food-Sealed-Packaging-Kitchen-Food-Storage-Seal-UV-Sterilization-Built-in-Cutter-Knife-p-2019108.html?cur_warehouse=CN&ID=47184&rmmds=CategoryHomeAppliancesPop&trace_id=e6671763868208972,5328.88,Mid-range
BlitzHome® SV2209 1100W Sous Vide Cooker APP Control Thermal Immersion Circulator Machine with Digital LED Display Time and Temperature Control,50.31,4.78,152.0,https://www.banggood.com/BlitzHome-SV2209-1100W-Sous-Vide-Cooker-APP-Control-Thermal-Immersion-Circulator-Machine-with-Digital-LED-Display-Time-and-Temperature-Control-p-1989535.html?cur_warehouse=CN&ID=471846237080&rmmds=CategoryHomeAppliancesPop&trace_id=e6671763868208972,14200.0,Premium
XIAOMI Mijia Electronic Scale Precision Electronic Scale High-Precision 1g to 3000g Kitchen Scale Household Small Baking Food Scale,21.31,5.0,1.0,https://www.banggood.com/XIAOMI-Mijia-Electronic-Scale-Precision-Electronic-Scale-High-Precision-1g-to-3000g-Kitchen-Scale-Household-Small-Baking-Food-Scale-p-2027876.html?cur_warehouse=CN&ID=6287830&rmmds=CategoryHomeAppliancesPop&trace_id=e6671763868208972,6014.75,Premium
Comfook Mini Portable Hand-Powered Espresso Coffee Machine Portable Hand Press Espresso Coffee Machine for Home Office Travel Outdoor,17.0,4.8,5.0,https://www.banggood.com/Comfook-Mini-Portable-Hand-Powered-Espresso-Coffee-Machine-Portable-Hand-Press-Espresso-Coffee-Machine-for-Home-Office-Travel-Outdoor-p-2020753.html?cur_warehouse=CN&ID=6287830&rmmds=CategoryHomeAppliancesPop&trace_id=e6671763868208972,4798.25,Mid-range
MHW-3BOMBER Electric Milk Frother Handheld Milk Foam Maker 304 Stainless Steel Handheld Egg Foamer Whisk for Home Kitchen,12.3,5.0,1.0,https://www.banggood.com/MHW-3BOMBER-Electric-Milk-Frother-Handheld-Milk-Foam-Maker-304-Stainless-Steel-Handheld-Egg-Foamer-Whisk-for-Home-Kitchen-p-2024999.html?cur_warehouse=CN&ID=6287830&rmmds=CategoryHomeAppliancesPop&trace_id=e6671763868208972,3471.68,Mid-range
Bincoo 400ML/600ML Espresso Cup for Latte Art With Temperature Display Stainless Steel Latte Art Cup Professional Milk Foam Cup,10.06,4.67,3.0,https://www.banggood.com/Bincoo-400ML-or-600ML-Espresso-Cup-for-Latte-Art-With-Temperature-Display-Stainless-Steel-Latte-Art-Cup-Professional-Milk-Foam-Cup-p-2018918.html?cur_warehouse=CN&ID=48415&rmmds=CategoryHomeAppliancesPop&trace_id=e6671763868208972,2839.44,Budget
Bincoo Digital Spoon Scale High-precision 0.1g~500g Switchable Stainless Steel Measuring Spoon Baking Food Electronic Kitchen Scale,7.73,4.64,11.0,https://www.banggood.com/Bincoo-Digital-Spoon-Scale-High-precision-0_1g~500g-Switchable-Stainless-Steel-Measuring-Spoon-Baking-Food-Electronic-Kitchen-Scale-p-2019107.html?cur_warehouse=CN&ID=6287830&rmmds=CategoryHomeAppliancesPop&trace_id=e6671763868208972,2181.79,Budget
XIAOMI Mijia Electric Red Wine Bottle Opener Wine Opener Household Multi-Function Screwdriver Automatic Wine Bottle Opener Cap Opener Kitchen,18.19,4.823279220779221,0.0,https://www.banggood.com/XIAOMI-Mijia-Electric-Red-Wine-Bottle-Opener-Wine-Opener-Household-Multi-Function-Screwdriver-Automatic-Wine-Bottle-Opener-Cap-Opener-Kitchen-p-2027877.html?cur_warehouse=CN&ID=6287830&rmmds=CategoryHomeAppliancesPop&trace_id=e6671763868208972,5134.13,Mid-range
"Portable Electric Milk Frother USB Rechargeable Egg Beater Matcha Frother Coffee Cappuccino, Latte, Protein Powder, Matcha Mixer",13.0,4.0,2.0,"https://www.banggood.com/Portable-Electric-Milk-Frother-USB-Rechargeable-Egg-Beater-Matcha-Frother-Coffee-Cappuccino,Latte,Protein-Powder,Matcha-Mixer-p-2019103.html?cur_warehouse=CN&ID=6287853&rmmds=CategoryHomeAppliancesPop&trace_id=e6671763868208972",3669.25,Mid-range
Touch Control Digital Coffee Scale Electronic Scale Gram Scale With Timer 3kg Kitchen Scale for Hand Brew Home Bar,18.65,5.0,1.0,https://www.banggood.com/Touch-Control-Digital-Coffee-Scale-Electronic-Scale-Gram-Scale-With-Timer-3kg-Kitchen-Scale-for-Hand-Brew-Home-Bar-p-2022037.html?cur_warehouse=CN&ID=6287830&rmmds=CategoryHomeAppliancesPop&trace_id=e6671763868208972,5263.96,Mid-range
1PC Baking Tray Silicone Tray for Air Fryer Oven Fried Chicken Pizza Mat Oilless Silicone Pan Air Fryer Accessories,5.41,4.67,3.0,https://www.banggood.com/1PC-Baking-Tray-Silicone-Tray-for-Air-Fryer-Oven-Fried-Chicken-Pizza-Mat-Oilless-Silicone-Pan-Air-Fryer-Accessories-p-2008359.html?cur_warehouse=CN&ID=6287836&rmmds=CategoryHomeAppliancesPop&trace_id=e6671763868208972,1526.97,Budget
Handheld Milk Frother Automatic Electric Cream Mixer Handheld Egg Mixer Portable Foam Maker Compact Whisk Drink Mixer Mini Foamer for Cappuccino Coffee,6.96,5.0,2.0,https://www.banggood.com/Handheld-Milk-Frother-Automatic-Electric-Cream-Mixer-Handheld-Egg-Mixer-Portable-Foam-Maker-Compact-Whisk-Drink-Mixer-Mini-Foamer-for-Cappuccino-Coffee-p-2020988.html?cur_warehouse=CN&ID=6287830&rmmds=CategoryHomeAppliancesPop&trace_id=e6671763868208972,1964.46,Budget
Mason Jar Sealing Machine 1200mAh Mini Vacuum Sealer Electric Mason Jar Vacuum Sealer Kit Cordless Mason Jars Wide Mouth and Regular Mouth Food Storage,21.67,4.823279220779221,0.0,https://www.banggood.com/Mason-Jar-Sealing-Machine-1200mAh-Mini-Vacuum-Sealer-Electric-Mason-Jar-Vacuum-Sealer-Kit-Cordless-Mason-Jars-Wide-Mouth-and-Regular-Mouth-Food-Storage-p-2018300.html?cur_warehouse=CN&ID=6287830&rmmds=CategoryHomeAppliancesPop&trace_id=e6671763868208972,6116.36,Premium
Multifunctional 3 In 1 Garlic Press Portable Manual Operation Mincer Garlic Slicer Environmentally Friendly Material Can Opener,5.88,5.0,2.0,https://www.banggood.com/Multifunctional-3-In-1-Garlic-Press-Portable-Manual-Operation-Mincer-Garlic-Slicer-Environmentally-Friendly-Material-Can-Opener-p-2021121.html?cur_warehouse=CN&ID=6287845&rmmds=CategoryHomeAppliancesPop&trace_id=e6671763868208972,1659.63,Budget
Comfook High Precision Kitchen Scale LCD Electronic Measuring Digital Display 10kg Portable Baking Scales Milk Coffee bean Weight Tools,6.57,4.95,19.0,https://www.banggood.com/Comfook-High-Precision-Kitchen-Scale-LCD-Electronic-Measuring-Digital-Display-10kg-Portable-Baking-Scales-Milk-Coffee-bean-Weight-Tools-p-2014644.html?cur_warehouse=CN&ID=534280&rmmds=CategoryHomeAppliancesPop&trace_id=e6671763868208972,1854.38,Budget
MHW-3BOMBER Coffee Dosing Funnel Aluminum Alloy Blind Shaker Fits 51-54/58mm Handle Espresso Dosing Cup Home Barista Tools,16.4,4.823279220779221,0.0,https://www.banggood.com/MHW-3BOMBER-Coffee-Dosing-Funnel-Aluminum-Alloy-Blind-Shaker-Fits-51-54-or-58mm-Handle-Espresso-Dosing-Cup-Home-Barista-Tools-p-2027264.html?cur_warehouse=CN&ID=62878366320664&rmmds=CategoryHomeAppliancesPop&trace_id=e6671763868208972,4628.9,Mid-range
Portable Bag Heat Sealer Plastic Package Storage Bag White Mini Home Sealing Clip Food Snack Fruit Fresh Keeping Gadgets,4.64,5.0,1.0,https://www.banggood.com/Portable-Bag-Heat-Sealer-Plastic-Package-Storage-Bag-White-Mini-Home-Sealing-Clip-Food-Snack-Fruit-Fresh-Keeping-Gadgets-p-2018586.html?cur_warehouse=CN&ID=6287845&rmmds=CategoryHomeAppliancesPop&trace_id=e6671763868208972,1309.64,Budget
"Electronic Digital Timer with Magnetic Suction, Simplified, Circular Rotation, Cooking, Learning, Exercise Time Management, Silent",6.19,4.823279220779221,0.0,"https://www.banggood.com/Electronic-Digital-Timer-with-Magnetic-Suction,Simplified,Circular-Rotation,Cooking,Learning,Exercise-Time-Management,Silent-p-2020669.html?cur_warehouse=CN&ID=6308406&rmmds=CategoryHomeAppliancesPop&trace_id=e6671763868208972",1747.13,Budget
WACACO Minipresso NS2 18Bar Portable Espresso Maker Compatible with NS Original Capsules Manually Operated Small Handheld Coffee Machine for Travel Camping,42.57,5.0,1.0,https://www.banggood.com/WACACO-Minipresso-NS2-18Bar-Portable-Espresso-Maker-Compatible-with-NS-Original-Capsules-Manually-Operated-Small-Handheld-Coffee-Machine-for-Travel-Camping-p-2020787.html?cur_warehouse=CN&ID=6287837&rmmds=CategoryHomeAppliancesPop&trace_id=e6671763868208972,12015.38,Premium
USB Rechargeable Handheld Egg Beater Electric Milk Frother Foam Maker Mixer Coffee Drink Frothing Wand Foamer,10.06,4.823279220779221,0.0,https://www.banggood.com/USB-Rechargeable-Handheld-Egg-Beater-Electric-Milk-Frother-Foam-Maker-Mixer-Coffee-Drink-Frothing-Wand-Foamer-p-2019101.html?cur_warehouse=CN&ID=6287830&rmmds=CategoryHomeAppliancesPop&trace_id=e6671763868208972,2839.44,Budget
800g/1g Kitchen Scale Spoon Measuring Spoon Cup Portable with LED Display Pet Food Weighing Cup for Dogs and Cats Feeding Bowl,6.96,4.823279220779221,0.0,https://www.banggood.com/800g-or-1g-Kitchen-Scale-Spoon-Measuring-Spoon-Cup-Portable-with-LED-Display-Pet-Food-Weighing-Cup-for-Dogs-and-Cats-Feeding-Bowl-p-2022068.html?cur_warehouse=CN&ID=6287845&rmmds=CategoryHomeAppliancesPop&trace_id=e6671763868208972,1964.46,Budget
Portable Juicer Blender 350ml With 10 Blades Electric Fruit Juicer USB Charging Lemon Orange Fruit Juicing Cup Smoothie Blender Machine,23.22,4.823279220779221,0.0,https://www.banggood.com/Portable-Juicer-Blender-350ml-With-10-Blades-Electric-Fruit-Juicer-USB-Charging-Lemon-Orange-Fruit-Juicing-Cup-Smoothie-Blender-Machine-p-2018080.html?cur_warehouse=CN&ID=6287845&rmmds=CategoryHomeAppliancesPop&trace_id=e6671763868208972,6553.84,Premium
Portable Mini Pocket Electronic Kitchen Scale Digital Pocket Scale 500g Capacity High Precision Balance of 0.01g/0.1g Mini Electronic Grams Reloading Weight Scale Food Scale,6.19,5.0,8.0,https://www.banggood.com/Portable-Mini-Pocket-Electronic-Kitchen-Scale-Digital-Pocket-Scale-500g-Capacity-High-Precision-Balance-of-0_01g-or-0_1g-Mini-Electronic-Grams-Reloading-Weight-Scale-Food-Scale-p-2022050.html?cur_warehouse=CN&ID=515244&rmmds=CategoryHomeAppliancesPop&trace_id=e6671763868208972,1747.13,Budget
Automatic Magnetic Kitchen Timer Multifunctional Kitchen Timer Magnetic Digital Timer Loud Alarm Time Management Tool Countdown,5.41,5.0,1.0,https://www.banggood.com/Automatic-Magnetic-Kitchen-Timer-Multifunctional-Kitchen-Timer-Magnetic-Digital-Timer-Loud-Alarm-Time-Management-Tool-Countdown-p-2027009.html?cur_warehouse=CN&ID=6287830&rmmds=CategoryHomeAppliancesPop&trace_id=e6671763868208972,1526.97,Budget
Bincoo Portable Mini Sealer 3000mAH Rechargeable for Hanging Ear Coffee Snacks Teabags,21.05,5.0,1.0,https://www.banggood.com/Bincoo-Portable-Mini-Sealer-3000mAH-Rechargeable-for-Hanging-Ear-Coffee-Snacks-Teabags-p-2020803.html?cur_warehouse=CN&ID=6287830&rmmds=CategoryHomeAppliancesPop&trace_id=e6671763868208972,5941.36,Premium
Electric Mason Jar Vacuum Sealer Kit Compatible with Wide-Mouth & Regular-Mouth Mason Jars Canning Vacuum Sealer for Food Storage Vacuum Sealer,15.48,4.823279220779221,0.0,https://www.banggood.com/Electric-Mason-Jar-Vacuum-Sealer-Kit-Compatible-with-Wide-Mouth-and-Regular-Mouth-Mason-Jars-Canning-Vacuum-Sealer-for-Food-Storage-Vacuum-Sealer-p-2016627.html?cur_warehouse=CN&rmmds=CategoryHomeAppliancesPop&trace_id=e6671763868208972,4369.23,Mid-range
Extremely Fast Hot and Cold Cup Electric Summer Drink Cooler Kettle Drink Quick Cooling Cup Home Office Cold Drink Machine,35.6,5.0,2.0,https://www.banggood.com/Extremely-Fast-Hot-and-Cold-Cup-Electric-Summer-Drink-Cooler-Kettle-Drink-Quick-Cooling-Cup-Home-Office-Cold-Drink-Machine-p-1995022.html?cur_warehouse=CN&rmmds=CategoryHomeAppliancesPop&trace_id=e6671763868208972,10048.1,Premium
Multifunctional Cordless Fruit And Vegetable Cleaning Purifier Food Cleaning Machine Sterilization And Pesticide Removal Disinfection Machine,20.89,4.823279220779221,0.0,https://www.banggood.com/Multifunctional-Cordless-Fruit-And-Vegetable-Cleaning-Purifier-Food-Cleaning-Machine-Sterilization-And-Pesticide-Removal-Disinfection-Machine-p-2033960.html?cur_warehouse=CN&ID=6299130&rmmds=CategoryHomeAppliancesPop&trace_id=e6671763868208972,5896.2,Premium
CAFELFFE 3 -in-1 Portable Coffee Machine Hot/Cold Water Manual Espresso Maker For Capsule & Ground Hand Press Brewer Hiking Travel,32.51,4.823279220779221,0.0,https://www.banggood.com/CAFELFFE-3-in-1-Portable-Coffee-Machine-Hot-or-Cold-Water-Manual-Espresso-Maker-For-Capsule-and-Ground-Hand-Press-Brewer-Hiking-Travel-p-2039382.html?cur_warehouse=CN&ID=6287845&rmmds=CategoryHomeAppliancesPop&trace_id=e6671763868208972,9175.95,Premium
KONKA A9 Professional Massage Gun Electric Shock Muscle Relaxation Vibration Fitness Massager For Body Neck Ladies Home Travel Fascia Gun,23.22,4.87,79.0,https://www.banggood.com/KONKA-A9-Professional-Massage-Gun-Electric-Shock-Muscle-Relaxation-Vibration-Fitness-Massager-For-Body-Neck-Ladies-Home-Travel-Fascia-Gun-p-2011504.html?cur_warehouse=CN&rmmds=CategoryHomeAppliancesPop&trace_id=4a701763868231730,6553.84,Premium
KONKA V1 Massage Gun 6 Speeds Adjustable Gear 6 Massage Heads 3200 rpm Fascia Gun Muscle Relaxation Brushed Motor,20.12,5.0,2.0,https://www.banggood.com/KONKA-V1-Massage-Gun-6-Speeds-Adjustable-Gear-6-Massage-Heads-3200-rpm-Fascia-Gun-Muscle-Relaxation-Brushed-Motor-p-2024121.html?cur_warehouse=CN&ID=6288208&rmmds=CategoryHomeAppliancesPop&trace_id=4a701763868231730,5678.87,Premium
KONKA A1-8D Massage Guns Deep Tissue Percussion Muscle Massager 6 Gear Adjustable Type-C Rechargeable Power Display with 8 Heads,21.67,4.87,316.0,https://www.banggood.com/KONKA-A1-8D-Massage-Guns-Deep-Tissue-Percussion-Muscle-Massager-6-Gear-Adjustable-Type-C-Rechargeable-Power-Display-with-8-Heads-p-1891267.html?cur_warehouse=CN&ID=6287836&rmmds=CategoryHomeAppliancesPop&trace_id=4a701763868231730,6116.36,Premium
KONKA A8 Massage Gun 99 Speed Levels Adjustable 8 Massager Heads 1800mAh Professional Fascia Gun Muscle Relaxation,23.22,4.823279220779221,0.0,https://www.banggood.com/KONKA-A8-Massage-Gun-99-Speed-Levels-Adjustable-8-Massager-Heads-1800mAh-Professional-Fascia-Gun-Muscle-Relaxation-p-2024501.html?cur_warehouse=CN&ID=6329727&rmmds=CategoryHomeAppliancesPop&trace_id=4a701763868231730,6553.84,Premium
KONKA H99 Neck Massager 15 Intensity Levels 6 Massage Modes USB Rechargeable Shoulder Neck Message Instrument,14.7,3.67,36.0,https://www.banggood.com/KONKA-H99-Neck-Massager-15-Intensity-Levels-6-Massage-Modes-USB-Rechargeable-Shoulder-Neck-Message-Instrument-p-2024122.html?cur_warehouse=CN&ID=6287845&rmmds=CategoryHomeAppliancesPop&trace_id=4a701763868231730,4149.08,Mid-range
KONKA V19 Fascia Gun 6 Speeds Adjustable 6 Massage Heads Massager Gun Relieve Fatigue Muscle Relaxation 1200mAh,16.71,4.96,28.0,https://www.banggood.com/KONKA-V19-Fascia-Gun-6-Speeds-Adjustable-6-Massage-Heads-Massager-Gun-Relieve-Fatigue-Muscle-Relaxation-1200mAh-p-2024118.html?cur_warehouse=CN&ID=6287830&rmmds=CategoryHomeAppliancesPop&trace_id=4a701763868231730,4716.4,Mid-range
Konka H66 Neck Massager Electric Smart Neck Massager With 6 Message Modes 15 Level Of Strength Adjustment,21.67,4.42,26.0,https://www.banggood.com/Konka-H66-Neck-Massager-Electric-Smart-Neck-Massager-With-6-Message-Modes-15-Level-Of-Strength-Adjustment-p-2011527.html?cur_warehouse=CN&ID=6287845&rmmds=CategoryHomeAppliancesPop&trace_id=4a701763868231730,6116.36,Premium
Jeeback G9 Waist Massager Instrument Back Lumbar Heat Pulse Smart Physiotherapist Lumbar Portable Massager Relieve Back Pain,54.18,4.823279220779221,0.0,https://www.banggood.com/Jeeback-G9-Waist-Massager-Instrument-Back-Lumbar-Heat-Pulse-Smart-Physiotherapist-Lumbar-Portable-Massager-Relieve-Back-Pain-p-2028191.html?cur_warehouse=CN&ID=6292640&rmmds=CategoryHomeAppliancesPop&trace_id=4a701763868231730,15292.3,Premium
Electric Muscle Stimulation Neck Therapy Instrument 6 Modes Adjustable Intensity Ergonomic Design Portable Pain Relief Tool,6.19,4.75,24.0,https://www.banggood.com/Electric-Muscle-Stimulation-Neck-Therapy-Instrument-6-Modes-Adjustable-Intensity-Ergonomic-Design-Portable-Pain-Relief-Tool-p-2019099.html?cur_warehouse=CN&rmmds=CategoryHomeAppliancesPop&trace_id=4a701763868231730,1747.13,Budget
Electric Mini Muscle Massage Gun 6 Speed 4 Massage Heads Professional Vibration Massager Fitness Fascia Gun,20.51,1.0,1.0,https://www.banggood.com/Electric-Mini-Muscle-Massage-Gun-6-Speed-4-Massage-Heads-Professional-Vibration-Massager-Fitness-Fascia-Gun-p-2027978.html?cur_warehouse=CN&ID=6287845&rmmds=CategoryHomeAppliancesPop&trace_id=4a701763868231730,5788.95,Premium
Cervical Massager Neck Shoulder Multifunctional Neck Massager Electromagnetic Pulse Heating Neck Protector with 4 Modes Massage,6.03,4.823279220779221,0.0,https://www.banggood.com/Cervical-Massager-Neck-Shoulder-Multifunctional-Neck-Massager-Electromagnetic-Pulse-Heating-Neck-Protector-with-4-Modes-Massage-p-2027982.html?cur_warehouse=CN&ID=6301878&rmmds=CategoryHomeAppliancesPop&trace_id=4a701763868231730,1701.97,Budget
SKG W7 Waist Massager 6 Modes 9 Intensity Levels TENS Pulse Heat Therapy Lightweight Portable Waist Massager Belt,46.44,4.823279220779221,0.0,https://www.banggood.com/SKG-W7-Waist-Massager-6-Modes-9-Intensity-Levels-TENS-Pulse-Heat-Therapy-Lightweight-Portable-Waist-Massager-Belt-p-2028304.html?cur_warehouse=CN&rmmds=CategoryHomeAppliancesPop&trace_id=4a701763868231730,13107.69,Premium
Electric U Shape Neck Massager Shawl 16 Massage Heads Heating Kneading Back Shoulder Relieve Pain,37.15,4.823279220779221,0.0,https://www.banggood.com/Electric-U-Shape-Neck-Massager-Shawl-16-Massage-Heads-Heating-Kneading-Back-Shoulder-Relieve-Pain-p-2007009.html?cur_warehouse=CN&rmmds=CategoryHomeAppliancesPop&trace_id=4a701763868231730,10485.59,Premium
XIAOMI Mijia EMS Smart Waist Massager Dual Frequency Portable Rechargeable Hot Compress Massage Heated Belt with 14 Modes APP Control Pain Relief,92.89,5.0,1.0,https://www.banggood.com/XIAOMI-Mijia-EMS-Smart-Waist-Massager-Dual-Frequency-Portable-Rechargeable-Hot-Compress-Massage-Heated-Belt-with-14-Modes-APP-Control-Pain-Relief-p-2033300.html?cur_warehouse=CN&ID=6292640&rmmds=CategoryHomeAppliancesPop&trace_id=4a701763868231730,26218.2,Premium
LM-130 Portable Deep Tissue Massage Gun 9 Massage Heads 6-Speed Quiet Percussion Massager Portable Muscle Therapy for Pain Relief,23.22,4.823279220779221,0.0,https://www.banggood.com/LM-130-Portable-Deep-Tissue-Massage-Gun-9-Massage-Heads-6-Speed-Quiet-Percussion-Massager-Portable-Muscle-Therapy-for-Pain-Relief-p-2038281.html?cur_warehouse=CN&ID=6287845&rmmds=CategoryHomeAppliancesPop&trace_id=4a701763868231730,6553.84,Premium
KONKA 10-Head Deep Tissue Massage Gun Professional Fascia Gun With 99 Speeds 32KG Strong Force LED Display Quiet Motor & Red Light Therapy,46.44,4.823279220779221,0.0,https://www.banggood.com/KONKA-10-Head-Deep-Tissue-Massage-Gun-Professional-Fascia-Gun-With-99-Speeds-32KG-Strong-Force-LED-Display-Quiet-Motor-and-Red-Light-Therapy-p-2039364.html?cur_warehouse=CN&ID=6287830&rmmds=CategoryHomeAppliancesPop&trace_id=4a701763868231730,13107.69,Premium
Fascia Massager Ring with Heat Compress 5 Speed Vibrating Massage for Neck Back Waist Leg Portable Handheld Muscle Massage Tool Type-C Fast Charging,21.67,4.823279220779221,0.0,https://www.banggood.com/Fascia-Massager-Ring-with-Heat-Compress-5-Speed-Vibrating-Massage-for-Neck-Back-Waist-Leg-Portable-Handheld-Muscle-Massage-Tool-Type-C-Fast-Charging-p-2039420.html?cur_warehouse=CN&ID=6287848&rmmds=CategoryHomeAppliancesPop&trace_id=4a701763868231730,6116.36,Premium
VTT U8 Cordless Fascia Massage Ring 6 Modes 99 Intensities Dual-Eccentric Vibration Integrated Heat Type-C Rechargeable For Full-Body Relief,25.54,5.0,2.0,https://www.banggood.com/VTT-U8-Cordless-Fascia-Massage-Ring-6-Modes-99-Intensities-Dual-Eccentric-Vibration-Integrated-Heat-Type-C-Rechargeable-For-Full-Body-Relief-p-2034442.html?cur_warehouse=CN&ID=6287851&rmmds=CategoryHomeAppliancesPop&trace_id=4a701763868231730,7208.66,Premium
"Lenovo Portable Lightweight N2 Fascia Gun 3200 RPM Massage Device with 6 Attachments and 5 Adjustable Speeds, 1800mAh Battery for Muscle Relaxation",23.22,5.0,1.0,"https://www.banggood.com/Lenovo-Portable-Lightweight-N2-Fascia-Gun-3200-RPM-Massage-Device-with-6-Attachments-and-5-Adjustable-Speeds,1800mAh-Battery-for-Muscle-Relaxation-p-2035259.html?cur_warehouse=CN&ID=6287845&rmmds=CategoryHomeAppliancesPop&trace_id=4a701763868231730",6553.84,Premium
XIAOMI Mijia Fascia Gun H3 Mini Version With Hot Compress 12KG Percussion 3-Speed Vibration & Heat Therapy Smart Pressure Interactive Reminder Massage Gun,74.31,4.823279220779221,0.0,https://www.banggood.com/XIAOMI-Mijia-Fascia-Gun-H3-Mini-Version-With-Hot-Compress-12KG-Percussion-3-Speed-Vibration-and-Heat-Therapy-Smart-Pressure-Interactive-Reminder-Massage-Gun-p-2036194.html?cur_warehouse=CN&ID=6287836&rmmds=CategoryHomeAppliancesPop&trace_id=4a701763868231730,20974.0,Premium
CHIGO 4-Head Neck Massager TENS Muscle Neck Massager Wireless Electric Neck Massager Device 6 Massage Modes 9 Strength Levels,10.06,4.823279220779221,0.0,https://www.banggood.com/CHIGO-4-Head-Neck-Massager-TENS-Muscle-Neck-Massager-Wireless-Electric-Neck-Massager-Device-6-Massage-Modes-9-Strength-Levels-p-2036461.html?cur_warehouse=CN&ID=6301877&rmmds=CategoryHomeAppliancesPop&trace_id=4a701763868231730,2839.44,Budget
CHIGO 2-Head TENS Neck Massager Portable Electric Neck Massager 6 Massage Modes 9 Power Adjustment Levels,10.06,5.0,1.0,https://www.banggood.com/CHIGO-2-Head-TENS-Neck-Massager-Portable-Electric-Neck-Massager-6-Massage-Modes-9-Power-Adjustment-Levels-p-2036462.html?cur_warehouse=CN&ID=6301878&rmmds=CategoryHomeAppliancesPop&trace_id=4a701763868231730,2839.44,Budget
XIAOMI Mijia Smart Scalp Massage Brush with Graphene Warm Care Liquid Delivery Rollers 6 Modes APP Control IPX7 Waterproof,110.7,4.823279220779221,0.0,https://www.banggood.com/XIAOMI-Mijia-Smart-Scalp-Massage-Brush-with-Graphene-Warm-Care-Liquid-Delivery-Rollers-6-Modes-APP-Control-IPX7-Waterproof-p-2042769.html?cur_warehouse=CN&ID=6287848&rmmds=CategoryHomeAppliancesPop&trace_id=4a701763868231730,31245.08,Premium
Electric Vibration Massage Comb Red Light Therapy Hair Growth Massage Scalp Brush Anti Hair Loss Liquid Oil Applicator Hair Care,25.54,4.823279220779221,0.0,https://www.banggood.com/Electric-Vibration-Massage-Comb-Red-Light-Therapy-Hair-Growth-Massage-Scalp-Brush-Anti-Hair-Loss-Liquid-Oil-Applicator-Hair-Care-p-2043068.html?cur_warehouse=CN&ID=6287842&rmmds=CategoryHomeAppliancesPop&trace_id=4a701763868231730,7208.66,Premium
KONKA 4-Head / 6-Head Fascia Gun Muscle Relaxation Massager 3 Modes 30 Adjustable Speeds Multi-Function High-Frequency Vibration Massager,40.64,5.0,4.0,https://www.banggood.com/KONKA-4-Head-or-6-Head-Fascia-Gun-Muscle-Relaxation-Massager-3-Modes-30-Adjustable-Speeds-Multi-Function-High-Frequency-Vibration-Massager-p-2029874.html?cur_warehouse=CN&ID=6293844&rmmds=CategoryHomeAppliancesPop&trace_id=4a701763868231730,11470.64,Premium
VTT Fascia Ring 5-speed Control Deep Tissue Massage Recovery & Pain Relief Home Gym Workout Injury Rehabilitation,23.22,4.823279220779221,0.0,https://www.banggood.com/VTT-Fascia-Ring-5-speed-Control-Deep-Tissue-Massage-Recovery-and-Pain-Relief-Home-Gym-Workout-Injury-Rehabilitation-p-2029895.html?cur_warehouse=CN&ID=6299808&rmmds=CategoryHomeAppliancesPop&trace_id=4a701763868231730,6553.84,Premium
KONKA Foldable Eye Massager with Graphene Heating 3/5 Adjustable Modes 42°C Warm Compress USB Rechargeable for Eye Strain Relief,30.96,4.823279220779221,0.0,https://www.banggood.com/KONKA-Foldable-Eye-Massager-with-Graphene-Heating-3-or-5-Adjustable-Modes-42C-Warm-Compress-USB-Rechargeable-for-Eye-Strain-Relief-p-2030970.html?cur_warehouse=CN&ID=6301174&rmmds=CategoryHomeAppliancesPop&trace_id=4a701763868231730,8738.46,Premium
COSHARE Mini Muscle Massage Gun Portable Fascia Gun Electric Massage Gun 6-Speed Adjustable Fitness Muscle Relaxation Massager,19.35,3.0,1.0,https://www.banggood.com/COSHARE-Mini-Muscle-Massage-Gun-Portable-Fascia-Gun-Electric-Massage-Gun-6-Speed-Adjustable-Fitness-Muscle-Relaxation-Massager-p-2031633.html?cur_warehouse=CN&ID=6287848&rmmds=CategoryHomeAppliancesPop&trace_id=4a701763868231730,5461.54,Mid-range
4-Speed Adjustable Mini Fascia Gun Mini Massager Fascia Gun Shock 2800r/Min Muscle Massage Grab Impact Muscle Massage,28.64,4.823279220779221,0.0,https://www.banggood.com/4-Speed-Adjustable-Mini-Fascia-Gun-Mini-Massager-Fascia-Gun-Shock-2800r-or-Min-Muscle-Massage-Grab-Impact-Muscle-Massage-p-2018793.html?cur_warehouse=CN&rmmds=CategoryHomeAppliancesPop&trace_id=4a701763868231730,8083.64,Premium
Konka A2 Massage Gun 8 Message Heads 99 Adjustable Gears Fascia Gun Brushed Motor 1500mAh Battery,33.28,5.0,5.0,https://www.banggood.com/Konka-A2-Massage-Gun-8-Message-Heads-99-Adjustable-Gears-Fascia-Gun-Brushed-Motor-1500mAh-Battery-p-2024006.html?cur_warehouse=CN&ID=6287830&rmmds=CategoryHomeAppliancesPop&trace_id=4a701763868231730,9393.28,Premium
Portable Juicer Blender 350ml With 10 Blades Electric Fruit Juicer USB Charging Lemon Orange Fruit Juicing Cup Smoothie Blender Machine,23.22,4.823279220779221,0.0,https://www.banggood.com/Portable-Juicer-Blender-350ml-With-10-Blades-Electric-Fruit-Juicer-USB-Charging-Lemon-Orange-Fruit-Juicing-Cup-Smoothie-Blender-Machine-p-2018080.html?cur_warehouse=CN&ID=6287845&rmmds=CategoryHomeAppliancesPop&trace_id=8cf31763868253630,6553.84,Premium
Comfook Portable Blender Juicer Cup 600ml Rechargeable Smoothie Maker with 12-Blade Stainless Steel USB-C Charging Travel Bottle,20.12,4.823279220779221,0.0,https://www.banggood.com/Comfook-Portable-Blender-Juicer-Cup-600ml-Rechargeable-Smoothie-Maker-with-12-Blade-Stainless-Steel-USB-C-Charging-Travel-Bottle-p-2039580.html?cur_warehouse=CN&ID=6287845&rmmds=CategoryHomeAppliancesPop&trace_id=8cf31763868253630,5678.87,Premium
450ML Small Portable Multi-function Juicer Cordless Electric Juicing Cup with Removable Straw Strong 6-Blade Precision Steel Blade,20.89,4.823279220779221,0.0,https://www.banggood.com/450ML-Small-Portable-Multi-function-Juicer-Cordless-Electric-Juicing-Cup-with-Removable-Straw-Strong-6-Blade-Precision-Steel-Blade-p-2022688.html?cur_warehouse=CN&ID=6287837&rmmds=CategoryHomeAppliancesPop&trace_id=8cf31763868253630,5896.2,Premium
Portable USB Smoothie Blender Cup With 6 Blades 400ml Wireless Mini Charging Fruit Juicer And Food Blender With Ice Crushing Cup,11.37,4.82,11.0,https://www.banggood.com/Portable-USB-Smoothie-Blender-Cup-With-6-Blades-400ml-Wireless-Mini-Charging-Fruit-Juicer-And-Food-Blender-With-Ice-Crushing-Cup-p-2021122.html?cur_warehouse=CN&ID=62878326324494&rmmds=CategoryHomeAppliancesPop&trace_id=8cf31763868253630,3209.18,Mid-range
Comfook Cordless Portable Citrus Juicer Lime Lemon Squeezer with Pulp Separation 600ML Large Capacity 3 Adjustable Speeds 1300mAh Battery,26.86,4.823279220779221,0.0,https://www.banggood.com/Comfook-Cordless-Portable-Citrus-Juicer-Lime-Lemon-Squeezer-with-Pulp-Separation-600ML-Large-Capacity-3-Adjustable-Speeds-1300mAh-Battery-p-2042939.html?cur_warehouse=CN&ID=6287848&rmmds=CategoryHomeAppliancesPop&trace_id=8cf31763868253630,7581.24,Premium
KONKA Mini Electric Fresh Juicer 10 Blades Powerful Crushed Ice Wireless Portable Blender Juice Extractor Bottle Smoothie Mixer,19.35,3.67,3.0,https://www.banggood.com/KONKA-Mini-Electric-Fresh-Juicer-10-Blades-Powerful-Crushed-Ice-Wireless-Portable-Blender-Juice-Extractor-Bottle-Smoothie-Mixer-p-2018568.html?cur_warehouse=CN&ID=6287845&rmmds=CategoryHomeAppliancesPop&trace_id=8cf31763868253630,5461.54,Mid-range
220ML Home Humidifier Cartoon Space Capsule Household Use 1200mAh with Multicolor Ambient Light Type C Rechargeable,13.15,5.0,9.0,https://www.banggood.com/220ML-Home-Humidifier-Cartoon-Space-Capsule-Household-Use-1200mAh-with-Multicolor-Ambient-Light-Type-C-Rechargeable-p-2015505.html?cur_warehouse=CN&rmmds=CategoryHomeAppliancesPop&trace_id=9b431763868272651,3711.59,Mid-range
Portable Wearable Negative Ion Air Purifier Neck Purifier 1.2 Billion Negative Ion Purifier Necklace Air Purifier with Digital Display,6.96,4.86,21.0,https://www.banggood.com/Portable-Wearable-Negative-Ion-Air-Purifier-Neck-Purifier-1_2-Billion-Negative-Ion-Purifier-Necklace-Air-Purifier-with-Digital-Display-p-2022276.html?cur_warehouse=CN&ID=6287830&rmmds=CategoryHomeAppliancesPop&trace_id=9b431763868272651,1964.46,Budget
Tevorex Neck Fan Cooling Rechargeable Air Conditioning Fans Air Cooler 4000mAh Air Conditioner 3 Speed for Outdoor Sports,15.48,4.88,16.0,https://www.banggood.com/Tevorex-Neck-Fan-Cooling-Rechargeable-Air-Conditioning-Fans-Air-Cooler-4000mAh-Air-Conditioner-3-Speed-for-Outdoor-Sports-p-2014709.html?cur_warehouse=CN&ID=6287832&rmmds=CategoryHomeAppliancesPop&trace_id=9b431763868272651,4369.23,Mid-range
Crearoma OV-3 DC 12V 300ML Capacity WiFi Bluetooth App Control Waterless Essential Oil Aroma Diffuser Home Fragrance Machine,41.8,4.823279220779221,0.0,https://www.banggood.com/Crearoma-OV-3-DC-12V-300ML-Capacity-WiFi-Bluetooth-App-Control-Waterless-Essential-Oil-Aroma-Diffuser-Home-Fragrance-Machine-p-2027844.html?cur_warehouse=CN&ID=471846287845&rmmds=CategoryHomeAppliancesPop&trace_id=9b431763868272651,11798.05,Premium
Bluetooth Smart Scent Diffuser Hotel Air Freshener Scent Diffuser Cover 300mL for Home Scent Dispenser Electronic Scent 300-400m³ Coverage,53.41,5.0,1.0,https://www.banggood.com/Bluetooth-Smart-Scent-Diffuser-Hotel-Air-Freshener-Scent-Diffuser-Cover-300mL-for-Home-Scent-Dispenser-Electronic-Scent-300-400m-Coverage-p-2021057.html?cur_warehouse=CN&ID=471846287830&rmmds=CategoryHomeAppliancesPop&trace_id=9b431763868272651,15074.97,Premium
Portable Air Purifier LED Digital Display Wireless Odor Removal Negative Ion Generator for Car and Home,22.44,5.0,3.0,https://www.banggood.com/Portable-Air-Purifier-LED-Digital-Display-Wireless-Odor-Removal-Negative-Ion-Generator-for-Car-and-Home-p-2009899.html?cur_warehouse=CN&ID=6287845&rmmds=CategoryHomeAppliancesPop&trace_id=9b431763868272651,6333.69,Premium
Mini Desktop Fan Shaking Usb Air Cooler 4 Gear Wind Speed 4000Mah Battey Capacity Angle Adjustment Low Noise for Office Room,13.93,4.823279220779221,0.0,https://www.banggood.com/Mini-Desktop-Fan-Shaking-Usb-Air-Cooler-4-Gear-Wind-Speed-4000Mah-Battey-Capacity-Angle-Adjustment-Low-Noise-for-Office-Room-p-2016063.html?cur_warehouse=CN&ID=6287832&rmmds=CategoryHomeAppliancesPop&trace_id=9b431763868272651,3931.74,Mid-range
Kinscoter 3D Fireplace Aromatherapy Machine Simulation Flame Humidifier Automatic Aromatherapy Machine Desktop Large Fog Remote Control Aromatherapy Machine,19.81,5.0,1.0,https://www.banggood.com/Kinscoter-3D-Fireplace-Aromatherapy-Machine-Simulation-Flame-Humidifier-Automatic-Aromatherapy-Machine-Desktop-Large-Fog-Remote-Control-Aromatherapy-Machine-p-2026954.html?cur_warehouse=CN&ID=6287830&rmmds=CategoryHomeAppliancesPop&trace_id=9b431763868272651,5591.37,Premium
Kinscoter AP01 Negative Ion Air Purifier Odor Deodorizer Remove Dust Smoke Removal Formaldehyde Air Filter USB Mute Household With LCD,32.51,5.0,3.0,https://www.banggood.com/Kinscoter-AP01-Negative-Ion-Air-Purifier-Odor-Deodorizer-Remove-Dust-Smoke-Removal-Formaldehyde-Air-Filter-USB-Mute-Household-With-LCD-p-2022404.html?cur_warehouse=CN&ID=6287836&rmmds=CategoryHomeAppliancesPop&trace_id=9b431763868272651,9175.95,Premium
Tevorex 250ML Colorful Flame Aromatherapy Diffuser Dynamic Fire Flame  Cool Mist Humidifier with 7 Colors Light Remote Control Timer and Auto Off Function for Home Office,16.25,5.0,1.0,https://www.banggood.com/Tevorex-250ML-Colorful-Flame-Aromatherapy-Diffuser-Dynamic-Fire-Flame-Cool-Mist-Humidifier-with-7-Colors-Light-Remote-Control-Timer-and-Auto-Off-Function-for-Home-Office-p-2023986.html?cur_warehouse=CN&ID=6287830&rmmds=CategoryHomeAppliancesPop&trace_id=9b431763868272651,4586.56,Mid-range
Kinscoter Fireplace Air Humidifier Waterless 150ml Water Tank Auto-Off Aroma Essential Oil Diffuser with LED Light & Remote Control for Home Gift,20.89,5.0,1.0,https://www.banggood.com/Kinscoter-Fireplace-Air-Humidifier-Waterless-150ml-Water-Tank-Auto-Off-Aroma-Essential-Oil-Diffuser-with-LED-Light-and-Remote-Control-for-Home-Gift-p-2024130.html?cur_warehouse=CN&ID=6287830&rmmds=CategoryHomeAppliancesPop&trace_id=9b431763868272651,5896.2,Premium
Automobile Air Outlet Incense Burner Aluminum Alloy Car Air Freshener with Solid Aromatherapy Core Multiple Fragrances and Colors Easy Installation,5.18,4.29,7.0,https://www.banggood.com/Automobile-Air-Outlet-Incense-Burner-Aluminum-Alloy-Car-Air-Freshener-with-Solid-Aromatherapy-Core-Multiple-Fragrances-and-Colors-Easy-Installation-p-2023957.html?cur_warehouse=CN&ID=515245&rmmds=CategoryHomeAppliancesPop&trace_id=9b431763868272651,1462.05,Budget
Humidifier 250ML/H Humidification 4L Large Capacity Fog Machine Adding Water for Home Office Humidity Control Low Noise Desktop Bedroom Aromatherapy Humidifier,27.86,4.823279220779221,0.0,https://www.banggood.com/Humidifier-250ML-or-H-Humidification-4L-Large-Capacity-Fog-Machine-Adding-Water-for-Home-Office-Humidity-Control-Low-Noise-Desktop-Bedroom-Aromatherapy-Humidifier-p-2026276.html?cur_warehouse=CN&ID=6301877&rmmds=CategoryHomeAppliancesPop&trace_id=9b431763868272651,7863.48,Premium
"Rechargeable White Noise Machine with 7 Colors Night Light, Portable Sound Machine for Baby Adult Sleeping with 24 Soothing Sounds/6 Levels Brightnessfor Home, Travel, Gift",13.15,4.823279220779221,0.0,"https://www.banggood.com/Rechargeable-White-Noise-Machine-with-7-Colors-Night-Light,Portable-Sound-Machine-for-Baby-Adult-Sleeping-with-24-Soothing-Sounds-or-6-Levels-Brightnessfor-Home,Travel,Gift-p-2015726.html?cur_warehouse=CN&ID=6287845&rmmds=CategoryHomeAppliancesPop&trace_id=9b431763868272651",3711.59,Mid-range
2-Speed Car Exhaust Fan 3-Head Cooling Fan Car Air Purifier Radiator Fan Window Vent Cool Ventilation Cooling Fan for Eliminating Odors Reducing Temperature with Exhaust  Deodorizing Function,16.25,4.823279220779221,0.0,https://www.banggood.com/2-Speed-Car-Exhaust-Fan-3-Head-Cooling-Fan-Car-Air-Purifier-Radiator-Fan-Window-Vent-Cool-Ventilation-Cooling-Fan-for-Eliminating-Odors-Reducing-Temperature-with-Exhaust-Deodorizing-Function-p-2021759.html?cur_warehouse=CN&rmmds=CategoryHomeAppliancesPop&trace_id=9b431763868272651,4586.56,Mid-range
Automatic Bedroom Air Humidifier & Fragrance Sprayer Home Car Aromatherapy Machine Bedroom Air Diffuser Creative Aroma Diffuser Automatic Fragrance Machine,27.09,5.0,1.0,https://www.banggood.com/Automatic-Bedroom-Air-Humidifier-and-Fragrance-Sprayer-Home-Car-Aromatherapy-Machine-Bedroom-Air-Diffuser-Creative-Aroma-Diffuser-Automatic-Fragrance-Machine-p-2025389.html?cur_warehouse=CN&ID=6287830&rmmds=CategoryHomeAppliancesPop&trace_id=9b431763868272651,7646.15,Premium
Aroma Diffuser Desktop Colorful Simulation Flame Machine Aromatherapy Humidifier Lamp Led Essential Oil Flame Lamp Difusor,13.16,5.0,1.0,https://www.banggood.com/Aroma-Diffuser-Desktop-Colorful-Simulation-Flame-Machine-Aromatherapy-Humidifier-Lamp-Led-Essential-Oil-Flame-Lamp-Difusor-p-2020700.html?cur_warehouse=CN&ID=6287830&rmmds=CategoryHomeAppliancesPop&trace_id=9b431763868272651,3714.41,Mid-range
"Double Head Desktop Oscillating Fan,360°Rotation USB Rechargeable 4000mAh Battery Powered Portable Automatic Rotating Table Fan 4 Gear Wind,For Home Office Wall Mounted Fan",19.35,5.0,1.0,"https://www.banggood.com/Double-Head-Desktop-Oscillating-Fan,360Rotation-USB-Rechargeable-4000mAh-Battery-Powered-Portable-Automatic-Rotating-Table-Fan-4-Gear-Wind,For-Home-Office-Wall-Mounted-Fan-p-2017442.html?cur_warehouse=CN&ID=6287845&rmmds=CategoryHomeAppliancesPop&trace_id=9b431763868272651",5461.54,Mid-range
Tevorex 2L Large Capacity Portable Humidifier Sprayer Mist Aromatherapy Diffuser Usb Large-capacity Ultrasonic Air Purifier Humidifier For Home,20.12,4.823279220779221,0.0,https://www.banggood.com/Tevorex-2L-Large-Capacity-Portable-Humidifier-Sprayer-Mist-Aromatherapy-Diffuser-Usb-Large-capacity-Ultrasonic-Air-Purifier-Humidifier-For-Home-p-2044209.html?cur_warehouse=CN&ID=6287845&rmmds=CategoryHomeAppliancesPop&trace_id=9b431763868272651,5678.87,Premium
Tevorex 500ML USB Cool Mist Humidifier with Night Light and Timer Silent Air Diffuser for Bedroom & Home,12.38,4.823279220779221,0.0,https://www.banggood.com/Tevorex-500ML-USB-Cool-Mist-Humidifier-with-Night-Light-and-Timer-Silent-Air-Diffuser-for-Bedroom-and-Home-p-2044216.html?cur_warehouse=CN&ID=6287830&rmmds=CategoryHomeAppliancesPop&trace_id=9b431763868272651,3494.26,Mid-range
Portable Neck Hanging Air Purifier Air Freshener 700mAh Small Air Ionizer Air Filter Mini Dust Collector Remove Secondhand Smoke,15.48,4.823279220779221,0.0,https://www.banggood.com/Portable-Neck-Hanging-Air-Purifier-Air-Freshener-700mAh-Small-Air-Ionizer-Air-Filter-Mini-Dust-Collector-Remove-Secondhand-Smoke-p-2033018.html?cur_warehouse=CN&ID=6287830&rmmds=CategoryHomeAppliancesPop&trace_id=9b431763868272651,4369.23,Mid-range
Portable Neck Hanging Fan USB Rechargeable Mini Foldable Fan with 3000mAh Battery for Handheld and Desktop Use,12.38,4.823279220779221,0.0,https://www.banggood.com/Portable-Neck-Hanging-Fan-USB-Rechargeable-Mini-Foldable-Fan-with-3000mAh-Battery-for-Handheld-and-Desktop-Use-p-2037255.html?cur_warehouse=CN&ID=6287845&rmmds=CategoryHomeAppliancesPop&trace_id=9b431763868272651,3494.26,Mid-range
Portable Outdoor Waist Fan Rechargeable 5 Speeds 10000mAh Battery Powerful Belt Long Lasting Fan Mini Waist-Hanging Fan for Construction Sites Camping Gym,17.02,4.823279220779221,0.0,https://www.banggood.com/Portable-Outdoor-Waist-Fan-Rechargeable-5-Speeds-10000mAh-Battery-Powerful-Belt-Long-Lasting-Fan-Mini-Waist-Hanging-Fan-for-Construction-Sites-Camping-Gym-p-2037729.html?cur_warehouse=CN&ID=41195&rmmds=CategoryHomeAppliancesPop&trace_id=9b431763868272651,4803.89,Mid-range
Tevorex Portable Multifunction Oscillating Standing Fan with Three Speed Timing Remote Controller Foldable Desk Fan Rechargeable Battery Powered Pedestal Fan for Bedroom Office Camping,23.99,4.823279220779221,0.0,https://www.banggood.com/Tevorex-Portable-Multifunction-Oscillating-Standing-Fan-with-Three-Speed-Timing-Remote-Controller-Foldable-Desk-Fan-Rechargeable-Battery-Powered-Pedestal-Fan-for-Bedroom-Office-Camping-p-2037764.html?cur_warehouse=CN&ID=6287845&rmmds=CategoryHomeAppliancesPop&trace_id=9b431763868272651,6771.18,Premium
Tevorex Cooling Bladeless Fan USB Rechargeable Personal Fan 100 Speeds Adjustable Desk Fan Gifts for Women Men Travel/Camping/Outdoor,7.73,4.823279220779221,0.0,https://www.banggood.com/Tevorex-Cooling-Bladeless-Fan-USB-Rechargeable-Personal-Fan-100-Speeds-Adjustable-Desk-Fan-Gifts-for-Women-Men-Travel-or-Camping-or-Outdoor-p-2037766.html?cur_warehouse=CN&ID=6287836&rmmds=CategoryHomeAppliancesPop&trace_id=9b431763868272651,2181.79,Budget
Tevorex 7200mAh Telescopic Folding Fan USB Charging Portable Mini Electric Fan Dormitory Outdoor Cooling Appliances Adjustable Home Fan,20.12,4.823279220779221,0.0,https://www.banggood.com/Tevorex-7200mAh-Telescopic-Folding-Fan-USB-Charging-Portable-Mini-Electric-Fan-Dormitory-Outdoor-Cooling-Appliances-Adjustable-Home-Fan-p-2037874.html?cur_warehouse=CN&ID=6287845&rmmds=CategoryHomeAppliancesPop&trace_id=9b431763868272651,5678.87,Premium
"Tevorex USB Car Humidifier & Air Purifier with 360° Rotation, Starry Sky Projection & Night Light for Bedroom, Living Room & Travel",10.06,4.823279220779221,0.0,"https://www.banggood.com/Tevorex-USB-Car-Humidifier-and-Air-Purifier-with-360-Rotation,Starry-Sky-Projection-and-Night-Light-for-Bedroom,Living-Room-and-Travel-p-2040712.html?cur_warehouse=CN&ID=6287845&rmmds=CategoryHomeAppliancesPop&trace_id=9b431763868272651",2839.44,Budget
Tevorex Aroma Essential Oil Diffuser Humidifier with Remote Control 200ML Ultrasonic Cool Mist 7 Color Changing Night Light for Home Use,25.54,4.823279220779221,0.0,https://www.banggood.com/Tevorex-Aroma-Essential-Oil-Diffuser-Humidifier-with-Remote-Control-200ML-Ultrasonic-Cool-Mist-7-Color-Changing-Night-Light-for-Home-Use-p-2043057.html?cur_warehouse=CN&ID=6287830&rmmds=CategoryHomeAppliancesPop&trace_id=9b431763868272651,7208.66,Premium
Tevorex Air Humidifier with Timer Essential Oil Diffuser with Night Lights Air Diffuser Humidifier for Large Bed Room Home Office,13.93,4.823279220779221,0.0,https://www.banggood.com/Tevorex-Air-Humidifier-with-Timer-Essential-Oil-Diffuser-with-Night-Lights-Air-Diffuser-Humidifier-for-Large-Bed-Room-Home-Office-p-2043058.html?cur_warehouse=CN&ID=6287830&rmmds=CategoryHomeAppliancesPop&trace_id=9b431763868272651,3931.74,Mid-range
Tevorex Fireplace Aromatherapy Machine 3D Simulation Flame Ambient Light Small Household Wood Grain Air Humidifier Fireplace,22.44,4.823279220779221,0.0,https://www.banggood.com/Tevorex-Fireplace-Aromatherapy-Machine-3D-Simulation-Flame-Ambient-Light-Small-Household-Wood-Grain-Air-Humidifier-Fireplace-p-2043894.html?cur_warehouse=CN&ID=6287830&rmmds=CategoryHomeAppliancesPop&trace_id=9b431763868272651,6333.69,Premium
Mini COB LED Flashlight Keychain Lights Screwdriver Emergency Wrench Hammer Portable Key Ring Work Light Torch Outdoor Camping,6.05,4.74,43.0,https://www.banggood.com/Mini-COB-LED-Flashlight-Keychain-Lights-Screwdriver-Emergency-Wrench-Hammer-Portable-Key-Ring-Work-Light-Torch-Outdoor-Camping-p-1979971.html?cur_warehouse=CN&ID=6287830&rmmds=CategoryLightsPop&trace_id=0f0d1763868296791,1707.61,Budget
Astrolux® WP5 1350M Long Distance Throwing LEP Flashlight 3in1 with 1200LM LED Flood Light & Red Blue AUX Light EDC Strong Spotlight Waterproof Search Torch With Type-C Charging 21700 Li-ion Battery,82.17,4.9,21.0,https://www.banggood.com/Astrolux-WP5-1350M-Long-Distance-Throwing-LEP-Flashlight-3in1-with-1200LM-LED-Flood-Light-and-Red-Blue-AUX-Light-EDC-Strong-Spotlight-Waterproof-Search-Torch-With-Type-C-Charging-21700-Li-ion-Battery-p-2026800.html?cur_warehouse=CN&ID=6287830&rmmds=CategoryLightsPop&trace_id=0f0d1763868296791,23192.48,Premium
IPree 500LM USB Rechargeable Work Lights IPX4 Waterproof Mini LED Flashlight Lantern for Outdoor Camping Hiking,6.05,5.0,6.0,https://www.banggood.com/IPree-500LM-USB-Rechargeable-Work-Lights-IPX4-Waterproof-Mini-LED-Flashlight-Lantern-for-Outdoor-Camping-Hiking-p-2018037.html?cur_warehouse=CN&ID=6287851&rmmds=CategoryLightsPop&trace_id=0f0d1763868296791,1707.61,Budget
V8 800LM Strong Light EDC Portable LED Flashlight USB Rechargeable Built-in 18650 Battery Mini Torch Outdoor Emergency Light,9.85,5.0,4.0,https://www.banggood.com/V8-800LM-Strong-Light-EDC-Portable-LED-Flashlight-USB-Rechargeable-Built-in-18650-Battery-Mini-Torch-Outdoor-Emergency-Light-p-1984842.html?cur_warehouse=CN&rmmds=CategoryLightsPop&trace_id=0f0d1763868296791,2780.16,Budget
51 LED Purple Light Flashlight 395nm Handheld UV Black Light Flashlight Portable Ultra Violet Torch Lamp For Dog Cat Urine Carpet,9.85,5.0,11.0,https://www.banggood.com/51-LED-Purple-Light-Flashlight-395nm-Handheld-UV-Black-Light-Flashlight-Portable-Ultra-Violet-Torch-Lamp-For-Dog-Cat-Urine-Carpet-p-1987141.html?cur_warehouse=CN&rmmds=CategoryLightsPop&trace_id=0f0d1763868296791,2780.16,Budget
Portable LED Flashlight Hand Crank Dynamo Torch Professional Solar Power Tent Light Lantern for Outdoor Camping Mountaineering,6.43,5.0,23.0,https://www.banggood.com/Portable-LED-Flashlight-Hand-Crank-Dynamo-Torch-Professional-Solar-Power-Tent-Light-Lantern-for-Outdoor-Camping-Mountaineering-p-1977728.html?cur_warehouse=CN&ID=6287837&rmmds=CategoryLightsPop&trace_id=0f0d1763868296791,1814.87,Budget
Powerful XPE LED+COB Dual Light Sources Work Light 4000mAh Power Bank Flashlight TYPE-C Rechargeable With Magnet Outdoor Camping Emergency Lantern,14.08,5.0,4.0,https://www.banggood.com/Powerful-XPE-LED+COB-Dual-Light-Sources-Work-Light-4000mAh-Power-Bank-Flashlight-TYPE-C-Rechargeable-With-Magnet-Outdoor-Camping-Emergency-Lantern-p-2016168.html?cur_warehouse=CN&ID=6287830&rmmds=CategoryLightsPop&trace_id=0f0d1763868296791,3974.08,Mid-range
Super Bright Flashlight COB Side Light XHP70 30W LED USB-C with 26650 Battery 16000 Lumen Outdoor Emergency 6 Modes Zoomable Torch,15.3,4.0,2.0,https://www.banggood.com/Super-Bright-Flashlight-COB-Side-Light-XHP70-30W-LED-USB-C-with-26650-Battery-16000-Lumen-Outdoor-Emergency-6-Modes-Zoomable-Torch-p-2007331.html?cur_warehouse=CN&ID=6293616&rmmds=CategoryLightsPop&trace_id=0f0d1763868296791,4318.42,Mid-range
XPE LED Zoomable Penshape Detection Flashlight Focus Adjustable Mini LED Torch Penlight Pocket Light,4.78,4.83,6.0,https://www.banggood.com/XPE-LED-Zoomable-Penshape-Detection-Flashlight-Focus-Adjustable-Mini-LED-Torch-Penlight-Pocket-Light-p-1997881.html?cur_warehouse=CN&ID=6287830&rmmds=CategoryLightsPop&trace_id=0f0d1763868296791,1349.16,Budget
TANJE 8*P900+COB Super Bright Type-C Rechargeable ABS Housing Flashlight with 18650 Battery COB Side Light 500m Long Range Powerful LED Torch Camping Lantern,5.3,4.67,206.0,https://www.banggood.com/TANJE-8+P900+COB-Super-Bright-Type-C-Rechargeable-ABS-Housing-Flashlight-with-18650-Battery-COB-Side-Light-500m-Long-Range-Powerful-LED-Torch-Camping-Lantern-p-1914007.html?cur_warehouse=CN&rmmds=CategoryLightsPop&trace_id=0f0d1763868296791,1495.92,Budget
BIKIGHT XHP50 1800lm Powerful Long Range Zoomable Flashlight Kit with 18650 Li-ion Battery USB Rechargeable & Power Display Mini Torch Focus Adjustable Tactical Light,5.96,4.84,915.0,https://www.banggood.com/BIKIGHT-XHP50-1800lm-Powerful-Long-Range-Zoomable-Flashlight-Kit-with-18650-Li-ion-Battery-USB-Rechargeable-and-Power-Display-Mini-Torch-Focus-Adjustable-Tactical-Light-p-1749466.html?cur_warehouse=CN&rmmds=CategoryLightsPop&trace_id=0f0d1763868296791,1682.21,Budget
Bikight® USB Rechargeable COB Work Light Portable LED Flashlight Adjustable Waterproof Camping Lantern Magnet Design with Power Display,8.7,4.93,40.0,https://www.banggood.com/Bikight-USB-Rechargeable-COB-Work-Light-Portable-LED-Flashlight-Adjustable-Waterproof-Camping-Lantern-Magnet-Design-with-Power-Display-p-1841930.html?cur_warehouse=CN&ID=6306835&rmmds=CategoryLightsPop&trace_id=0f0d1763868296791,2455.57,Budget
Astrolux® FT03 Pro HI50 LED 3050LM High Lumen Flashlight 1280M Thrower USB-C Rechargeable Power by 5000mAh 26650 Battery High Performance Stepless Dimming Powerful LED Torch,30.11,4.97,210.0,https://www.banggood.com/Astrolux-FT03-Pro-HI50-LED-3050LM-High-Lumen-Flashlight-1280M-Thrower-USB-C-Rechargeable-Power-by-5000mAh-26650-Battery-High-Performance-Stepless-Dimming-Powerful-LED-Torch-p-2018223.html?cur_warehouse=CN&ID=62878306324824&rmmds=CategoryLightsPop&trace_id=0f0d1763868296791,8498.55,Premium
Lumintop Rainbow 2.0 LED+RGB Flashlight 3000LM 1000M 46950 32000mAh Battery USB-C Rechargeable Camping Flashlight,74.61,4.97,36.0,https://www.banggood.com/Lumintop-Rainbow-2_0-LED+RGB-Flashlight-3000LM-1000M-46950-32000mAh-Battery-USB-C-Rechargeable-Camping-Flashlight-p-2023467.html?cur_warehouse=CN&ID=6287845&rmmds=CategoryLightsPop&trace_id=0f0d1763868296791,21058.67,Premium
Astrolux® VC04S Type-C Input Quick Smart Battery Charger LCD Display Intellegent Flashlight Charger 4 Slots For Li-ion LiF4PO4 Ni-MH 18650 21700 26650 AA AAA Batteries Cell,11.71,4.86,146.0,https://www.banggood.com/Astrolux-VC04S-Type-C-Input-Quick-Smart-Battery-Charger-LCD-Display-Intellegent-Flashlight-Charger-4-Slots-For-Li-ion-LiF4PO4-Ni-MH-18650-21700-26650-AA-AAA-Batteries-Cell-p-1987376.html?cur_warehouse=CN&rmmds=CategoryLightsPop&trace_id=0f0d1763868296791,3305.15,Mid-range
Astrolux® MF07 7*SFH55.2 LED 21000LM Powerful Search Monsters Flashlight with 46950 Battery Max 618M Throw Flashlight 15 Days Runtime Type-C USB Rechargeable Powerful LED Torch for Outdoor Adventure Hiking Camping Searching Fishing,72.42,5.0,16.0,https://www.banggood.com/Astrolux-MF07-7+SFH55_2-LED-21000LM-Powerful-Search-Monsters-Flashlight-with-46950-Battery-Max-618M-Throw-Flashlight-15-Days-Runtime-Type-C-USB-Rechargeable-Powerful-LED-Torch-for-Outdoor-Adventure-Hiking-Camping-Searching-Fishing-p-2027293.html?cur_warehouse=CN&ID=6330658&rmmds=CategoryLightsPop&trace_id=0f0d1763868296791,20440.55,Premium
Astrolux® EC01X 2.0 6800LM 32000mAh 46950 Battery Long Throw Flashlight Type-C USB Rechargeable Powerful LED Torch High Lumen Strong Light Search Lamp,91.3,4.93,30.0,https://www.banggood.com/Astrolux-EC01X-2_0-6800LM-32000mAh-46950-Battery-Long-Throw-Flashlight-Type-C-USB-Rechargeable-Powerful-LED-Torch-High-Lumen-Strong-Light-Search-Lamp-p-2000016.html?cur_warehouse=CN&ID=6287830&rmmds=CategoryLightsPop&trace_id=0f0d1763868296791,25769.42,Premium
"Vastlite Sima 2200LM 210M Compact EDC LED Flashlight with 14500 Battery, Long Range Portable Powerful USB Rechargeable Flashlight",30.96,5.0,3.0,"https://www.banggood.com/Vastlite-Sima-2200LM-210M-Compact-EDC-LED-Flashlight-with-14500-Battery,Long-Range-Portable-Powerful-USB-Rechargeable-Flashlight-p-2024334.html?cur_warehouse=CN&ID=6287830&rmmds=CategoryLightsPop&trace_id=0f0d1763868296791",8738.46,Premium
Lumintop Tool AA UV 2.0 Ultraviolet Flashlight UV Flashlight 2 Mode 365nn Wavelength Black Light Flashlight 14500 Battery Mini Camping UV Torch,16.27,5.0,11.0,https://www.banggood.com/Lumintop-Tool-AA-UV-2_0-Ultraviolet-Flashlight-UV-Flashlight-2-Mode-365nn-Wavelength-Black-Light-Flashlight-14500-Battery-Mini-Camping-UV-Torch-p-2000106.html?cur_warehouse=CN&rmmds=CategoryLightsPop&trace_id=0f0d1763868296791,4592.21,Mid-range
"XIAOMI Mijia 2in1 1000LM Strong Flashlight Dual Color Mood Light Reading Lamp, 3100mAh USB Rechargeable Multi Functional LED Torch, Portable For Outdoor Camping Fishing Walking",22.26,4.85,88.0,"https://www.banggood.com/XIAOMI-Mijia-2in1-1000LM-Strong-Flashlight-Dual-Color-Mood-Light-Reading-Lamp,3100mAh-USB-Rechargeable-Multi-Functional-LED-Torch,Portable-For-Outdoor-Camping-Fishing-Walking-p-2022986.html?cur_warehouse=CN&ID=6321046&rmmds=CategoryLightsPop&trace_id=0f0d1763868296791",6282.88,Premium
P70 Powerful Extremely Bright 3 Modes + Zomable LED Flashlight USB Rechargeable LED Torch Lantern 26650 Battery Best for Camping Emergency Light,9.48,5.0,2.0,https://www.banggood.com/P70-Powerful-Extremely-Bright-3-Modes-+-Zomable-LED-Flashlight-USB-Rechargeable-LED-Torch-Lantern-26650-Battery-Best-for-Camping-Emergency-Light-p-1987464.html?cur_warehouse=CN&rmmds=CategoryLightsPop&trace_id=0f0d1763868296791,2675.73,Budget
Lumintop Tool AAA 110 Lumen Pocket-sized Keychain EDC Mini Flashlight XP-G2 Led IP68 Waterproof with Reversible Clip,12.21,5.0,3.0,https://www.banggood.com/Lumintop-Tool-AAA-110-Lumen-Pocket-sized-Keychain-EDC-Mini-Flashlight-XP-G2-Led-IP68-Waterproof-with-Reversible-Clip-p-1984177.html?cur_warehouse=CN&rmmds=CategoryLightsPop&trace_id=0f0d1763868296791,3446.27,Mid-range
Astrolux® EA04 4*HP50 12600LM High Lumen Strong EDC Flashlight USB-C Rechargeable Powerful Mini LED Torch 26650/21700/18650/26350 Compact EDC Survival Tools,30.1,4.95,306.0,https://www.banggood.com/Astrolux-EA04-4+HP50-12600LM-High-Lumen-Strong-EDC-Flashlight-USB-C-Rechargeable-Powerful-Mini-LED-Torch-26650-or-21700-or-18650-or-26350-Compact-EDC-Survival-Tools-p-1989997.html?cur_warehouse=CN&ID=6287835&rmmds=CategoryLightsPop&trace_id=0f0d1763868296791,8495.72,Premium
Nextool Flashlight 3600LM IPX7 Waterproof 10000mAh Type-C Rechargeable Seaching Torch LED Emergency Light For Outdoor Camping,57.44,5.0,4.0,https://www.banggood.com/Nextool-Flashlight-3600LM-IPX7-Waterproof-10000mAh-Type-C-Rechargeable-Seaching-Torch-LED-Emergency-Light-For-Outdoor-Camping-p-1982182.html?cur_warehouse=CN&rmmds=CategoryLightsPop&trace_id=0f0d1763868296791,16212.44,Premium
Lumintop Mach4695 26000LM Strong Light LED Flashlight With 46950 Battery USB-C Charge Discharge 32000mAh Power Bank Self Protect Search Torch With Fan High Powerful Outdoor Lighting,141.17,4.92,12.0,https://www.banggood.com/Lumintop-Mach4695-26000LM-Strong-Light-LED-Flashlight-With-46950-Battery-USB-C-Charge-Discharge-32000mAh-Power-Bank-Self-Protect-Search-Torch-With-Fan-High-Powerful-Outdoor-Lighting-p-2026613.html?cur_warehouse=CN&ID=6287830&rmmds=CategoryLightsPop&trace_id=0f0d1763868296791,39845.23,Premium
Folomov EDC C1 400lm High CRI 98 EDC Clip Flashlight 10440 Mini Size Compact Portable LED Torch Brass & Aluminum Outdoor EDC Survival Tool,12.13,5.0,10.0,https://www.banggood.com/Folomov-EDC-C1-400lm-High-CRI-98-EDC-Clip-Flashlight-10440-Mini-Size-Compact-Portable-LED-Torch-Brass-and-Aluminum-Outdoor-EDC-Survival-Tool-p-1987890.html?cur_warehouse=CN&ID=6287830&rmmds=CategoryLightsPop&trace_id=0f0d1763868296791,3423.69,Mid-range
HAIKELITE HK05 5*SFN60 30000LM 1000M Long Range Powerful LED Flashlight with 3*21700 Battery Type-C USB Rechargeable High Power Output Strong LED Torch,77.42,5.0,14.0,https://www.banggood.com/HAIKELITE-HK05-5+SFN60-30000LM-1000M-Long-Range-Powerful-LED-Flashlight-with-3+21700-Battery-Type-C-USB-Rechargeable-High-Power-Output-Strong-LED-Torch-p-2017562.html?cur_warehouse=CN&ID=6296850&rmmds=CategoryLightsPop&trace_id=0f0d1763868296791,21851.8,Premium
CYANSKY P12R Powerful LED Magnetic Tail Flashlight 1300 Lumen 240M Tactical Flashlights Rechargeable EDC Pocket Flashlight Power by 14500 Battery,22.26,5.0,6.0,https://www.banggood.com/CYANSKY-P12R-Powerful-LED-Magnetic-Tail-Flashlight-1300-Lumen-240M-Tactical-Flashlights-Rechargeable-EDC-Pocket-Flashlight-Power-by-14500-Battery-p-2000117.html?cur_warehouse=CN&ID=6287837&rmmds=CategoryLightsPop&trace_id=0f0d1763868296791,6282.88,Premium
BIKIGHT U01 9x LED Violet Light Multifunction UV LED Flashlight Fluorescence Detection Pen AAA,6.97,4.75,239.0,https://www.banggood.com/BIKIGHT-U01-9x-LED-Violet-Light-Multifunction-UV-LED-Flashlight-Fluorescence-Detection-Pen-AAA-p-1281578.html?cur_warehouse=CN&ID=224&rmmds=CategoryLightsPop&trace_id=0f0d1763868296791,1967.28,Budget
BIKIGHT P500 Double Light 500m Long Range Strong Flashlight with COB Sidelight USB Rechargeable Powerful Handheld Spotlight LED Searchlight,5.15,4.76,1720.0,https://www.banggood.com/BIKIGHT-P500-Double-Light-500m-Long-Range-Strong-Flashlight-with-COB-Sidelight-USB-Rechargeable-Powerful-Handheld-Spotlight-LED-Searchlight-p-1780321.html?cur_warehouse=CN&ID=6321046&rmmds=CategoryLightsPop&trace_id=0f0d1763868296791,1453.59,Budget
USB Intelligent Universal Rechargeable Battery Charger 18650 Flashlight Charger 4 Slots Fast Charge for 3.7V Li-ion TR IMR 10440 14500 16650 14650 18350 18500 16340(RCR123) Batteries,5.3,5.0,5.0,https://www.banggood.com/USB-Intelligent-Universal-Rechargeable-Battery-Charger-18650-Flashlight-Charger-4-Slots-Fast-Charge-for-3_7V-Li-ion-TR-IMR-10440-14500-16650-14650-18350-18500-16340(RCR123)-Batteries-p-1996522.html?cur_warehouse=CN&rmmds=CategoryLightsPop&trace_id=58b61763868320127,1495.92,Budget
Astrolux® VC04S Type-C Input Quick Smart Battery Charger LCD Display Intellegent Flashlight Charger 4 Slots For Li-ion LiF4PO4 Ni-MH 18650 21700 26650 AA AAA Batteries Cell,11.71,4.86,146.0,https://www.banggood.com/Astrolux-VC04S-Type-C-Input-Quick-Smart-Battery-Charger-LCD-Display-Intellegent-Flashlight-Charger-4-Slots-For-Li-ion-LiF4PO4-Ni-MH-18650-21700-26650-AA-AAA-Batteries-Cell-p-1987376.html?cur_warehouse=CN&rmmds=CategoryLightsPop&trace_id=58b61763868320127,3305.15,Mid-range
Lumintop PD2 2 in 1 18W USB-C Battery Charger Portable Phone Powerbank Dual Slots For 21700 Cells,13.51,4.8,10.0,https://www.banggood.com/Lumintop-PD2-2-in-1-18W-USB-C-Battery-Charger-Portable-Phone-Powerbank-Dual-Slots-For-21700-Cells-p-1987859.html?cur_warehouse=CN&rmmds=CategoryLightsPop&trace_id=58b61763868320127,3813.2,Mid-range
XTAR VC8 21700 18650 Intelligent Battery Charger Type-C Fast Charging Smart Charger LCD Display Li-ion IMR Ni-MH Ni-Cd AA AAA C 16340 26650 14500 18650 Flashlight Cells Charger,30.1,4.76,17.0,https://www.banggood.com/XTAR-VC8-21700-18650-Intelligent-Battery-Charger-Type-C-Fast-Charging-Smart-Charger-LCD-Display-Li-ion-IMR-Ni-MH-Ni-Cd-AA-AAA-C-16340-26650-14500-18650-Flashlight-Cells-Charger-p-1996517.html?cur_warehouse=CN&rmmds=CategoryLightsPop&trace_id=58b61763868320127,8495.72,Premium
XTAR VC4SL Intellegent LCD Battery Charger USB C QC3.0 Fast Charge 1.2V Ni-MH AAA AA Batteries Rechargeable Li ion 18650 21700 Battery Charger,23.34,4.83,6.0,https://www.banggood.com/XTAR-VC4SL-Intellegent-LCD-Battery-Charger-USB-C-QC3_0-Fast-Charge-1_2V-Ni-MH-AAA-AA-Batteries-Rechargeable-Li-ion-18650-21700-Battery-Charger-p-1996521.html?cur_warehouse=CN&rmmds=CategoryLightsPop&trace_id=58b61763868320127,6587.72,Premium
XTAR L4 AAA AA Battery Charger 4 Slots Intelligent LED Indicator Fast Charging USB Flashlight Charger for 1.5V Li-ion / 1.2V lithium NiMH Batteries,7.05,5.0,1.0,https://www.banggood.com/XTAR-L4-AAA-AA-Battery-Charger-4-Slots-Intelligent-LED-Indicator-Fast-Charging-USB-Flashlight-Charger-for-1_5V-Li-ion-or-1_2V-lithium-NiMH-Batteries-p-2011718.html?cur_warehouse=CN&rmmds=CategoryLightsPop&trace_id=58b61763868320127,1989.86,Budget
XTAR SC1 PLUS Single-Slot Battery Charger QC PD USB C 3A Fast Charging 21700 26650 26800 18650 NiMH Batteries 10W Power Bank,10.61,5.0,5.0,https://www.banggood.com/XTAR-SC1-PLUS-Single-Slot-Battery-Charger-QC-PD-USB-C-3A-Fast-Charging-21700-26650-26800-18650-NiMH-Batteries-10W-Power-Bank-p-2000109.html?cur_warehouse=CN&rmmds=CategoryLightsPop&trace_id=58b61763868320127,2994.67,Mid-range
Astrolux® NC08 8 Slot Intelligent Type-C 2A Charger For 1.2V Ni-MH/Ni-Cd AA AAA 1.5V Li-ion 14500 10440 Rechargeable Battery For LED Flashlight RC Cars VR Controllers Cameras,8.96,4.98,43.0,https://www.banggood.com/Astrolux-NC08-8-Slot-Intelligent-Type-C-2A-Charger-For-1_2V-Ni-MH-or-Ni-Cd-AA-AAA-1_5V-Li-ion-14500-10440-Rechargeable-Battery-For-LED-Flashlight-RC-Cars-VR-Controllers-Cameras-p-1960423.html?cur_warehouse=CN&ID=6287830&rmmds=CategoryLightsPop&trace_id=58b61763868320127,2528.96,Budget
BMAX 4 Slot 18650/14500/16650/16340 Li-ion Battery Charger EU Plug AC Plug Portable Charger,4.79,4.83,232.0,https://www.banggood.com/BMAX-4-Slot-18650-or-14500-or-16650-or-16340-Li-ion-Battery-Charger-EU-Plug-AC-Plug-Portable-Charger-p-1647136.html?cur_warehouse=CN&rmmds=CategoryLightsPop&trace_id=58b61763868320127,1351.98,Budget
LiitoKala Lii-500 LCD Screen Display Smartest  Lithium And NiMH Battery Charger 18650 26650,18.19,4.95,1274.0,https://www.banggood.com/LiitoKala-Lii-500-LCD-Screen-Display-Smartest-Lithium-And-NiMH-Battery-Charger-18650-26650-p-999106.html?cur_warehouse=CN&ID=6295307&rmmds=CategoryLightsPop&trace_id=58b61763868320127,5134.13,Mid-range
Astrolux® MC01 2 in1 USB Charging Mini Battery Charger Portable Mobile Phone Power Bank Current Optional Charger For 18650 21700 26650 14500 Li-ion Battery,5.68,4.87,134.0,https://www.banggood.com/Astrolux-MC01-2-in1-USB-Charging-Mini-Battery-Charger-Portable-Mobile-Phone-Power-Bank-Current-Optional-Charger-For-18650-21700-26650-14500-Li-ion-Battery-p-1759776.html?cur_warehouse=CN&rmmds=CategoryLightsPop&trace_id=58b61763868320127,1603.18,Budget
Astrolux® MC02 2 in1 USB Charging Mini Battery Charger Portable Mobile Phone Power Bank Current Optional Charger For 18650 21700 26650 Li-ion Battery,7.29,4.81,144.0,https://www.banggood.com/Astrolux-MC02-2-in1-USB-Charging-Mini-Battery-Charger-Portable-Mobile-Phone-Power-Bank-Current-Optional-Charger-For-18650-21700-26650-Li-ion-Battery-p-1763413.html?cur_warehouse=CN&rmmds=CategoryLightsPop&trace_id=58b61763868320127,2057.6,Budget
3.7V-4.2V LED Power Indicator TC/CC/CV 3Modes USB Rechargeable 4Slots Lithium Battery Charger 18650/26650/21700 Battery Charger,6.54,4.92,60.0,https://www.banggood.com/3_7V-4_2V-LED-Power-Indicator-TC-or-CC-or-CV-3Modes-USB-Rechargeable-4Slots-Lithium-Battery-Charger-18650-or-26650-or-21700-Battery-Charger-p-1976176.html?cur_warehouse=CN&rmmds=CategoryLightsPop&trace_id=58b61763868320127,1845.92,Budget
LiitoKala Lii-500 LCD Display Intellegent Battery Charger for 18650 26650 AA AAA Flashlight Cells Can Test The Battery Capacity,20.58,4.89,18.0,https://www.banggood.com/LiitoKala-Lii-500-LCD-Display-Intellegent-Battery-Charger-for-18650-26650-AA-AAA-Flashlight-Cells-Can-Test-The-Battery-Capacity-p-1996516.html?cur_warehouse=CN&ID=6296615&rmmds=CategoryLightsPop&trace_id=58b61763868320127,5808.7,Premium
XTAR VC2 18650 Battery Charger Test Batteries Capacity Display USB Charger For 10400-26650 Li-Ion Battery 21700 18650 Charger,10.94,4.823279220779221,0.0,https://www.banggood.com/XTAR-VC2-18650-Battery-Charger-Test-Batteries-Capacity-Display-USB-Charger-For-10400-26650-Li-Ion-Battery-21700-18650-Charger-p-2000110.html?cur_warehouse=CN&rmmds=CategoryLightsPop&trace_id=58b61763868320127,3087.82,Mid-range
Astrolux® NC08 8 Slot Intelligent Charger For Ni-MH/Ni-Cd/Li-ion AA AAA 1.5V 14500 10440 Battery Type-C 2A Max Charging Speed Quick Charger For LED Flashlight Torch Home Tools RC Kids Toys,7.94,4.92,12.0,https://www.banggood.com/Astrolux-NC08-8-Slot-Intelligent-Charger-For-Ni-MH-or-Ni-Cd-or-Li-ion-AA-AAA-1_5V-14500-10440-Battery-Type-C-2A-Max-Charging-Speed-Quick-Charger-For-LED-Flashlight-Torch-Home-Tools-RC-Kids-Toys-p-1993511.html?cur_warehouse=CN&rmmds=CategoryLightsPop&trace_id=58b61763868320127,2241.06,Budget
Astrolux® AC04 LCD Display AC/DC Smart Intelligent Universal Li-ion NiMH Flashlight Battery Charger For 18650 26650 21700 AA AAA Battery,13.22,4.9,73.0,https://www.banggood.com/Astrolux-AC04-LCD-Display-AC-or-DC-Smart-Intelligent-Universal-Li-ion-NiMH-Flashlight-Battery-Charger-For-18650-26650-21700-AA-AAA-Battery-p-1756224.html?cur_warehouse=CN&ID=6295306&rmmds=CategoryLightsPop&trace_id=58b61763868320127,3731.34,Mid-range
LiitoKala LII-S8 8 Slots LCD Display Battery Charger for Li-ion(IMR/ICR) LiFePO4 Ni-MH/Cd AA AAA C 18650 21700 26650 18350 14500 RCR123 Cells & 9V Batteries,29.18,4.61,18.0,https://www.banggood.com/LiitoKala-LII-S8-8-Slots-LCD-Display-Battery-Charger-for-Li-ion(IMR-or-ICR)-LiFePO4-Ni-MH-or-Cd-AA-AAA-C-18650-21700-26650-18350-14500-RCR123-Cells-and-9V-Batteries-p-1996515.html?cur_warehouse=CN&ID=3426&rmmds=CategoryLightsPop&trace_id=58b61763868320127,8236.06,Premium
2 Slots EU/US Plug Charger for 18650 Battery,4.58,4.823279220779221,0.0,https://www.banggood.com/2-Slots-EU-or-US-Plug-Charger-for-18650-Battery-p-2006733.html?cur_warehouse=CN&ID=6296616&rmmds=CategoryLightsPop&trace_id=58b61763868320127,1292.7,Budget
LiitoKala Lii-600 LCD Display Battery Charger For Li-ion 3.7V and NiMH 1.2V Battery Suitable for 18650 26650 21700 26700 AA AAA 12V5A  Battery Smart Charger,34.25,4.88,8.0,https://www.banggood.com/LiitoKala-Lii-600-LCD-Display-Battery-Charger-For-Li-ion-3_7V-and-NiMH-1_2V-Battery-Suitable-for-18650-26650-21700-26700-AA-AAA-12V5A-Battery-Smart-Charger-p-2007616.html?cur_warehouse=CN&ID=6296616&rmmds=CategoryLightsPop&trace_id=58b61763868320127,9667.06,Premium
"LiitoKala Lii-L4 3.7V 18650 Charger Li-ion Battery USB Independent Charging Portable High Power Discharge for 26650,21700,20700,18650 18500,18350,14500, 18350, 16340Batteries",7.37,5.0,1.0,"https://www.banggood.com/LiitoKala-Lii-L4-3_7V-18650-Charger-Li-ion-Battery-USB-Independent-Charging-Portable-High-Power-Discharge-for-26650,21700,20700,18650-18500,18350,14500,18350,16340Batteries-p-2009923.html?cur_warehouse=CN&rmmds=CategoryLightsPop&trace_id=58b61763868320127",2080.18,Budget
FOLOMOV Portable USB Charging Charger for 21700 20700 18650 Li-ion Battery Indicator Magnetic Key Charger,7.68,4.823279220779221,0.0,https://www.banggood.com/FOLOMOV-Portable-USB-Charging-Charger-for-21700-20700-18650-Li-ion-Battery-Indicator-Magnetic-Key-Charger-p-2010312.html?cur_warehouse=CN&rmmds=CategoryLightsPop&trace_id=58b61763868320127,2167.68,Budget
"LiitoKala Lii-202 18650 Battery Smart Charger Lii202 For 18650, 18490, 18350, 17670, 17500, 16340(RCR123), 14500, 10440 Rechargeable Battery  Charger",8.91,4.823279220779221,0.0,"https://www.banggood.com/LiitoKala-Lii-202-18650-Battery-Smart-Charger-Lii202-For-18650,18490,18350,17670,17500,16340(RCR123),14500,10440-Rechargeable-Battery-Charger-p-2010949.html?cur_warehouse=CN&rmmds=CategoryLightsPop&trace_id=58b61763868320127",2514.85,Budget
XTAR MC4S USB Type-C Input Li-ion & Ni-MH Battery AAA AA Charger 4-slot Battery Charger for 3.6V 3.7V Flashlight's 18650 26650 1.2V Ni-MH Ni-CD Household Batteries,10.27,5.0,1.0,https://www.banggood.com/XTAR-MC4S-USB-Type-C-Input-Li-ion-and-Ni-MH-Battery-AAA-AA-Charger-4-slot-Battery-Charger-for-3_6V-3_7V-Flashlights-18650-26650-1_2V-Ni-MH-Ni-CD-Household-Batteries-p-2011727.html?cur_warehouse=CN&rmmds=CategoryLightsPop&trace_id=58b61763868320127,2898.71,Mid-range
Yonii D4 Four Slot USB Rechargeable Lithium Battery Charger Multi-functional Intelligent Charger for 18650/26650/21700/AAA Battery,11.68,5.0,8.0,https://www.banggood.com/Yonii-D4-Four-Slot-USB-Rechargeable-Lithium-Battery-Charger-Multi-functional-Intelligent-Charger-for-186502665021700AAA-Battery-p-1552010.html?cur_warehouse=CN&rmmds=CategoryLightsPop&trace_id=58b61763868320127,3296.68,Mid-range
Astrolux® SC01 Type-C 2A Quick Charge USB Battery Charger Li-ion/IMR/INR/ICR Charger For 18650 20700 21700 26650 Cell,5.22,4.93,273.0,https://www.banggood.com/Astrolux-SC01-Type-C-2A-Quick-Charge-USB-Battery-Charger-Li-ion-or-IMR-or-INR-or-ICR-Charger-For-18650-20700-21700-26650-Cell-p-1754325.html?cur_warehouse=CN&rmmds=CategoryLightsPop&trace_id=58b61763868320127,1473.34,Budget
Astrolux® VC02 Intelligent 2-Slot LCD Battery Charger Type-C 2A Quick Charge Mix-charging of 1.2V Ni-MH/Ni-CD AA/ AAA/ AAAA 3.6V/ 3.7V Li-ion/ IMR/ INR/ ICR 14500/ 18650/ 21700/26650 Battery For Cells Flashlight RC Toys Home Tools,11.6,5.0,26.0,https://www.banggood.com/Astrolux-VC02-Intelligent-2-Slot-LCD-Battery-Charger-Type-C-2A-Quick-Charge-Mix-charging-of-1_2V-Ni-MH-or-Ni-CD-AA-or-AAA-or-AAAA-3_6V-or-3_7V-Li-ion-or-IMR-or-INR-or-ICR-14500-or-18650-or-21700-or-26650-Battery-For-Cells-Flashlight-RC-Toys-Home-Tools-p-2026784.html?cur_warehouse=CN&ID=6287830&rmmds=CategoryLightsPop&trace_id=58b61763868320127,3274.1,Mid-range
LiitoKala Lii-M4  4slot 5V 2A 18650 Charger LCD Display Universal Smart Charger Test Capacity 26650 18650 21700 AA AAA Battery Charger,14.08,4.84,50.0,https://www.banggood.com/LiitoKala-Lii-M4-4slot-5V-2A-18650-Charger-LCD-Display-Universal-Smart-Charger-Test-Capacity-26650-18650-21700-AA-AAA-Battery-Charger-p-2003521.html?cur_warehouse=CN&rmmds=CategoryLightsPop&trace_id=58b61763868320127,3974.08,Mid-range
LiitoKala Lii-M4S Battery Charger for 26700 18650 26650 21700 AA Touch Button LCD Display Test The Battery Charger Capacity,18.57,4.76,33.0,https://www.banggood.com/LiitoKala-Lii-M4S-Battery-Charger-for-26700-18650-26650-21700-AA-Touch-Button-LCD-Display-Test-The-Battery-Charger-Capacity-p-2003523.html?cur_warehouse=CN&rmmds=CategoryLightsPop&trace_id=58b61763868320127,5241.38,Mid-range
Astrolux® NC04S Inteligent 4-Slot LCD Battery Charger Mix-charging of AA/AAA Lithium & NiMH Btteries For Cells Flashlight RC Toys Home Tools,6.57,5.0,13.0,https://www.banggood.com/Astrolux-NC04S-Inteligent-4-Slot-LCD-Battery-Charger-Mix-charging-of-AA-or-AAA-Lithium-and-NiMH-Btteries-For-Cells-Flashlight-RC-Toys-Home-Tools-p-2013589.html?cur_warehouse=CN&rmmds=CategoryLightsPop&trace_id=58b61763868320127,1854.38,Budget
Fishing Alarm Fish Bite Alarm Loud Sound Clip on Fishing Rod Alarm Bell Electronic LED Light Night Fishing Tackle Accessories,6.19,5.0,4.0,https://www.banggood.com/Fishing-Alarm-Fish-Bite-Alarm-Loud-Sound-Clip-on-Fishing-Rod-Alarm-Bell-Electronic-LED-Light-Night-Fishing-Tackle-Accessories-p-1988111.html?cur_warehouse=CN&rmmds=CategorySportsPop&trace_id=f0271763868342978,1747.13,Budget
High-Quality Breathable Tactical Belt Military Nylon Waist Support Strap Sports Hunting Training Hiking Outdoor Army Gear Waistband Tactical Canvas Belt Woven Canvas Belt,7.73,5.0,3.0,https://www.banggood.com/High-Quality-Breathable-Tactical-Belt-Military-Nylon-Waist-Support-Strap-Sports-Hunting-Training-Hiking-Outdoor-Army-Gear-Waistband-Tactical-Canvas-Belt-Woven-Canvas-Belt-p-2015132.html?cur_warehouse=CN&ID=6326928&rmmds=CategorySportsPop&trace_id=f0271763868342978,2181.79,Budget
ZANLURE Fishing Bait Boat Navigation Lights LED Lights Waterproof with 300-500M Long-Distance IP67 Waterproof Three-Level Brightness Adjustment Strong Magnetic Suction Type-C Charging for Fishing,13.15,4.823279220779221,0.0,https://www.banggood.com/ZANLURE-Fishing-Bait-Boat-Navigation-Lights-LED-Lights-Waterproof-with-300-500M-Long-Distance-IP67-Waterproof-Three-Level-Brightness-Adjustment-Strong-Magnetic-Suction-Type-C-Charging-for-Fishing-p-2016796.html?cur_warehouse=CN&rmmds=CategorySportsPop&trace_id=f0271763868342978,3711.59,Mid-range
TUSHI 2023 Tactical Belt 125cm*3.8cm Nylon Polyester Waistband Metal Quick Release Buckle Men Tactical Girdle,6.19,5.0,22.0,https://www.banggood.com/TUSHI-2023-Tactical-Belt-125cm+3_8cm-Nylon-Polyester-Waistband-Metal-Quick-Release-Buckle-Men-Tactical-Girdle-p-1979909.html?cur_warehouse=CN&ID=6287830&rmmds=CategorySportsPop&trace_id=f0271763868342978,1747.13,Budget
Fishing Line PE8 Nylon Line Super Strong 100m Saltwater Monofilament Line  Material Fishline for Carp Fishing,7.5,5.0,1.0,https://www.banggood.com/Fishing-Line-PE8-Nylon-Line-Super-Strong-100m-Saltwater-Monofilament-Line-Material-Fishline-for-Carp-Fishing-p-1991604.html?cur_warehouse=CN&ID=42883&rmmds=CategorySportsPop&trace_id=f0271763868342978,2116.88,Budget
ZANLURE 125cm Metal Buckle Tactical Belt Nylon Wistand Inserting Buckle Military Fan for Men Women,5.8,4.82,33.0,https://www.banggood.com/ZANLURE-125cm-Metal-Buckle-Tactical-Belt-Nylon-Wistand-Inserting-Buckle-Military-Fan-for-Men-Women-p-1981034.html?cur_warehouse=CN&ID=6287830&rmmds=CategorySportsPop&trace_id=f0271763868342978,1637.05,Budget
1Pc Popvcly Belt Metal Buckle Quick Release Belt Casual Tooling Training Belt Men's Pants Belt,6.42,4.94,36.0,https://www.banggood.com/1Pc-Popvcly-Belt-Metal-Buckle-Quick-Release-Belt-Casual-Tooling-Training-Belt-Mens-Pants-Belt-p-1979903.html?cur_warehouse=CN&ID=6287830&rmmds=CategorySportsPop&trace_id=f0271763868342978,1812.04,Budget
ZANLURE Men's High-Grade Nylon Tactical Belt with Dragon Pattern Toothless Automatic Alloy Buckle Waistband,10.06,4.823279220779221,0.0,https://www.banggood.com/ZANLURE-Mens-High-Grade-Nylon-Tactical-Belt-with-Dragon-Pattern-Toothless-Automatic-Alloy-Buckle-Waistband-p-2018314.html?cur_warehouse=CN&ID=6287830&rmmds=CategorySportsPop&trace_id=f0271763868342978,2839.44,Budget
TUSHI 120cm Metal Buckle Tactical Belt Nylon Wistand Inserting Buckle Military Fan for Men Women,10.06,4.823279220779221,0.0,https://www.banggood.com/TUSHI-120cm-Metal-Buckle-Tactical-Belt-Nylon-Wistand-Inserting-Buckle-Military-Fan-for-Men-Women-p-2024928.html?cur_warehouse=CN&ID=6287830&rmmds=CategorySportsPop&trace_id=f0271763868342978,2839.44,Budget
TUSHI 120cm Military Tactical Belt Tight Sturdy Nylon Heavy Duty Hard Self-buckle Belt for Outdoor Camping Hiking Adventure,12.38,4.823279220779221,0.0,https://www.banggood.com/TUSHI-120cm-Military-Tactical-Belt-Tight-Sturdy-Nylon-Heavy-Duty-Hard-Self-buckle-Belt-for-Outdoor-Camping-Hiking-Adventure-p-2008332.html?cur_warehouse=CN&ID=6325657&rmmds=CategorySportsPop&trace_id=f0271763868342978,3494.26,Mid-range
TUSHI 125cm Metal Buckle Tactical Belt Nylon Wistand Inserting Buckle  Casual Military Fan for Men Women,8.51,4.823279220779221,0.0,https://www.banggood.com/TUSHI-125cm-Metal-Buckle-Tactical-Belt-Nylon-Wistand-Inserting-Buckle-Casual-Military-Fan-for-Men-Women-p-2024929.html?cur_warehouse=CN&ID=6287830&rmmds=CategorySportsPop&trace_id=f0271763868342978,2401.95,Budget
PE Braid Line 150M Braided Fishing Line Multicolor Super Power Fishing Line,4.64,5.0,5.0,https://www.banggood.com/PE-Braid-Line-150M-Braided-Fishing-Line-Multicolor-Super-Power-Fishing-Line-p-1985290.html?cur_warehouse=CN&ID=42882&rmmds=CategorySportsPop&trace_id=f0271763868342978,1309.64,Budget
TIUSHI Advanced Automatic Buckle Tactical Belt Military Nylon Belt Soft Nylon Outdoor Sports Army Belt for Outdoors,7.73,5.0,3.0,https://www.banggood.com/TIUSHI-Advanced-Automatic-Buckle-Tactical-Belt-Military-Nylon-Belt-Soft-Nylon-Outdoor-Sports-Army-Belt-for-Outdoors-p-2015172.html?cur_warehouse=CN&ID=241&rmmds=CategorySportsPop&trace_id=f0271763868342978,2181.79,Budget
TUSHI 120cm Tactical Nylon Belt Adjustable Wear-resistant Lightweight Waist Belt Buckle Canvas Belt Casual Sports Belts for Outdoor Men Women,7.73,5.0,5.0,https://www.banggood.com/TUSHI-120cm-Tactical-Nylon-Belt-Adjustable-Wear-resistant-Lightweight-Waist-Belt-Buckle-Canvas-Belt-Casual-Sports-Belts-for-Outdoor-Men-Women-p-2008240.html?cur_warehouse=CN&ID=6288590&rmmds=CategorySportsPop&trace_id=f0271763868342978,2181.79,Budget
Night Fishing Electronic Rod LED Light Stick Luminous Glow Waterproof Rock Fishing Float Tackle Accessories,6.19,4.823279220779221,0.0,https://www.banggood.com/Night-Fishing-Electronic-Rod-LED-Light-Stick-Luminous-Glow-Waterproof-Rock-Fishing-Float-Tackle-Accessories-p-2012839.html?cur_warehouse=CN&ID=6326375&rmmds=CategorySportsPop&trace_id=f0271763868342978,1747.13,Budget
Ultra-light Carbon Spinning Lure Casting Rod Lure Telescopic Portable Fishing Rod for Baitcasting Reel,13.93,5.0,2.0,https://www.banggood.com/Ultra-light-Carbon-Spinning-Lure-Casting-Rod-Lure-Telescopic-Portable-Fishing-Rod-for-Baitcasting-Reel-p-2009920.html?cur_warehouse=CN&ID=5123516310587&rmmds=CategorySportsPop&trace_id=f0271763868342978,3931.74,Mid-range
ENNIU Military Equipment Belt Men Elastic Nylon Tactical Belts For Jeans Pants Solid Strap Canvas Double Ring Metal Buckle Waist Belt,7.73,4.823279220779221,0.0,https://www.banggood.com/ENNIU-Military-Equipment-Belt-Men-Elastic-Nylon-Tactical-Belts-For-Jeans-Pants-Solid-Strap-Canvas-Double-Ring-Metal-Buckle-Waist-Belt-p-2015022.html?cur_warehouse=CN&ID=6287830&rmmds=CategorySportsPop&trace_id=f0271763868342978,2181.79,Budget
TUSHI 120cm Length Luxury Metal Tactical Belts Automatic Buckle Nylon Quick Dry Sports Belts For Outdoors Hiking Cycling,8.51,5.0,4.0,https://www.banggood.com/TUSHI-120cm-Length-Luxury-Metal-Tactical-Belts-Automatic-Buckle-Nylon-Quick-Dry-Sports-Belts-For-Outdoors-Hiking-Cycling-p-2009430.html?cur_warehouse=CN&ID=6288208&rmmds=CategorySportsPop&trace_id=f0271763868342978,2401.95,Budget
TUSHI 120cm Metal Rotating Buckle Tactical Belt Nylon Wistand Inserting Buckle Casual Military Fan for Men Women,10.06,4.823279220779221,0.0,https://www.banggood.com/TUSHI-120cm-Metal-Rotating-Buckle-Tactical-Belt-Nylon-Wistand-Inserting-Buckle-Casual-Military-Fan-for-Men-Women-p-2024951.html?cur_warehouse=CN&ID=6287830&rmmds=CategorySportsPop&trace_id=f0271763868342978,2839.44,Budget
ZANLURE Fishing Finder Bite Alarm with LED Light Loud Sound Electronic Buzzer Rod Clip Fish Line Gear Alert,5.41,5.0,1.0,https://www.banggood.com/ZANLURE-Fishing-Finder-Bite-Alarm-with-LED-Light-Loud-Sound-Electronic-Buzzer-Rod-Clip-Fish-Line-Gear-Alert-p-2018319.html?cur_warehouse=CN&rmmds=CategorySportsPop&trace_id=f0271763868342978,1526.97,Budget
TUSHI Strong Metal Automatic Buckle Black Belt Wear-resistant Tough 125cm Nylon Belts For Men Breathable Canvas Designer Belt Training,7.73,4.823279220779221,0.0,https://www.banggood.com/TUSHI-Strong-Metal-Automatic-Buckle-Black-Belt-Wear-resistant-Tough-125cm-Nylon-Belts-For-Men-Breathable-Canvas-Designer-Belt-Training-p-2020512.html?cur_warehouse=CN&ID=6287830&rmmds=CategorySportsPop&trace_id=f0271763868342978,2181.79,Budget
ZANLURE 106pcs All Depth Mixed Fishing Lure Sets Hard Baits/Soft Lures Artificial Bait With Box,18.77,5.0,2.0,https://www.banggood.com/ZANLURE-106pcs-All-Depth-Mixed-Fishing-Lure-Sets-Hard-Baits-or-Soft-Lures-Artificial-Bait-With-Box-p-1997622.html?cur_warehouse=CN&rmmds=CategorySportsPop&trace_id=f0271763868342978,5297.83,Mid-range
ZANLURE 88pcs Colorful Mixed Fishing Lure Sets Hard Baits/Soft Simulation Lures Artificial Bait With Box,13.51,5.0,1.0,https://www.banggood.com/ZANLURE-88pcs-Colorful-Mixed-Fishing-Lure-Sets-Hard-Baits-or-Soft-Simulation-Lures-Artificial-Bait-With-Box-p-1997623.html?cur_warehouse=CN&rmmds=CategorySportsPop&trace_id=f0271763868342978,3813.2,Mid-range
Summer Removable Face Neck Protection Breatha Climbing Hats Wide Brim Hat Men Outdoor Anti-UV Fishing Hat Multifunctional Panama,8.51,4.823279220779221,0.0,https://www.banggood.com/Summer-Removable-Face-Neck-Protection-Breatha-Climbing-Hats-Wide-Brim-Hat-Men-Outdoor-Anti-UV-Fishing-Hat-Multifunctional-Panama-p-1996536.html?cur_warehouse=CN&ID=6287843&rmmds=CategorySportsPop&trace_id=f0271763868342978,2401.95,Budget
5Pcs Slow Mixed Minnow Fishing Lure Set Artificial Hard Bait Carp Mini Fishing Lures Fishing Bait,10.06,4.823279220779221,0.0,https://www.banggood.com/5Pcs-Slow-Mixed-Minnow-Fishing-Lure-Set-Artificial-Hard-Bait-Carp-Mini-Fishing-Lures-Fishing-Bait-p-1984012.html?cur_warehouse=CN&rmmds=CategorySportsPop&trace_id=f0271763868342978,2839.44,Budget
2 inch Molle 1200D Nylon Tactical Expansion Belt Heavy Duty Hard Metal Pluggable Buckle Military Combat Belt Set Tactical Military Accessories,15.48,5.0,1.0,https://www.banggood.com/2-inch-Molle-1200D-Nylon-Tactical-Expansion-Belt-Heavy-Duty-Hard-Metal-Pluggable-Buckle-Military-Combat-Belt-Set-Tactical-Military-Accessories-p-1985273.html?cur_warehouse=CN&ID=6287830&rmmds=CategorySportsPop&trace_id=f0271763868342978,4369.23,Mid-range
5pcs Topwater Minnow Fishing Lures Simulated Grasshopper Fishing Lure With Hook Mini Cricket Locust Top Water ArtificialBait,7.35,5.0,1.0,https://www.banggood.com/5pcs-Topwater-Minnow-Fishing-Lures-Simulated-Grasshopper-Fishing-Lure-With-Hook-Mini-Cricket-Locust-Top-Water-ArtificialBait-p-1985860.html?cur_warehouse=CN&rmmds=CategorySportsPop&trace_id=f0271763868342978,2074.54,Budget
ZANLURE 20/50 Pcs Fishing Lures Artificial Soft TPR Baits Shrimp Bass Carp Fishing Tackle,6.19,4.9,10.0,https://www.banggood.com/ZANLURE-20-or-50-Pcs-Fishing-Lures-Artificial-Soft-TPR-Baits-Shrimp-Bass-Carp-Fishing-Tackle-p-1837633.html?cur_warehouse=CN&ID=6302020&rmmds=CategorySportsPop&trace_id=f0271763868342978,1747.13,Budget
TUSHI Men's Belts 130cm Genuine Leather Bussines Fashion Belt Luxury Casual Brand Waistband High Quality Belts,23.22,4.823279220779221,0.0,https://www.banggood.com/TUSHI-Mens-Belts-130cm-Genuine-Leather-Bussines-Fashion-Belt-Luxury-Casual-Brand-Waistband-High-Quality-Belts-p-2023148.html?cur_warehouse=CN&ID=6287830&rmmds=CategorySportsPop&trace_id=f0271763868342978,6553.84,Premium
TUSHI 120cm Metal Buckle Tactical Belt Nylon Wistand Inserting Buckle Casual Military Fan Belt for Outdoor Shooting Hiking Sports,11.6,4.823279220779221,0.0,https://www.banggood.com/TUSHI-120cm-Metal-Buckle-Tactical-Belt-Nylon-Wistand-Inserting-Buckle-Casual-Military-Fan-Belt-for-Outdoor-Shooting-Hiking-Sports-p-2024932.html?cur_warehouse=CN&ID=6287830&rmmds=CategorySportsPop&trace_id=f0271763868342978,3274.1,Mid-range
DIDEEP Conversion Head Yoke to 8mm Fast Inflatable Joint DIDEEP Adapter,12.87,5.0,5.0,https://www.banggood.com/DIDEEP-Conversion-Head-Yoke-to-8mm-Fast-Inflatable-Joint-DIDEEP-Adapter-p-1986844.html?cur_warehouse=CN&rmmds=CategorySportsPop&trace_id=44e81763868364367,3632.56,Mid-range
1Pc Spare 7M Snorkel Hose/Air Compressor Filter Cotton For LIEYU Z270 Z500 LY01 Scuba Diving Snorkel Equipment DIY Diving Breathing Telescopic Snorkel Air Tube,11.37,5.0,2.0,https://www.banggood.com/1Pc-Spare-7M-Snorkel-Hose-or-Air-Compressor-Filter-Cotton-For-LIEYU-Z270-Z500-LY01-Scuba-Diving-Snorkel-Equipment-DIY-Diving-Breathing-Telescopic-Snorkel-Air-Tube-p-2032240.html?cur_warehouse=CN&ID=6332899&rmmds=CategorySportsPop&trace_id=44e81763868364367,3209.18,Mid-range
DIDEEP PSI Dial Mini Scuba Diving Tank Oxygen Cylinder Respirator Adapter 8MM Large to Small Scuba Tank Adapters Heads with Strap Tube,17.42,5.0,3.0,https://www.banggood.com/DIDEEP-PSI-Dial-Mini-Scuba-Diving-Tank-Oxygen-Cylinder-Respirator-Adapter-8MM-Large-to-Small-Scuba-Tank-Adapters-Heads-with-Strap-Tube-p-1989615.html?cur_warehouse=CN&ID=6287830&rmmds=CategorySportsPop&trace_id=44e81763868364367,4916.8,Mid-range
3mm Neoprene Diving Gloves Non-slip Spearfishing Gloves Surfing Warmth Winter Swim Underwater Hunting Snorkeling Gloves,19.69,4.823279220779221,0.0,https://www.banggood.com/3mm-Neoprene-Diving-Gloves-Non-slip-Spearfishing-Gloves-Surfing-Warmth-Winter-Swim-Underwater-Hunting-Snorkeling-Gloves-p-1987467.html?cur_warehouse=CN&ID=6287621&rmmds=CategorySportsPop&trace_id=44e81763868364367,5557.5,Premium
DIDEEP Diving Computer with Pressure Gauge Valve Core for Water Sports Enthusiasts,5.3,4.823279220779221,0.0,https://www.banggood.com/DIDEEP-Diving-Computer-with-Pressure-Gauge-Valve-Core-for-Water-Sports-Enthusiasts-p-2011872.html?cur_warehouse=CN&rmmds=CategorySportsPop&trace_id=44e81763868364367,1495.92,Budget
WAVE 180° Wide View Scuba Diving Goggles Big Frame Wateght and -Fog Lens for Vision Underwater Snorkeling Fishing Full Diving Glasses,23.55,4.823279220779221,0.0,https://www.banggood.com/WAVE-180-Wide-View-Scuba-Diving-Goggles-Big-Frame-Wateght-and-Fog-Lens-for-Vision-Underwater-Snorkeling-Fishing-Full-Diving-Glasses-p-2012352.html?cur_warehouse=CN&rmmds=CategorySportsPop&trace_id=44e81763868364367,6646.99,Premium
Double Tube Silicone Full Dry Diving Goggles Diving Equipment Snorkeling Goggles Adult Swimming Glasses Diving Goggles Self Contained Underwater Breathing,21.96,5.0,3.0,https://www.banggood.com/Double-Tube-Silicone-Full-Dry-Diving-Goggles-Diving-Equipment-Snorkeling-Goggles-Adult-Swimming-Glasses-Diving-Goggles-Self-Contained-Underwater-Breathing-p-2012866.html?cur_warehouse=CN&ID=62923426296062&rmmds=CategorySportsPop&trace_id=44e81763868364367,6198.21,Premium
"Full Snorkel Goggles 180° Panoramic View Safe Breathing System Diving Glasses With Assorted Colors Adjustable Strips And Action Camera Mount, Anti-Fog Anti-Leak Snorkeling Goggles Set For Snokel Diving",17.26,4.823279220779221,0.0,"https://www.banggood.com/Full-Snorkel-Goggles-180-Panoramic-View-Safe-Breathing-System-Diving-Glasses-With-Assorted-Colors-Adjustable-Strips-And-Action-Camera-Mount,Anti-Fog-Anti-Leak-Snorkeling-Goggles-Set-For-Snokel-Diving-p-2012867.html?cur_warehouse=CN&ID=62992986325996&rmmds=CategorySportsPop&trace_id=44e81763868364367",4871.64,Mid-range
Snorkeling Gear For Adults 3 in 1 Adult Snorkel Set with Camera Mount &Earplugs 100% Dry Top Anti-Fog No Leak Professional Snorkel Mask Women&Men Swimming Scuba Diving,19.23,4.823279220779221,0.0,https://www.banggood.com/Snorkeling-Gear-For-Adults-3-in-1-Adult-Snorkel-Set-with-Camera-Mount-andEarplugs-100-pencent-Dry-Top-Anti-Fog-No-Leak-Professional-Snorkel-Mask-WomenandMen-Swimming-Scuba-Diving-p-2031221.html?cur_warehouse=CN&ID=6287832&rmmds=CategorySportsPop&trace_id=44e81763868364367,5427.67,Mid-range
DIDEEP Diving Residual Pressure Gauge Residue Tube Woven Carbon Fiber Luminous Pressure Gauge Bcd Regulator High Pressure Tube,13.56,4.823279220779221,0.0,https://www.banggood.com/DIDEEP-Diving-Residual-Pressure-Gauge-Residue-Tube-Woven-Carbon-Fiber-Luminous-Pressure-Gauge-Bcd-Regulator-High-Pressure-Tube-p-2011877.html?cur_warehouse=CN&ID=6301939&rmmds=CategorySportsPop&trace_id=44e81763868364367,3827.31,Mid-range
"Diving Goggles Snorkel Set with Swimming Goggles, Tube, Adjustable Strap for Women Men Adult Swimming Equipment",10.61,3.0,1.0,"https://www.banggood.com/Diving-Goggles-Snorkel-Set-with-Swimming-Goggles,Tube,Adjustable-Strap-for-Women-Men-Adult-Swimming-Equipment-p-2012355.html?cur_warehouse=CN&ID=6287830&rmmds=CategorySportsPop&trace_id=44e81763868364367",2994.67,Mid-range
ZCCO Diving Head Cover 3mm Neoprene Hoods Surfing Snorkeling Winter Thermal Swimming Headgear for Men Women,17.8,5.0,2.0,https://www.banggood.com/ZCCO-Diving-Head-Cover-3mm-Neoprene-Hoods-Surfing-Snorkeling-Winter-Thermal-Swimming-Headgear-for-Men-Women-p-1997751.html?cur_warehouse=CN&ID=528196&rmmds=CategorySportsPop&trace_id=44e81763868364367,5024.05,Mid-range
DIVE&SAIL Men's 1.5mm Neoprene Shorty Wetsuit UV Resistant Front Zip Long Sleeve Diving Suit for Snorkeling Swimming Surfing,23.22,5.0,2.0,https://www.banggood.com/DIVEandSAIL-Mens-1_5mm-Neoprene-Shorty-Wetsuit-UV-Resistant-Front-Zip-Long-Sleeve-Diving-Suit-for-Snorkeling-Swimming-Surfing-p-2017906.html?cur_warehouse=CN&ID=62878306327160&rmmds=CategorySportsPop&trace_id=44e81763868364367,6553.84,Premium
DIVE&SAIL 3mm Black Neoprene Patchwork Diving Gloves Warm Swimming Gloves For Couples Snorkeling Spearfishing Hunting Diving,10.83,5.0,1.0,https://www.banggood.com/DIVEandSAIL-3mm-Black-Neoprene-Patchwork-Diving-Gloves-Warm-Swimming-Gloves-For-Couples-Snorkeling-Spearfishing-Hunting-Diving-p-2017674.html?cur_warehouse=CN&ID=6287638&rmmds=CategorySportsPop&trace_id=44e81763868364367,3056.77,Mid-range
ZCCO 1.5mm Diving Suit Comfortable Neoprene Long Sleeve Waterproof Front Zipper Smooth Design Water Sport Jacket for Surfing Deep Diving Snorkeling,30.96,4.823279220779221,0.0,https://www.banggood.com/ZCCO-1_5mm-Diving-Suit-Comfortable-Neoprene-Long-Sleeve-Waterproof-Front-Zipper-Smooth-Design-Water-Sport-Jacket-for-Surfing-Deep-Diving-Snorkeling-p-1997755.html?cur_warehouse=CN&ID=6287624&rmmds=CategorySportsPop&trace_id=44e81763868364367,8738.46,Premium
DIVE&SAIL Women's Full Body Wetsuit UTF50+ Sun Protection 98% UV Blocking Rate Cool Ice Fiber Breathable Quick Dry Thin Swimsuit  for Diving Surfing Snorkeling Swimming,38.7,5.0,1.0,https://www.banggood.com/DIVEandSAIL-Womens-Full-Body-Wetsuit-UTF50+-Sun-Protection-98-pencent-UV-Blocking-Rate-Cool-Ice-Fiber-Breathable-Quick-Dry-Thin-Swimsuit-for-Diving-Surfing-Snorkeling-Swimming-p-2016007.html?cur_warehouse=CN&ID=5281856287830&rmmds=CategorySportsPop&trace_id=44e81763868364367,10923.08,Premium
DIVE&SAIL 3mm Warm Neoprene Long Sleeve Wetsuit High Elasticity Wear-resistance Diving Suit Thermal Suit for Surfing Snorkeling Diving Swimming,54.18,4.823279220779221,0.0,https://www.banggood.com/DIVEandSAIL-3mm-Warm-Neoprene-Long-Sleeve-Wetsuit-High-Elasticity-Wear-resistance-Diving-Suit-Thermal-Suit-for-Surfing-Snorkeling-Diving-Swimming-p-2016105.html?cur_warehouse=CN&ID=314648965&rmmds=CategorySportsPop&trace_id=44e81763868364367,15292.3,Premium
ZCCO 3mm Warm Wetsuit Neoprene Elastic Surfing Snorkeling Short  Sleeves Diving Suit for Spearfishing Snorkeling Surfing Canoeing,46.44,5.0,3.0,https://www.banggood.com/ZCCO-3mm-Warm-Wetsuit-Neoprene-Elastic-Surfing-Snorkeling-Short-Sleeves-Diving-Suit-for-Spearfishing-Snorkeling-Surfing-Canoeing-p-2011583.html?cur_warehouse=CN&ID=62876386300000&rmmds=CategorySportsPop&trace_id=44e81763868364367,13107.69,Premium
DIVE&SAIL UPF 50+ Cool Swimsuit Full Body Sleeve Set 98% Long-last Sun Protection Quick Dry Breathable Surf Swimwear for Snorkeling Swimming Diving Rafting,38.7,4.823279220779221,0.0,https://www.banggood.com/DIVEandSAIL-UPF-50+-Cool-Swimsuit-Full-Body-Sleeve-Set-98-pencent-Long-last-Sun-Protection-Quick-Dry-Breathable-Surf-Swimwear-for-Snorkeling-Swimming-Diving-Rafting-p-2015926.html?cur_warehouse=CN&ID=314848965&rmmds=CategorySportsPop&trace_id=44e81763868364367,10923.08,Premium
DIY Cap Adapter For Dideep 4L Scuba Tank,7.73,5.0,1.0,https://www.banggood.com/DIY-Cap-Adapter-For-Dideep-4L-Scuba-Tank-p-2020933.html?cur_warehouse=CN&ID=6287853&rmmds=CategorySportsPop&trace_id=44e81763868364367,2181.79,Budget
Scuba Adapter With 50cm 30MAP Hose Diving Oxygen Cylinder inflation Valve Filling Valve,30.96,5.0,3.0,https://www.banggood.com/Scuba-Adapter-With-50cm-30MAP-Hose-Diving-Oxygen-Cylinder-inflation-Valve-Filling-Valve-p-1948647.html?cur_warehouse=CN&rmmds=CategorySportsPop&trace_id=44e81763868364367,8738.46,Premium
DIVE&SAIL UPF50+ Men's One Piece Long Sleeve Wetsuit UV Protection Soft Skin-Friendly Breathable Quick Dry Diving Suit Set Suitable for Swimming Snorkeling Surfing,35.6,4.5,4.0,https://www.banggood.com/DIVEandSAIL-UPF50+-Mens-One-Piece-Long-Sleeve-Wetsuit-UV-Protection-Soft-Skin-Friendly-Breathable-Quick-Dry-Diving-Suit-Set-Suitable-for-Swimming-Snorkeling-Surfing-p-2015843.html?cur_warehouse=CN&ID=62878306299131&rmmds=CategorySportsPop&trace_id=44e81763868364367,10048.1,Premium
DIVE&SAIL Shorty Warm Wetsuit 1.5mm Neoprene Back Zip UPF50+ Sun Protection Soft Skin-Friendly Breathable Quick Dry Diving Suit for Snorkeling Surfing Kayaking Swimming,30.96,5.0,3.0,https://www.banggood.com/DIVEandSAIL-Shorty-Warm-Wetsuit-1_5mm-Neoprene-Back-Zip-UPF50+-Sun-Protection-Soft-Skin-Friendly-Breathable-Quick-Dry-Diving-Suit-for-Snorkeling-Surfing-Kayaking-Swimming-p-2015853.html?cur_warehouse=CN&ID=6327157&rmmds=CategorySportsPop&trace_id=44e81763868364367,8738.46,Premium
DIVE&SAIL 5MM Diving Boots Adult Snorkeling Booties Non Slip Silicone Sole Comfortable Wetsuit Boots for Beach Windsurfing Kayaking,27.86,5.0,3.0,https://www.banggood.com/DIVEandSAIL-5MM-Diving-Boots-Adult-Snorkeling-Booties-Non-Slip-Silicone-Sole-Comfortable-Wetsuit-Boots-for-Beach-Windsurfing-Kayaking-p-2017676.html?cur_warehouse=CN&ID=6299378&rmmds=CategorySportsPop&trace_id=44e81763868364367,7863.48,Premium
DIVE&SAIL Men's Diving Pants UFP50+ Sun Protection Quick-drying Breathable High Elastic Thin Snorkeling Trousers for Surfing Swimming,12.77,4.823279220779221,0.0,https://www.banggood.com/DIVEandSAIL-Mens-Diving-Pants-UFP50+-Sun-Protection-Quick-drying-Breathable-High-Elastic-Thin-Snorkeling-Trousers-for-Surfing-Swimming-p-2032926.html?cur_warehouse=CN&ID=5281866287830&rmmds=CategorySportsPop&trace_id=44e81763868364367,3604.33,Mid-range
Double Tube Waterproof Anti-fog Goggles 180° Panoramic Full Face Swimming Goggles Fully Dry Snorkel Goggles for Diving,18.58,5.0,6.0,https://www.banggood.com/Double-Tube-Waterproof-Anti-fog-Goggles-180-Panoramic-Full-Face-Swimming-Goggles-Fully-Dry-Snorkel-Goggles-for-Diving-p-2010245.html?cur_warehouse=CN&ID=62907686325996&rmmds=CategorySportsPop&trace_id=44e81763868364367,5244.2,Mid-range
ZCCO 1.5mm Diving Socks Super Elastic Comfortable Swimming Warmth Increased Anti Slip Wear Resistant Beach Wading Socks,11.6,5.0,1.0,https://www.banggood.com/ZCCO-1_5mm-Diving-Socks-Super-Elastic-Comfortable-Swimming-Warmth-Increased-Anti-Slip-Wear-Resistant-Beach-Wading-Socks-p-2009354.html?cur_warehouse=CN&ID=62878306324233&rmmds=CategorySportsPop&trace_id=44e81763868364367,3274.1,Mid-range
ZCCO 3mm Warm Neoprene Diving Wetsuit Back Zip Wetsuits Split Long Sleeves Thermal Swimsuit for Deep Surfing Swimming Snorkeling Water Sports,27.09,5.0,3.0,https://www.banggood.com/ZCCO-3mm-Warm-Neoprene-Diving-Wetsuit-Back-Zip-Wetsuits-Split-Long-Sleeves-Thermal-Swimsuit-for-Deep-Surfing-Swimming-Snorkeling-Water-Sports-p-2009487.html?cur_warehouse=CN&ID=62876216287830&rmmds=CategorySportsPop&trace_id=44e81763868364367,7646.15,Premium
ZCCO 3mm Front Zipper Wetsuit  Neoprene Elastic Warm Swimming Surfing Snorkeling Long Sleeves Diving Suit Full Body Jumpsuit Water Sport Swimwear,48.76,5.0,1.0,https://www.banggood.com/ZCCO-3mm-Front-Zipper-Wetsuit-Neoprene-Elastic-Warm-Swimming-Surfing-Snorkeling-Long-Sleeves-Diving-Suit-Full-Body-Jumpsuit-Water-Sport-Swimwear-p-2011573.html?cur_warehouse=CN&ID=62876216287830&rmmds=CategorySportsPop&trace_id=44e81763868364367,13762.51,Premium
ZCCO 3mm Adult Wetsuit Neoprene Super Elastic Wear-resistant Diving Suit Deep Spearfishing Wear Snorkeling Surfing One Piece Set Winter Thermal Swimsuit,47.22,5.0,1.0,https://www.banggood.com/ZCCO-3mm-Adult-Wetsuit-Neoprene-Super-Elastic-Wear-resistant-Diving-Suit-Deep-Spearfishing-Wear-Snorkeling-Surfing-One-Piece-Set-Winter-Thermal-Swimsuit-p-1997757.html?cur_warehouse=CN&ID=528184&rmmds=CategorySportsPop&trace_id=44e81763868364367,13327.84,Premium
Bikight W678 Smart Sensor Headlight XPG+COB 6 Modes Type-C Charging 2000mAh Battery Flashlight Head Torch,7.27,4.83,180.0,https://www.banggood.com/Bikight-W678-Smart-Sensor-Headlight-XPG+COB-6-Modes-Type-C-Charging-2000mAh-Battery-Flashlight-Head-Torch-p-1893555.html?cur_warehouse=CN&ID=6313679&rmmds=CategorySportsPop&trace_id=b09a1763868385419,2051.96,Budget
XMUND Portable Sensor Headlamp USB Rechargeable Zoom Fishing Torch Outdoor Super Bright Waterproof Headlamp Camping Lamp XD-HL1,11.81,4.89,28.0,https://www.banggood.com/XMUND-Portable-Sensor-Headlamp-USB-Rechargeable-Zoom-Fishing-Torch-Outdoor-Super-Bright-Waterproof-Headlamp-Camping-Lamp-XD-HL1-p-1980900.html?cur_warehouse=CN&rmmds=CategorySportsPop&trace_id=b09a1763868385419,3333.37,Mid-range
2119A-C Ultra Bright Portable XPE+COB Headlight TYPE-C Charging Lightweight Waterproof for Outdoor Activities Emergencies Head lamp,4.92,4.67,3.0,https://www.banggood.com/2119A-C-Ultra-Bright-Portable-XPE+COB-Headlight-TYPE-C-Charging-Lightweight-Waterproof-for-Outdoor-Activities-Emergencies-Head-lamp-p-1999380.html?cur_warehouse=CN&ID=6288564&rmmds=CategorySportsPop&trace_id=b09a1763868385419,1388.67,Budget
XMUND Multi-function Wave Induction COB LED Headlight Outdoor Riding Light USB Charging Night Running Light Strong Light Headlamp W689-3,6.43,4.87,71.0,https://www.banggood.com/XMUND-Multi-function-Wave-Induction-COB-LED-Headlight-Outdoor-Riding-Light-USB-Charging-Night-Running-Light-Strong-Light-Headlamp-W689-3-p-1978934.html?cur_warehouse=CN&rmmds=CategorySportsPop&trace_id=b09a1763868385419,1814.87,Budget
Powerful LED Sensor Headlamp USB Rechageable Headlight LED Head Light Camping Search Light with Built-in Battery Fishing Lantern,6.74,4.823279220779221,0.0,https://www.banggood.com/Powerful-LED-Sensor-Headlamp-USB-Rechageable-Headlight-LED-Head-Light-Camping-Search-Light-with-Built-in-Battery-Fishing-Lantern-p-2042182.html?cur_warehouse=CN&ID=6297015&rmmds=CategorySportsPop&trace_id=b09a1763868385419,1902.36,Budget
USB Rechargeable LED Headlamp Zoomable COB Rotatable Adjustment Headlight with Induction Sensor Headlight for Camping Cycling Night Riding,6.21,4.823279220779221,0.0,https://www.banggood.com/USB-Rechargeable-LED-Headlamp-Zoomable-COB-Rotatable-Adjustment-Headlight-with-Induction-Sensor-Headlight-for-Camping-Cycling-Night-Riding-p-2041046.html?cur_warehouse=CN&ID=6287830&rmmds=CategorySportsPop&trace_id=b09a1763868385419,1752.77,Budget
LED Safety Glasses Light USB Charging Multi-Function Full-View Large Floodlight For Outdoor Cycling Fishing Camping LED Headlight,8.18,4.823279220779221,0.0,https://www.banggood.com/LED-Safety-Glasses-Light-USB-Charging-Multi-Function-Full-View-Large-Floodlight-For-Outdoor-Cycling-Fishing-Camping-LED-Headlight-p-2042173.html?cur_warehouse=CN&ID=6287830&rmmds=CategorySportsPop&trace_id=b09a1763868385419,2308.8,Budget
"LED Multi-Source Sensor Headlamp, Portable Running Light With Cap Clip Magnet, Rgb Ambient Light, Digital Display Headlamp For Fishing Camping Hiking,Running",6.97,4.823279220779221,0.0,"https://www.banggood.com/LED-Multi-Source-Sensor-Headlamp,Portable-Running-Light-With-Cap-Clip-Magnet,Rgb-Ambient-Light,Digital-Display-Headlamp-For-Fishing-Camping-Hiking,Running-p-2042178.html?cur_warehouse=CN&ID=6287843&rmmds=CategorySportsPop&trace_id=b09a1763868385419",1967.28,Budget
Night Sports Running Belt Light Rechargeable Running Waist Light High Brightness Women Men Runners Light Reflective Belt Lamp,10.3,4.823279220779221,0.0,https://www.banggood.com/Night-Sports-Running-Belt-Light-Rechargeable-Running-Waist-Light-High-Brightness-Women-Men-Runners-Light-Reflective-Belt-Lamp-p-2042188.html?cur_warehouse=CN&ID=6287830&rmmds=CategorySportsPop&trace_id=b09a1763868385419,2907.18,Mid-range
Waist Strap Running Light IPX4 Waterproof USB Charging Chest Light High Brightness Night Safety Warning Light,10.9,4.823279220779221,0.0,https://www.banggood.com/Waist-Strap-Running-Light-IPX4-Waterproof-USB-Charging-Chest-Light-High-Brightness-Night-Safety-Warning-Light-p-2042226.html?cur_warehouse=CN&ID=6335447&rmmds=CategorySportsPop&trace_id=b09a1763868385419,3076.52,Mid-range
Motion Sensor Smart LED Headlamp Rechargeable Flashlight Red and Blue Warning Headlight Portable Clip-on Cap Light with 8 Lighting Modes for Outdoor Camping Hiking Fishing Running,6.67,5.0,2.0,https://www.banggood.com/Motion-Sensor-Smart-LED-Headlamp-Rechargeable-Flashlight-Red-and-Blue-Warning-Headlight-Portable-Clip-on-Cap-Light-with-8-Lighting-Modes-for-Outdoor-Camping-Hiking-Fishing-Running-p-2018362.html?cur_warehouse=CN&rmmds=CategorySportsPop&trace_id=b09a1763868385419,1882.61,Budget
"Smiling Shark TD-0172 Motion Sensor Headlight, Rechargeable LED Headlamp, Three-Color Light Source Headlight Induction Cap Clip Light",9.09,4.823279220779221,0.0,"https://www.banggood.com/Smiling-Shark-TD-0172-Motion-Sensor-Headlight,Rechargeable-LED-Headlamp,Three-Color-Light-Source-Headlight-Induction-Cap-Clip-Light-p-2018363.html?cur_warehouse=CN&ID=6327376&rmmds=CategorySportsPop&trace_id=b09a1763868385419",2565.65,Budget
BIKIGHT LED Rechargeable Headlamp Super Bright LED 6 Modes Waterproof Lightweight Headlamp for Camping Outdoor Sports,12.42,3.0,2.0,https://www.banggood.com/BIKIGHT-LED-Rechargeable-Headlamp-Super-Bright-LED-6-Modes-Waterproof-Lightweight-Headlamp-for-Camping-Outdoor-Sports-p-2015550.html?cur_warehouse=CN&rmmds=CategorySportsPop&trace_id=b09a1763868385419,3505.54,Mid-range
Outdoor Intelligent Sensing Headlight USB Charging Strong Bald Headlight LED Night Fishing Portable Night Running Light,5.75,4.0,2.0,https://www.banggood.com/Outdoor-Intelligent-Sensing-Headlight-USB-Charging-Strong-Bald-Headlight-LED-Night-Fishing-Portable-Night-Running-Light-p-1984016.html?cur_warehouse=CN&ID=6287830&rmmds=CategorySportsPop&trace_id=b09a1763868385419,1622.94,Budget
BIKIGHT Mini Powerful COB /LED Sensor Headlamp Portable Rechargeable Built in 18650 Battery Camping Head Light Fishing Head Torch Head Flashlight,6.4,4.823279220779221,0.0,https://www.banggood.com/BIKIGHT-Mini-Powerful-COB-or-LED-Sensor-Headlamp-Portable-Rechargeable-Built-in-18650-Battery-Camping-Head-Light-Fishing-Head-Torch-Head-Flashlight-p-2043663.html?cur_warehouse=CN&ID=6335733&rmmds=CategorySportsPop&trace_id=b09a1763868385419,1806.4,Budget
"BIKIGHT 1500 Lumens Powerful LED Rechargeable Headlamp Rotating Aluminum Waterproof LED Head Flashlight for Outdoor,Camping,Fishing",10.75,4.823279220779221,0.0,"https://www.banggood.com/BIKIGHT-1500-Lumens-Powerful-LED-Rechargeable-Headlamp-Rotating-Aluminum-Waterproof-LED-Head-Flashlight-for-Outdoor,Camping,Fishing-p-2043664.html?cur_warehouse=CN&ID=6287830&rmmds=CategorySportsPop&trace_id=b09a1763868385419",3034.19,Mid-range
BIKIGHT USB Rechargeable LED Sensor Headlamp Portable Strong Light Headlight Head Mounted Outdoor Camping Fishing Head Lamp Flashlight,7.0,4.823279220779221,0.0,https://www.banggood.com/BIKIGHT-USB-Rechargeable-LED-Sensor-Headlamp-Portable-Strong-Light-Headlight-Head-Mounted-Outdoor-Camping-Fishing-Head-Lamp-Flashlight-p-2043665.html?cur_warehouse=CN&ID=6287837&rmmds=CategorySportsPop&trace_id=b09a1763868385419,1975.75,Budget
BIKIGHT LED Smart Sensor Headlamp Multi-Angle Adjustment Type-C Rechargeable 18650 Torch Built-in Battery 7-Modes Powerful Headlight Camping Fishing Light,7.27,4.823279220779221,0.0,https://www.banggood.com/BIKIGHT-LED-Smart-Sensor-Headlamp-Multi-Angle-Adjustment-Type-C-Rechargeable-18650-Torch-Built-in-Battery-7-Modes-Powerful-Headlight-Camping-Fishing-Light-p-2043669.html?cur_warehouse=CN&ID=6287830&rmmds=CategorySportsPop&trace_id=b09a1763868385419,2051.96,Budget
SEEKNITE HP440 Aluminum Alloy Headlamp Strong Light Long Range High Light Waterproof Rechargeable Long Life Headlamp Camping Headlight,13.75,4.823279220779221,0.0,https://www.banggood.com/SEEKNITE-HP440-Aluminum-Alloy-Headlamp-Strong-Light-Long-Range-High-Light-Waterproof-Rechargeable-Long-Life-Headlamp-Camping-Headlight-p-2043686.html?cur_warehouse=CN&ID=6287830&rmmds=CategorySportsPop&trace_id=b09a1763868385419,3880.94,Mid-range
SEEKNITE Aluminum Alloy Headlamp Strong Light Long Range High Light Waterproof Rechargeable Long Life Headlamp For Camping Headlight,12.17,4.823279220779221,0.0,https://www.banggood.com/SEEKNITE-Aluminum-Alloy-Headlamp-Strong-Light-Long-Range-High-Light-Waterproof-Rechargeable-Long-Life-Headlamp-For-Camping-Headlight-p-2043687.html?cur_warehouse=CN&ID=6287830&rmmds=CategorySportsPop&trace_id=b09a1763868385419,3434.98,Mid-range
Wuben E7 1800lm Ultra-Compact and Lightweight LED Headlamp & Flashlight With 18350 Battery High Lumen Recheargeable Mini Torch Light LED Headlight,8.51,4.97,31.0,https://www.banggood.com/Wuben-E7-1800lm-Ultra-Compact-and-Lightweight-LED-Headlamp-and-Flashlight-With-18350-Battery-High-Lumen-Recheargeable-Mini-Torch-Light-LED-Headlight-p-2002727.html?cur_warehouse=CN&ID=6335909&rmmds=CategorySportsPop&trace_id=b09a1763868385419,2401.95,Budget
Trustfire H5R 600 Lumens Headlamp 150° Dual Lamp LED USB Rechargeable Headlights 180° Adjustable IP68 Head Torch 18650 Flashlights with Power Indicator for Outdoor Cycling Adventure Fishing,16.13,5.0,1.0,https://www.banggood.com/Trustfire-H5R-600-Lumens-Headlamp-150-Dual-Lamp-LED-USB-Rechargeable-Headlights-180-Adjustable-IP68-Head-Torch-18650-Flashlights-with-Power-Indicator-for-Outdoor-Cycling-Adventure-Fishing-p-2012212.html?cur_warehouse=CN&rmmds=CategorySportsPop&trace_id=b09a1763868385419,4552.69,Mid-range
Bikight T142 Smart Sensor Powerful Type-C LED Headlamp 6 Modes 18650 Torch Built-in Battery Rechargeable Camping Fishing Light,4.95,4.69,13.0,https://www.banggood.com/Bikight-T142-Smart-Sensor-Powerful-Type-C-LED-Headlamp-6-Modes-18650-Torch-Built-in-Battery-Rechargeable-Camping-Fishing-Light-p-2022063.html?cur_warehouse=CN&ID=6287830&rmmds=CategorySportsPop&trace_id=b09a1763868385419,1397.14,Budget
Trustfire MC18 1200 Lumens 2 In 1 L-shape LED Flashlight Headlamp With 18650 Battery EDC & Outdoor Lighting Torch Magnetic Rechargeable  Work Light Lamp,26.88,4.0,1.0,https://www.banggood.com/Trustfire-MC18-1200-Lumens-2-In-1-L-shape-LED-Flashlight-Headlamp-With-18650-Battery-EDC-and-Outdoor-Lighting-Torch-Magnetic-Rechargeable-Work-Light-Lamp-p-2016169.html?cur_warehouse=CN&ID=6287830&rmmds=CategorySportsPop&trace_id=b09a1763868385419,7586.88,Premium
"8 LED 20 SMD Rechargeable Super Bright LED Headlamp with Built-in Battery, 4 Lighting Modes for Outdoor Running Cycling Trekking Headlight",5.6,4.823279220779221,0.0,"https://www.banggood.com/8-LED-20-SMD-Rechargeable-Super-Bright-LED-Headlamp-with-Built-in-Battery,4-Lighting-Modes-for-Outdoor-Running-Cycling-Trekking-Headlight-p-2025334.html?cur_warehouse=CN&ID=6287830&rmmds=CategorySportsPop&trace_id=b09a1763868385419",1580.6,Budget
BIKIGHT 3-in-1 XPG + COB 400LM Headlamp with Clip White & Red Camping Light Emergency Work Lamp Torch for Outdoor Fishing Cycling Running,5.31,4.85,65.0,https://www.banggood.com/BIKIGHT-3-in-1-XPG-+-COB-400LM-Headlamp-with-Clip-White-and-Red-Camping-Light-Emergency-Work-Lamp-Torch-for-Outdoor-Fishing-Cycling-Running-p-1967659.html?cur_warehouse=CN&rmmds=CategorySportsPop&trace_id=b09a1763868385419,1498.75,Budget
COB+ LED Sensor Headlamp Clip Cap Light USB Rechargeable Head Flashlight Built-in Battery for Fishing Camping,6.93,4.823279220779221,0.0,https://www.banggood.com/COB+-LED-Sensor-Headlamp-Clip-Cap-Light-USB-Rechargeable-Head-Flashlight-Built-in-Battery-for-Fishing-Camping-p-2025326.html?cur_warehouse=CN&ID=41195&rmmds=CategorySportsPop&trace_id=b09a1763868385419,1955.99,Budget
1200LM Super Bright Motion Sensor Headlamp Outdoor Waterproof Head Flashlight USB Charging Headlight for Fishing Camping Search Light,7.94,5.0,1.0,https://www.banggood.com/1200LM-Super-Bright-Motion-Sensor-Headlamp-Outdoor-Waterproof-Head-Flashlight-USB-Charging-Headlight-for-Fishing-Camping-Search-Light-p-2024343.html?cur_warehouse=CN&ID=6318262&rmmds=CategorySportsPop&trace_id=b09a1763868385419,2241.06,Budget
Nitecore HU2000 2000 Lumen Headlamp Compatible With External USB-C Power Sources High Output Split-Type 10 xNiteLab UHE Headlamp Flexible Power Options USB-C Recharge LED Headlight Flashlight,33.65,4.0,3.0,https://www.banggood.com/Nitecore-HU2000-2000-Lumen-Headlamp-Compatible-With-External-USB-C-Power-Sources-High-Output-Split-Type-10-xNiteLab-UHE-Headlamp-Flexible-Power-Options-USB-C-Recharge-LED-Headlight-Flashlight-p-2023227.html?cur_warehouse=CN&ID=6287830&rmmds=CategorySportsPop&trace_id=b09a1763868385419,9497.71,Premium
"Bikight Magnetic COB Work Light, Safety Running Light with Strong Magnetic Clip, 6 Light Modes USB Rechargeable Waterproof Mini Led Keychain Light with Headband for Night Running Joggers Walking Hiking",6.07,4.823279220779221,0.0,"https://www.banggood.com/Bikight-Magnetic-COB-Work-Light,Safety-Running-Light-with-Strong-Magnetic-Clip,6-Light-Modes-USB-Rechargeable-Waterproof-Mini-Led-Keychain-Light-with-Headband-for-Night-Running-Joggers-Walking-Hiking-p-2023709.html?cur_warehouse=CN&ID=6287830&rmmds=CategorySportsPop&trace_id=b09a1763868385419",1713.26,Budget
WEST BIKING DU Bearing Bicycle Pedal Anti-slip Cycling Pedal Ultralight Aluminum Alloy for MTB Bike Road Bike,9.28,5.0,4.0,https://www.banggood.com/WEST-BIKING-DU-Bearing-Bicycle-Pedal-Anti-slip-Cycling-Pedal-Ultralight-Aluminum-Alloy-for-MTB-Bike-Road-Bike-p-2029078.html?cur_warehouse=CN&ID=6287830&rmmds=CategorySportsPop&trace_id=42c61763868408232,2619.28,Budget
30cm Aluminum Alloy Bike Handlebar Extender Extension Mounting Frame For Bike Light,6.96,4.92,12.0,https://www.banggood.com/30cm-Aluminum-Alloy-Bike-Handlebar-Extender-Extension-Mounting-Frame-For-Bike-Light-p-1991133.html?cur_warehouse=CN&rmmds=CategorySportsPop&trace_id=42c61763868408232,1964.46,Budget
WEST BIKNIG Thickened Sponge High Elasticity Bike Seat Cushion PU Leather Soft Waterproof Hook Loop Fastening Bicycle Saddle Cover,8.9,4.823279220779221,0.0,https://www.banggood.com/WEST-BIKNIG-Thickened-Sponge-High-Elasticity-Bike-Seat-Cushion-PU-Leather-Soft-Waterproof-Hook-Loop-Fastening-Bicycle-Saddle-Cover-p-2030534.html?cur_warehouse=CN&ID=6287830&rmmds=CategorySportsPop&trace_id=42c61763868408232,2512.02,Budget
Bike Stem Handlebar Aluminum alloy 180 Degree Adjustable 28.6mm Caliber Bicycle Height Increaser,8.51,5.0,1.0,https://www.banggood.com/Bike-Stem-Handlebar-Aluminum-alloy-180-Degree-Adjustable-28_6mm-Caliber-Bicycle-Height-Increaser-p-1987035.html?cur_warehouse=CN&rmmds=CategorySportsPop&trace_id=42c61763868408232,2401.95,Budget
1pc Comfortable Breathable Bike Cushion Seat With Double-sided Shock Absorption Ball Suitable For Mountain Bike,17.8,4.62,13.0,https://www.banggood.com/1pc-Comfortable-Breathable-Bike-Cushion-Seat-With-Double-sided-Shock-Absorption-Ball-Suitable-For-Mountain-Bike-p-1983507.html?cur_warehouse=CN&ID=6287832&rmmds=CategorySportsPop&trace_id=42c61763868408232,5024.05,Mid-range
1 Pair of Bicycle Brake Pads All-Metal Copper Base Compact for Mountain Road Bike Brake Pad,6.19,4.823279220779221,0.0,https://www.banggood.com/1-Pair-of-Bicycle-Brake-Pads-All-Metal-Copper-Base-Compact-for-Mountain-Road-Bike-Brake-Pad-p-1992112.html?cur_warehouse=CN&rmmds=CategorySportsPop&trace_id=42c61763868408232,1747.13,Budget
2023 New Bicycle Handlebar Grips Non-slip Road Soft Mountain Bike Handle for Cycling,6.96,5.0,16.0,https://www.banggood.com/2023-New-Bicycle-Handlebar-Grips-Non-slip-Road-Soft-Mountain-Bike-Handle-for-Cycling-p-1993463.html?cur_warehouse=CN&ID=6287842&rmmds=CategorySportsPop&trace_id=42c61763868408232,1964.46,Budget
DECKAS 94+96 BCD Round Symmetrical Bicycle Chainwheel 32T 34T 36T 38T MTB Bike Chainring Mountain Crown For M4000 M4050 GX NX X1 Crank,9.28,4.823279220779221,0.0,https://www.banggood.com/DECKAS-94+96-BCD-Round-Symmetrical-Bicycle-Chainwheel-32T-34T-36T-38T-MTB-Bike-Chainring-Mountain-Crown-For-M4000-M4050-GX-NX-X1-Crank-p-1991179.html?cur_warehouse=CN&ID=6302311&rmmds=CategorySportsPop&trace_id=42c61763868408232,2619.28,Budget
Short Handlebar Stem Anti Corrosion Ultralight Aluminium Alloy Bicycle Stem Wear Resistant Bike Handlebar Stem,14.7,5.0,4.0,https://www.banggood.com/Short-Handlebar-Stem-Anti-Corrosion-Ultralight-Aluminium-Alloy-Bicycle-Stem-Wear-Resistant-Bike-Handlebar-Stem-p-1991226.html?cur_warehouse=CN&rmmds=CategorySportsPop&trace_id=42c61763868408232,4149.08,Mid-range
XANES 10PCS Set 8*1cm Invisible Reflective Adhesive Tape Bicycle Helmets Black Car Covering White Scratches Repairing for Bike Scooter,5.41,4.823279220779221,0.0,https://www.banggood.com/XANES-10PCS-Set-8+1cm-Invisible-Reflective-Adhesive-Tape-Bicycle-Helmets-Black-Car-Covering-White-Scratches-Repairing-for-Bike-Scooter-p-2016078.html?cur_warehouse=CN&rmmds=CategorySportsPop&trace_id=42c61763868408232,1526.97,Budget
ROCKBROS Soft Bicycle Saddle Bike Soft Comfortable Competition Riding Hollow Seat Cushion for Cycling,19.35,4.823279220779221,0.0,https://www.banggood.com/ROCKBROS-Soft-Bicycle-Saddle-Bike-Soft-Comfortable-Competition-Riding-Hollow-Seat-Cushion-for-Cycling-p-2013019.html?cur_warehouse=CN&rmmds=CategorySportsPop&trace_id=42c61763868408232,5461.54,Mid-range
Bicycle Carbon Saddle 155mm Comfortable Bike Seat Cushion Shock Absorption Carbon Cycling Saddle,27.09,5.0,1.0,https://www.banggood.com/Bicycle-Carbon-Saddle-155mm-Comfortable-Bike-Seat-Cushion-Shock-Absorption-Carbon-Cycling-Saddle-p-2013438.html?cur_warehouse=CN&ID=6326542&rmmds=CategorySportsPop&trace_id=42c61763868408232,7646.15,Premium
12pcs 7.5cm Bicycle Wheel Reflective Sticker Warning Light Tube Strip MTB Cycling Safety Kit for MTB Road Bike,6.19,4.823279220779221,0.0,https://www.banggood.com/12pcs-7_5cm-Bicycle-Wheel-Reflective-Sticker-Warning-Light-Tube-Strip-MTB-Cycling-Safety-Kit-for-MTB-Road-Bike-p-2015826.html?cur_warehouse=CN&ID=231&rmmds=CategorySportsPop&trace_id=42c61763868408232,1747.13,Budget
WEST BIKING Oversized MTB Bike Saddle Shock Absorbing Breathable Cycling Seat Widen Thicken Universal Soft Cushion Electric Bike Saddle,30.96,4.823279220779221,0.0,https://www.banggood.com/WEST-BIKING-Oversized-MTB-Bike-Saddle-Shock-Absorbing-Breathable-Cycling-Seat-Widen-Thicken-Universal-Soft-Cushion-Electric-Bike-Saddle-p-2009450.html?cur_warehouse=CN&rmmds=CategorySportsPop&trace_id=42c61763868408232,8738.46,Premium
ROCKBROS Bicycle Saddle Breathable Soft Waterproof Shock Absorption Bike Cushion Seat for MTB Road Bike,15.48,4.0,3.0,https://www.banggood.com/ROCKBROS-Bicycle-Saddle-Breathable-Soft-Waterproof-Shock-Absorption-Bike-Cushion-Seat-for-MTB-Road-Bike-p-2013353.html?cur_warehouse=CN&rmmds=CategorySportsPop&trace_id=42c61763868408232,4369.23,Mid-range
XANES 1pcs Oxford Cloth Waterproof Bike Seat Cover Protective Cushion for Outdoor Cycling,5.41,4.823279220779221,0.0,https://www.banggood.com/XANES-1pcs-Oxford-Cloth-Waterproof-Bike-Seat-Cover-Protective-Cushion-for-Outdoor-Cycling-p-2020195.html?cur_warehouse=CN&rmmds=CategorySportsPop&trace_id=42c61763868408232,1526.97,Budget
GACIRON Bike Handlebar Ultralight Cycling Stand Speedometer Extension Bicycle Computer Stand for Cycling,7.73,5.0,5.0,https://www.banggood.com/GACIRON-Bike-Handlebar-Ultralight-Cycling-Stand-Speedometer-Extension-Bicycle-Computer-Stand-for-Cycling-p-1993963.html?cur_warehouse=CN&rmmds=CategorySportsPop&trace_id=42c61763868408232,2181.79,Budget
WEST BIKING Hollow Bicycle Saddle Breathable Comfortable PU Waterproof Aerodynamic Anti-slip Concave Point Cushion Shock Absorption Bike Seat for MTB Road Bike,8.9,4.823279220779221,0.0,https://www.banggood.com/WEST-BIKING-Hollow-Bicycle-Saddle-Breathable-Comfortable-PU-Waterproof-Aerodynamic-Anti-slip-Concave-Point-Cushion-Shock-Absorption-Bike-Seat-for-MTB-Road-Bike-p-2029627.html?cur_warehouse=CN&ID=6287830&rmmds=CategorySportsPop&trace_id=42c61763868408232,2512.02,Budget
WEST BIKING 3/5 CM Mountain Bicycle Ceramic Rear Dial Guide Wheel 11T 13T Tooth Derailleur Aluminum Alloy Perrin Bearing Tension Wheel,5.02,4.823279220779221,0.0,https://www.banggood.com/WEST-BIKING-3-or-5-CM-Mountain-Bicycle-Ceramic-Rear-Dial-Guide-Wheel-11T-13T-Tooth-Derailleur-Aluminum-Alloy-Perrin-Bearing-Tension-Wheel-p-2030466.html?cur_warehouse=CN&ID=6331691&rmmds=CategorySportsPop&trace_id=42c61763868408232,1416.9,Budget
ESLNF Soft High Elastic Silicone Anti-slip Bicycle Saddle Thickened Shock Absorption Waterproof Bike Cover Cushion for Outdoor MTB Riding,9.67,5.0,1.0,https://www.banggood.com/ESLNF-Soft-High-Elastic-Silicone-Anti-slip-Bicycle-Saddle-Thickened-Shock-Absorption-Waterproof-Bike-Cover-Cushion-for-Outdoor-MTB-Riding-p-2035842.html?cur_warehouse=CN&ID=515244&rmmds=CategorySportsPop&trace_id=42c61763868408232,2729.36,Budget
WEST BIKING Comfty High Elastic Silicone Bicycle Saddle Cover Soft Breathable Bike Seat Cushion With Rainproof Cover for Road MTB Outdoor Riding,9.28,4.823279220779221,0.0,https://www.banggood.com/WEST-BIKING-Comfty-High-Elastic-Silicone-Bicycle-Saddle-Cover-Soft-Breathable-Bike-Seat-Cushion-With-Rainproof-Cover-for-Road-MTB-Outdoor-Riding-p-2041219.html?cur_warehouse=CN&ID=6287830&rmmds=CategorySportsPop&trace_id=42c61763868408232,2619.28,Budget
WEST BIKING Adjustable Fluorescent Bicycle Extended Handlebar Lightweight Mountain Bike Bar Ends Deputy Handle,6.96,5.0,2.0,https://www.banggood.com/WEST-BIKING-Adjustable-Fluorescent-Bicycle-Extended-Handlebar-Lightweight-Mountain-Bike-Bar-Ends-Deputy-Handle-p-2030535.html?cur_warehouse=CN&ID=6287830&rmmds=CategorySportsPop&trace_id=42c61763868408232,1964.46,Budget
WEST BIKING Silicone High Elastic Bicycle Cushion Cover Breathable Soft Bike Seat Cushion with Rainproof Protection for Outdoor Riding,11.6,5.0,1.0,https://www.banggood.com/WEST-BIKING-Silicone-High-Elastic-Bicycle-Cushion-Cover-Breathable-Soft-Bike-Seat-Cushion-with-Rainproof-Protection-for-Outdoor-Riding-p-2030536.html?cur_warehouse=CN&ID=6287830&rmmds=CategorySportsPop&trace_id=42c61763868408232,3274.1,Mid-range
WEST BIKING 60° Adjustable Bicycle Handlebar Booster 25.4mm Aluminum Alloy Bike Front Fork Stem Adapter,7.73,5.0,2.0,https://www.banggood.com/WEST-BIKING-60-Adjustable-Bicycle-Handlebar-Booster-25_4mm-Aluminum-Alloy-Bike-Front-Fork-Stem-Adapter-p-2030805.html?cur_warehouse=CN&ID=6331840&rmmds=CategorySportsPop&trace_id=42c61763868408232,2181.79,Budget
MEROCA DU 3 Bearing Bicycle Pedal Aluminum Alloy Anti-slip Widened Lightweight Labor-saving Bike Pedal for MTB Road Cycling,15.48,5.0,1.0,https://www.banggood.com/MEROCA-DU-3-Bearing-Bicycle-Pedal-Aluminum-Alloy-Anti-slip-Widened-Lightweight-Labor-saving-Bike-Pedal-for-MTB-Road-Cycling-p-2033620.html?cur_warehouse=CN&ID=6287830&rmmds=CategorySportsPop&trace_id=42c61763868408232,4369.23,Mid-range
MEROCA 12/14T Bicycle Ceramic Pulleys Lightweight Aluminum Alloy Smooth Speed Change Bike Rear Derailleur Bearing Guide Wheel for MTB,6.96,4.823279220779221,0.0,https://www.banggood.com/MEROCA-12-or-14T-Bicycle-Ceramic-Pulleys-Lightweight-Aluminum-Alloy-Smooth-Speed-Change-Bike-Rear-Derailleur-Bearing-Guide-Wheel-for-MTB-p-2034764.html?cur_warehouse=CN&ID=6333082&rmmds=CategorySportsPop&trace_id=42c61763868408232,1964.46,Budget
MEROCA Bicycle Pedals Mountain Bike Pedals Lightweight Nylon Bearing Lubricated Width Non-slip Pedals for MTB Cycling,13.15,5.0,1.0,https://www.banggood.com/MEROCA-Bicycle-Pedals-Mountain-Bike-Pedals-Lightweight-Nylon-Bearing-Lubricated-Width-Non-slip-Pedals-for-MTB-Cycling-p-2034766.html?cur_warehouse=CN&ID=6287830&rmmds=CategorySportsPop&trace_id=42c61763868408232,3711.59,Mid-range
Xiaomi Mijia Smart Electric Skipping Rope Real-time Training Guidance Accurate Fitness Data Recording Matrix Screen Display App Connection Happy Efficient Exercise Cordless and Rope Jump Ropes,15.48,4.91,23.0,https://www.banggood.com/Xiaomi-Mijia-Smart-Electric-Skipping-Rope-Real-time-Training-Guidance-Accurate-Fitness-Data-Recording-Matrix-Screen-Display-App-Connection-Happy-Efficient-Exercise-Cordless-and-Rope-Jump-Ropes-p-2010257.html?cur_warehouse=CN&ID=6294217&rmmds=CategorySportsPop&trace_id=2c3b1763868431691,4369.23,Mid-range
Mogold Weighted Jump Ropes Adjustable Length Weights 360 Degree Spin Ergonomics Grip Skipping Rope for Fitness Sports Training,19.35,4.823279220779221,0.0,https://www.banggood.com/Mogold-Weighted-Jump-Ropes-Adjustable-Length-Weights-360-Degree-Spin-Ergonomics-Grip-Skipping-Rope-for-Fitness-Sports-Training-p-2018816.html?cur_warehouse=CN&ID=6287830&rmmds=CategorySportsPop&trace_id=2c3b1763868431691,5461.54,Mid-range
KALOAD® USB+Solar Powered Body Fat Scale BMI Scales Smart Wireless Digital Bathroom Weight Scale Body Composition Analyzer,14.7,4.8,50.0,https://www.banggood.com/KALOAD-USB+Solar-Powered-Body-Fat-Scale-BMI-Scales-Smart-Wireless-Digital-Bathroom-Weight-Scale-Body-Composition-Analyzer-p-2004960.html?cur_warehouse=CN&ID=224&rmmds=CategorySportsPop&trace_id=2c3b1763868431691,4149.08,Mid-range
KALOAD 5-100KG Adjustable Hand Grip Strength Trainer Mechanical Counter Forearm Exerciser Power Strengthener for Gym Fitness Equipment with Counting Function,6.19,4.64,14.0,https://www.banggood.com/KALOAD-5-100KG-Adjustable-Hand-Grip-Strength-Trainer-Mechanical-Counter-Forearm-Exerciser-Power-Strengthener-for-Gym-Fitness-Equipment-with-Counting-Function-p-2021948.html?cur_warehouse=CN&ID=226&rmmds=CategorySportsPop&trace_id=2c3b1763868431691,1747.13,Budget
KALOAD Elbow Support Automatic Rebound Abdominal Wheel Core Muscle Ab Trainer Fitness Exercise Roller Wheel,30.96,5.0,1.0,https://www.banggood.com/KALOAD-Elbow-Support-Automatic-Rebound-Abdominal-Wheel-Core-Muscle-Ab-Trainer-Fitness-Exercise-Roller-Wheel-p-2019722.html?cur_warehouse=CN&ID=6287830&rmmds=CategorySportsPop&trace_id=2c3b1763868431691,8738.46,Premium
KALOAD 5-120Kg Handgrip Gym Fitness Hand Grip Strengthener Men Adjustable Finger Heavy Exerciser Strength for Muscle Recovery Hand Gripper Trainer Forearm Strengthener,6.19,4.5,6.0,https://www.banggood.com/KALOAD-5-120Kg-Handgrip-Gym-Fitness-Hand-Grip-Strengthener-Men-Adjustable-Finger-Heavy-Exerciser-Strength-for-Muscle-Recovery-Hand-Gripper-Trainer-Forearm-Strengthener-p-2027479.html?cur_warehouse=CN&ID=224&rmmds=CategorySportsPop&trace_id=2c3b1763868431691,1747.13,Budget
KALOAD Dynamometer Hand Grips Electronic Grip Strengthener LED Display Intelligent Electronic Grip Meter,15.48,5.0,5.0,https://www.banggood.com/KALOAD-Dynamometer-Hand-Grips-Electronic-Grip-Strengthener-LED-Display-Intelligent-Electronic-Grip-Meter-p-2025281.html?cur_warehouse=CN&ID=233&rmmds=CategorySportsPop&trace_id=2c3b1763868431691,4369.23,Mid-range
KALOAD 5-100kg Adjustable Grip Strength Gym Wrist Expander Hand Strengthener Muscle Recovery Hand Strength Exercise Equipment,6.19,4.64,11.0,https://www.banggood.com/KALOAD-5-100kg-Adjustable-Grip-Strength-Gym-Wrist-Expander-Hand-Strengthener-Muscle-Recovery-Hand-Strength-Exercise-Equipment-p-2019756.html?cur_warehouse=CN&ID=513344&rmmds=CategorySportsPop&trace_id=2c3b1763868431691,1747.13,Budget
KALOAD Steel Wire Jump Rope Skipping Rope Fitness Sports Professional Training Home Exercise Equipment for Fat Reduction,13.15,4.823279220779221,0.0,https://www.banggood.com/KALOAD-Steel-Wire-Jump-Rope-Skipping-Rope-Fitness-Sports-Professional-Training-Home-Exercise-Equipment-for-Fat-Reduction-p-2021971.html?cur_warehouse=CN&ID=6287830&rmmds=CategorySportsPop&trace_id=2c3b1763868431691,3711.59,Mid-range
Hand Grip Strengthener Foam Finger Exerciser for Wrist Arm Strength Fitness Rehabilitation Training,5.41,4.0,1.0,https://www.banggood.com/Hand-Grip-Strengthener-Foam-Finger-Exerciser-for-Wrist-Arm-Strength-Fitness-Rehabilitation-Training-p-2004325.html?cur_warehouse=CN&ID=224&rmmds=CategorySportsPop&trace_id=2c3b1763868431691,1526.97,Budget
AB Roller Abdominal Tonifying Wheel Muscle Trainer Exercise Roller for Body Shaping Abs Core Workout Home Gym Fitness Equipment,15.48,5.0,3.0,https://www.banggood.com/AB-Roller-Abdominal-Tonifying-Wheel-Muscle-Trainer-Exercise-Roller-for-Body-Shaping-Abs-Core-Workout-Home-Gym-Fitness-Equipment-p-2004334.html?cur_warehouse=CN&rmmds=CategorySportsPop&trace_id=2c3b1763868431691,4369.23,Mid-range
KALOAD 40-60lbs Hand Grip Strength Trainer Silicone Forearm Grip Workout Hand Gripper Five Finger Exerciser,7.73,4.823279220779221,0.0,https://www.banggood.com/KALOAD-40-60lbs-Hand-Grip-Strength-Trainer-Silicone-Forearm-Grip-Workout-Hand-Gripper-Five-Finger-Exerciser-p-2025189.html?cur_warehouse=CN&ID=229&rmmds=CategorySportsPop&trace_id=2c3b1763868431691,2181.79,Budget
5 Pcs Hand Grip Strengthener Set Adjustable Hand Gripper Finger Rehabilitation Training Resistance Stress Relief Ball Fitness Exercise Tools,11.6,5.0,9.0,https://www.banggood.com/5-Pcs-Hand-Grip-Strengthener-Set-Adjustable-Hand-Gripper-Finger-Rehabilitation-Training-Resistance-Stress-Relief-Ball-Fitness-Exercise-Tools-p-2004319.html?cur_warehouse=CN&rmmds=CategorySportsPop&trace_id=2c3b1763868431691,3274.1,Mid-range
KALOAD Speed Jump Rope Skipping Rope Fitness Sports Professional Training Home Exercise Equipment for Fat Reduction,6.19,4.823279220779221,0.0,https://www.banggood.com/KALOAD-Speed-Jump-Rope-Skipping-Rope-Fitness-Sports-Professional-Training-Home-Exercise-Equipment-for-Fat-Reduction-p-2021979.html?cur_warehouse=CN&ID=6287830&rmmds=CategorySportsPop&trace_id=2c3b1763868431691,1747.13,Budget
KALOAD 10-50lbs Silicone Grip Device Palm Rehabilitation Training Hand Exercise Grip Circle Fitness Grip Circle Hand Muscle Massager,7.73,4.823279220779221,0.0,https://www.banggood.com/KALOAD-10-50lbs-Silicone-Grip-Device-Palm-Rehabilitation-Training-Hand-Exercise-Grip-Circle-Fitness-Grip-Circle-Hand-Muscle-Massager-p-2025125.html?cur_warehouse=CN&ID=41195&rmmds=CategorySportsPop&trace_id=2c3b1763868431691,2181.79,Budget
KALOAD Silicone Adjustable 20-90LB Hand Grip Strength Exercise Gripping Ring Fitness Finger Forearm Trainer Carpal Expander,4.64,4.823279220779221,0.0,https://www.banggood.com/KALOAD-Silicone-Adjustable-20-90LB-Hand-Grip-Strength-Exercise-Gripping-Ring-Fitness-Finger-Forearm-Trainer-Carpal-Expander-p-2019745.html?cur_warehouse=CN&ID=513346&rmmds=CategorySportsPop&trace_id=2c3b1763868431691,1309.64,Budget
KALOAD 1Set 5-60kg Adjustable Hand Gripper Strengthener Wrist Exerciser Forearm Ring Grips Finger Stretcher Workout Fitness Massage,14.7,4.823279220779221,0.0,https://www.banggood.com/KALOAD-1Set-5-60kg-Adjustable-Hand-Gripper-Strengthener-Wrist-Exerciser-Forearm-Ring-Grips-Finger-Stretcher-Workout-Fitness-Massage-p-2021952.html?cur_warehouse=CN&ID=224&rmmds=CategorySportsPop&trace_id=2c3b1763868431691,4149.08,Mid-range
KALOAD 5-165kg Adjustable Heavy Hand Grip Strengthener Finger Expander Wrist Forearm Trainers Fitness Steel Spring Exercise Equipment,8.51,5.0,7.0,https://www.banggood.com/KALOAD-5-165kg-Adjustable-Heavy-Hand-Grip-Strengthener-Finger-Expander-Wrist-Forearm-Trainers-Fitness-Steel-Spring-Exercise-Equipment-p-2019750.html?cur_warehouse=CN&ID=224&rmmds=CategorySportsPop&trace_id=2c3b1763868431691,2401.95,Budget
SportSoul Grip Ball Silicone Massage Fitness Ball Muscle Therapy Recovery Gripper Pain Relief Fascia Ball,6.19,4.823279220779221,0.0,https://www.banggood.com/SportSoul-Grip-Ball-Silicone-Massage-Fitness-Ball-Muscle-Therapy-Recovery-Gripper-Pain-Relief-Fascia-Ball-p-2012842.html?cur_warehouse=CN&ID=6326389&rmmds=CategorySportsPop&trace_id=2c3b1763868431691,1747.13,Budget
KALOAD 10-120KG Adjustable Hand Grip Strength Trainer Mechanical Counter Forearm Exerciser Power Strengthener for Gym Fitness Equipment with Counting Function,6.19,4.823279220779221,0.0,https://www.banggood.com/KALOAD-10-120KG-Adjustable-Hand-Grip-Strength-Trainer-Mechanical-Counter-Forearm-Exerciser-Power-Strengthener-for-Gym-Fitness-Equipment-with-Counting-Function-p-2024863.html?cur_warehouse=CN&ID=513872&rmmds=CategorySportsPop&trace_id=2c3b1763868431691,1747.13,Budget
Multi-Layer Ab Wheel Roller Mute Labor-Saving Smart Brake Practical Automatic Rebound Abs Trainer Wheel Exercise Equipment for Body Shaping Abs Core Workout,27.86,4.823279220779221,0.0,https://www.banggood.com/Multi-Layer-Ab-Wheel-Roller-Mute-Labor-Saving-Smart-Brake-Practical-Automatic-Rebound-Abs-Trainer-Wheel-Exercise-Equipment-for-Body-Shaping-Abs-Core-Workout-p-2005469.html?cur_warehouse=CN&rmmds=CategorySportsPop&trace_id=2c3b1763868431691,7863.48,Premium
250LB Hand Grip Strengthener Metal Gripper Aluminum Handle Professional Strength Handgrip Finger Training for Gym Sport,5.41,5.0,3.0,https://www.banggood.com/250LB-Hand-Grip-Strengthener-Metal-Gripper-Aluminum-Handle-Professional-Strength-Handgrip-Finger-Training-for-Gym-Sport-p-2004330.html?cur_warehouse=CN&rmmds=CategorySportsPop&trace_id=2c3b1763868431691,1526.97,Budget
Smart Electric Counting Jump Rope Corded and Cordless 2 in 1 Design 4 Modes Accurate HD Display Calorie Record Free Adjustable Fitness Rope for Muscle Building Strength Exercise,8.51,4.823279220779221,0.0,https://www.banggood.com/Smart-Electric-Counting-Jump-Rope-Corded-and-Cordless-2-in-1-Design-4-Modes-Accurate-HD-Display-Calorie-Record-Free-Adjustable-Fitness-Rope-for-Muscle-Building-Strength-Exercise-p-2018255.html?cur_warehouse=CN&ID=6291113&rmmds=CategorySportsPop&trace_id=2c3b1763868431691,2401.95,Budget
4 in 1 Electric Vibration Fitness Massager 30W Power EMS High Vibration Tech 3000mAh Battery for Abdomen Buttocks Legs Back Muscle Exercise,20.12,4.823279220779221,0.0,https://www.banggood.com/4-in-1-Electric-Vibration-Fitness-Massager-30W-Power-EMS-High-Vibration-Tech-3000mAh-Battery-for-Abdomen-Buttocks-Legs-Back-Muscle-Exercise-p-2003735.html?cur_warehouse=CN&ID=6287830&rmmds=CategorySportsPop&trace_id=2c3b1763868431691,5678.87,Premium
Xiaomi Mijia Portable Fascia Gun 2C 12kg 2500rpm High-speed Thrust Massage 3 Gear Smart Relaxation 1900mAh Capacity Mode Preference Memory 350g Lightweight Mini Vibration Fitness Massager for Gym Sports Workout,47.22,5.0,2.0,https://www.banggood.com/Xiaomi-Mijia-Portable-Fascia-Gun-2C-12kg-2500rpm-High-speed-Thrust-Massage-3-Gear-Smart-Relaxation-1900mAh-Capacity-Mode-Preference-Memory-350g-Lightweight-Mini-Vibration-Fitness-Massager-for-Gym-Sports-Workout-p-2013048.html?cur_warehouse=CN&ID=6288208&rmmds=CategorySportsPop&trace_id=2c3b1763868431691,13327.84,Premium
KALOAD AB Roller Abdominal Tonifying Wheel Muscle Trainer Exercise Roller with Mat for Body Shaping Abs Core Workout Home Gym Fitness Equipment,18.57,4.823279220779221,0.0,https://www.banggood.com/KALOAD-AB-Roller-Abdominal-Tonifying-Wheel-Muscle-Trainer-Exercise-Roller-with-Mat-for-Body-Shaping-Abs-Core-Workout-Home-Gym-Fitness-Equipment-p-2019713.html?cur_warehouse=CN&ID=6287830&rmmds=CategorySportsPop&trace_id=2c3b1763868431691,5241.38,Mid-range
KALOAD Hand Grip Carpal Expander Finger Strength Power Gripper Gripping Stress Relief Gym Home Fitness Trainer,7.73,4.823279220779221,0.0,https://www.banggood.com/KALOAD-Hand-Grip-Carpal-Expander-Finger-Strength-Power-Gripper-Gripping-Stress-Relief-Gym-Home-Fitness-Trainer-p-2027401.html?cur_warehouse=CN&ID=224&rmmds=CategorySportsPop&trace_id=2c3b1763868431691,2181.79,Budget
2023 Soft Portable Elastic Rubber Bands For Sports Strength Training Gym Exercises,7.73,4.823279220779221,0.0,https://www.banggood.com/2023-Soft-Portable-Elastic-Rubber-Bands-For-Sports-Strength-Training-Gym-Exercises-p-1994659.html?cur_warehouse=CN&rmmds=CategorySportsPop&trace_id=2c3b1763868431691,2181.79,Budget
Ems Muscle Stimulator Unisex 6 Massage Modes Abdominal Pulse Trainer Portable Electric Smart Fitness Equipment,12.38,5.0,2.0,https://www.banggood.com/Ems-Muscle-Stimulator-Unisex-6-Massage-Modes-Abdominal-Pulse-Trainer-Portable-Electric-Smart-Fitness-Equipment-p-1997481.html?cur_warehouse=CN&rmmds=CategorySportsPop&trace_id=2c3b1763868431691,3494.26,Mid-range
Bominfit 28 in 1 Folding Push Up Board 300kg Load-bearing Sport Plank Abdominal Chest Push-Ups Stands for Fitness Workout Home Gym Exercise,20.89,5.0,5.0,https://www.banggood.com/Bominfit-28-in-1-Folding-Push-Up-Board-300kg-Load-bearing-Sport-Plank-Abdominal-Chest-Push-Ups-Stands-for-Fitness-Workout-Home-Gym-Exercise-p-2036323.html?cur_warehouse=CN&ID=6287830&rmmds=CategorySportsPop&trace_id=2c3b1763868431691,5896.2,Premium
Home Indoor Wireless Digital Audible Alarm Refrigerator Thermometer with 2PCS Sensor Min/Maximum Display,17.02,4.823279220779221,0.0,https://www.banggood.com/Home-Indoor-Wireless-Digital-Audible-Alarm-Refrigerator-Thermometer-with-2PCS-Sensor-Min-or-Maximum-Display-p-2037953.html?cur_warehouse=CN&ID=6294999&rmmds=CategoryHomeGardenPop,4803.89,Mid-range
DUKA LCD Wireless Smart Home WIFI Temperature and Humidity Weather Sensor Rechargeable Indoor Clock Hygrometer Mini Digital Thermometer,21.67,4.56,9.0,https://www.banggood.com/DUKA-LCD-Wireless-Smart-Home-WIFI-Temperature-and-Humidity-Weather-Sensor-Rechargeable-Indoor-Clock-Hygrometer-Mini-Digital-Thermometer-p-2026935.html?cur_warehouse=CN&ID=6288119&rmmds=CategoryHomeGardenPop,6116.36,Premium
MHW-3BOMBER Instant Read Electronic Digital Thermometer -45°C to 200°C SUS304 Probe LCD Display High Precision Temperature Measurement Tool for Coffee Pot Kitchen Accessories,20.12,4.823279220779221,0.0,https://www.banggood.com/MHW-3BOMBER-Instant-Read-Electronic-Digital-Thermometer-45C-to-200C-SUS304-Probe-LCD-Display-High-Precision-Temperature-Measurement-Tool-for-Coffee-Pot-Kitchen-Accessories-p-2035956.html?cur_warehouse=CN&ID=6287830&rmmds=CategoryHomeGardenPop,5678.87,Premium
Tuya WiFi Indoor Smart Temperature Humidity Sensor Hygrometer Battery Powered APP Monitoring For Alexa Google Home Voice,10.06,4.823279220779221,0.0,https://www.banggood.com/Tuya-WiFi-Indoor-Smart-Temperature-Humidity-Sensor-Hygrometer-Battery-Powered-APP-Monitoring-For-Alexa-Google-Home-Voice-p-2036848.html?cur_warehouse=CN&ID=6294999&rmmds=CategoryHomeGardenPop,2839.44,Budget
LW-101 LED Display Home Water Shower Thermometer Flow Self-Generating Electricity Water Temperture Meter Monitor Energy Smart Meter  for Baby Care,20.89,5.0,2.0,https://www.banggood.com/LW-101-LED-Display-Home-Water-Shower-Thermometer-Flow-Self-Generating-Electricity-Water-Temperture-Meter-Monitor-Energy-Smart-Meter-for-Baby-Care-p-1980183.html?cur_warehouse=CN&ID=6295001&rmmds=CategoryHomeGardenPop,5896.2,Premium
LCD Digital Electronic Temperature Humidity Meter Thermometer Hygrometer Alarm Clock 12/24hrs Display,8.51,5.0,1.0,https://www.banggood.com/LCD-Digital-Electronic-Temperature-Humidity-Meter-Thermometer-Hygrometer-Alarm-Clock-12-or-24hrs-Display-p-1984766.html?cur_warehouse=CN&rmmds=CategoryHomeGardenPop,2401.95,Budget
AGSIVO TS-BN53 Touch Screen Digital Meat Food Thermometer Instant Read Food Thermometer Timer Alarm for Cooking / Grilling / BBQ,12.38,5.0,4.0,https://www.banggood.com/AGSIVO-TS-BN53-Touch-Screen-Digital-Meat-Food-Thermometer-Instant-Read-Food-Thermometer-Timer-Alarm-for-Cooking-or-Grilling-or-BBQ-p-1989937.html?cur_warehouse=CN&rmmds=CategoryHomeGardenPop,3494.26,Mid-range
-4°F to 212°F Bluetooth Wireless Meat Steak Food Electronic Thermometer Grill Probe Smart Meat Food Kitchen Wireless Grill Thermometer,41.02,4.823279220779221,0.0,https://www.banggood.com/-4F-to-212F-Bluetooth-Wireless-Meat-Steak-Food-Electronic-Thermometer-Grill-Probe-Smart-Meat-Food-Kitchen-Wireless-Grill-Thermometer-p-2023368.html?cur_warehouse=CN&ID=6288123&rmmds=CategoryHomeGardenPop,11577.9,Premium
Wireless Smart BBQ Thermometer Bluetooth Probe with Phone App Display Baking Steaming Food Temperature Oven Temperature Kitchen Electric Thermometer Wireless Passive Oven Kitchen Electric High Temperature Probe,27.86,4.823279220779221,0.0,https://www.banggood.com/Wireless-Smart-BBQ-Thermometer-Bluetooth-Probe-with-Phone-App-Display-Baking-Steaming-Food-Temperature-Oven-Temperature-Kitchen-Electric-Thermometer-Wireless-Passive-Oven-Kitchen-Electric-High-Temperature-Probe-p-2016255.html?cur_warehouse=CN&rmmds=CategoryHomeGardenPop,7863.48,Premium
Smart Digital Bluetooth Food Cooking Waterproof IP54 Bluetooth Wireless BBQ Remote Thermometer Probes Barbecue Thermometer Free App Control Time Alarm,46.44,5.0,1.0,https://www.banggood.com/Smart-Digital-Bluetooth-Food-Cooking-Waterproof-IP54-Bluetooth-Wireless-BBQ-Remote-Thermometer-Probes-Barbecue-Thermometer-Free-App-Control-Time-Alarm-p-2004691.html?cur_warehouse=CN&rmmds=CategoryHomeGardenPop,13107.69,Premium
Dual Probe Large Colorful Touchscreen Food Meat Thermometer  Kitchen Cooking BBQ Thermometer High Temperature Alarm Fahrenheit or Celsius Preset Temperature With Stand,22.44,4.5,2.0,https://www.banggood.com/Dual-Probe-Large-Colorful-Touchscreen-Food-Meat-Thermometer-Kitchen-Cooking-BBQ-Thermometer-High-Temperature-Alarm-Fahrenheit-or-Celsius-Preset-Temperature-With-Stand-p-2004692.html?cur_warehouse=CN&rmmds=CategoryHomeGardenPop,6333.69,Premium
AGSIVO bluetooth Wireless Food Meat Thermometer 300ft Long Range Digital Thermometer Smart Alert for Grilling For BBQ Oven Kitchen Cooking,33.28,4.8,5.0,https://www.banggood.com/AGSIVO-bluetooth-Wireless-Food-Meat-Thermometer-300ft-Long-Range-Digital-Thermometer-Smart-Alert-for-Grilling-For-BBQ-Oven-Kitchen-Cooking-p-2001890.html?cur_warehouse=CN&rmmds=CategoryHomeGardenPop,9393.28,Premium
AGSIVO Dual Probes Fast Instant Read Digital Food Meat Thermometer Waterproof For BBQ Kitchen Cooking Grilling,14.7,4.823279220779221,0.0,https://www.banggood.com/AGSIVO-Dual-Probes-Fast-Instant-Read-Digital-Food-Meat-Thermometer-Waterproof-For-BBQ-Kitchen-Cooking-Grilling-p-2002100.html?cur_warehouse=CN&rmmds=CategoryHomeGardenPop,4149.08,Mid-range
AGSIVO Digital Food Oven Meat Thermometer With Probe Timer Alert Backlight Outdoor Grill Cook Barbecue Kitchen Cooking BBQ Thermometer,15.48,5.0,2.0,https://www.banggood.com/AGSIVO-Digital-Food-Oven-Meat-Thermometer-With-Probe-Timer-Alert-Backlight-Outdoor-Grill-Cook-Barbecue-Kitchen-Cooking-BBQ-Thermometer-p-2003214.html?cur_warehouse=CN&rmmds=CategoryHomeGardenPop,4369.23,Mid-range
Digital Electronic Temperature Humidity Meter Thermometer Hygrometer Backlight LCD Display,11.6,1.0,1.0,https://www.banggood.com/Digital-Electronic-Temperature-Humidity-Meter-Thermometer-Hygrometer-Backlight-LCD-Display-p-1984818.html?cur_warehouse=CN&rmmds=CategoryHomeGardenPop,3274.1,Mid-range
AGSIVO TS-BN52 Digital Meat Food Thermometer Instant Read Food Thermometer Timer Alarm for Cooking / Grilling / BBQ,14.7,5.0,2.0,https://www.banggood.com/AGSIVO-TS-BN52-Digital-Meat-Food-Thermometer-Instant-Read-Food-Thermometer-Timer-Alarm-for-Cooking-or-Grilling-or-BBQ-p-1989990.html?cur_warehouse=CN&ID=6287830&rmmds=CategoryHomeGardenPop,4149.08,Mid-range
BBQ Probe Wireless Bluetooth BBQ Thermometer Kitchen Food Barbecue Thermometer Smart Cooking Thermometer 165ft Remote Meat Food Thermometer Instant Read,49.54,5.0,1.0,https://www.banggood.com/BBQ-Probe-Wireless-Bluetooth-BBQ-Thermometer-Kitchen-Food-Barbecue-Thermometer-Smart-Cooking-Thermometer-165ft-Remote-Meat-Food-Thermometer-Instant-Read-p-2020854.html?cur_warehouse=CN&ID=6287830&rmmds=CategoryHomeGardenPop,13982.66,Premium
AGSIVO bluetooth Wireless Food Meat Thermometer 165ft Long Range Digital Thermometer Alarm for Grilling For BBQ Kitchen Cooking,33.28,4.69,13.0,https://www.banggood.com/AGSIVO-bluetooth-Wireless-Food-Meat-Thermometer-165ft-Long-Range-Digital-Thermometer-Alarm-for-Grilling-For-BBQ-Kitchen-Cooking-p-2001879.html?cur_warehouse=CN&rmmds=CategoryHomeGardenPop,9393.28,Premium
AGSIVO Fast Instant Read Digital Food Meat Thermometer Waterproof For BBQ Kitchen Cooking Grilling,10.83,5.0,4.0,https://www.banggood.com/AGSIVO-Fast-Instant-Read-Digital-Food-Meat-Thermometer-Waterproof-For-BBQ-Kitchen-Cooking-Grilling-p-2002092.html?cur_warehouse=CN&ID=6287842&rmmds=CategoryHomeGardenPop,3056.77,Mid-range
5-in-1 Multifunctional 3500V Mosquito Killer Lamp with Adjustable Angle Bug Zapper Portable Rechargeable Electric Fly Swatter with USB Charging and Quick Charge Feature,20.89,5.0,2.0,https://www.banggood.com/5-in-1-Multifunctional-3500V-Mosquito-Killer-Lamp-with-Adjustable-Angle-Bug-Zapper-Portable-Rechargeable-Electric-Fly-Swatter-with-USB-Charging-and-Quick-Charge-Feature-p-2011539.html?cur_warehouse=CN&ID=6324453&rmmds=CategoryHomeGardenPop&trace_id=63581763868479755,5896.2,Premium
"2 In 1 Wall-mounted Vertical Dual-purpose Skynet Mosquito Killer Lamp Electric Fly Swatter Racket Mosquito Killer Lamp for Home, Outdoors",19.35,5.0,3.0,"https://www.banggood.com/2-In-1-Wall-mounted-Vertical-Dual-purpose-Skynet-Mosquito-Killer-Lamp-Electric-Fly-Swatter-Racket-Mosquito-Killer-Lamp-for-Home,Outdoors-p-2013158.html?cur_warehouse=CN&ID=6289876&rmmds=CategoryHomeGardenPop&trace_id=63581763868479755",5461.54,Mid-range
Versatile Electric Shock Mosquito Killing Lamp with Type-C Charging Dual Positioning and Compact Size Ideal for Home Commercial and Outdoor Use,17.8,5.0,1.0,https://www.banggood.com/Versatile-Electric-Shock-Mosquito-Killing-Lamp-with-Type-C-Charging-Dual-Positioning-and-Compact-Size-Ideal-for-Home-Commercial-and-Outdoor-Use-p-2015195.html?cur_warehouse=CN&ID=62878306318237&rmmds=CategoryHomeGardenPop&trace_id=63581763868479755,5024.05,Mid-range
Convenient and Quick Plug-in Mosquito Killer Lamp with Large Screen Proportion Non-Toxic and Environmentally Friendly Wide Coverage Area Easy to Use and Economical,11.6,4.0,3.0,https://www.banggood.com/Convenient-and-Quick-Plug-in-Mosquito-Killer-Lamp-with-Large-Screen-Proportion-Non-Toxic-and-Environmentally-Friendly-Wide-Coverage-Area-Easy-to-Use-and-Economical-p-2014935.html?cur_warehouse=CN&ID=6287845&rmmds=CategoryHomeGardenPop&trace_id=63581763868479755,3274.1,Mid-range
Portable 180° Folding Design Mosquito Lamp with Real-Time Mosquito Count Ideal New Attracting Light Wave USB Charging Safe Insulating Material and for Home Commercial Outdoor Use,17.8,4.5,2.0,https://www.banggood.com/Portable-180-Folding-Design-Mosquito-Lamp-with-Real-Time-Mosquito-Count-Ideal-New-Attracting-Light-Wave-USB-Charging-Safe-Insulating-Material-and-for-Home-Commercial-Outdoor-Use-p-2015201.html?cur_warehouse=CN&rmmds=CategoryHomeGardenPop&trace_id=63581763868479755,5024.05,Mid-range
Multifunctional 360-Degree Circulating Mini Fan with Built-In Mosquito Killer USB Charging Switchable Gears and Long-lasting Rechargeable Battery Perfect for Indoor and Outdoor Use,32.51,4.823279220779221,0.0,https://www.banggood.com/Multifunctional-360-Degree-Circulating-Mini-Fan-with-Built-In-Mosquito-Killer-USB-Charging-Switchable-Gears-and-Long-lasting-Rechargeable-Battery-Perfect-for-Indoor-and-Outdoor-Use-p-2015196.html?cur_warehouse=CN&ID=6326974&rmmds=CategoryHomeGardenPop&trace_id=63581763868479755,9175.95,Premium
Electric Mosquito Lamp with Portable Design Efficient Insect Killer for Outdoor Camping and Picnic Use Timed Function Wall-Mountable and Desktop,33.28,5.0,1.0,https://www.banggood.com/Electric-Mosquito-Lamp-with-Portable-Design-Efficient-Insect-Killer-for-Outdoor-Camping-and-Picnic-Use-Timed-Function-Wall-Mountable-and-Desktop-p-2012717.html?cur_warehouse=CN&rmmds=CategoryHomeGardenPop&trace_id=63581763868479755,9393.28,Premium
LED Mosquito Killer Lamp Dual-Power 800mAh Rechargeable Battery USB Charging Indoor Outdoor Bug Zapper Portable Light Source Efficient Insect Eliminator,14.7,4.29,7.0,https://www.banggood.com/LED-Mosquito-Killer-Lamp-Dual-Power-800mAh-Rechargeable-Battery-USB-Charging-Indoor-Outdoor-Bug-Zapper-Portable-Light-Source-Efficient-Insect-Eliminator-p-2014607.html?cur_warehouse=CN&ID=62878306289876&rmmds=CategoryHomeGardenPop&trace_id=63581763868479755,4149.08,Mid-range
USB Plug-in Household Mosquito Killer Lamp Physics Quiet Safety Bug Zappers Guardian MosquitoTrap,18.57,3.29,7.0,https://www.banggood.com/USB-Plug-in-Household-Mosquito-Killer-Lamp-Physics-Quiet-Safety-Bug-Zappers-Guardian-MosquitoTrap-p-2013156.html?cur_warehouse=CN&ID=6287830&rmmds=CategoryHomeGardenPop&trace_id=63581763868479755,5241.38,Mid-range
Solar Powered Bug Zapper EM02 Portable Outdoor Mosquito Killer Lamp High Voltage Electric Insect Repellent Stainless Steel IP65 Waterproof LED Light for Courtyard Garden Patio Backyard,35.6,4.823279220779221,0.0,https://www.banggood.com/Solar-Powered-Bug-Zapper-EM02-Portable-Outdoor-Mosquito-Killer-Lamp-High-Voltage-Electric-Insect-Repellent-Stainless-Steel-IP65-Waterproof-LED-Light-for-Courtyard-Garden-Patio-Backyard-p-2014937.html?cur_warehouse=CN&rmmds=CategoryHomeGardenPop&trace_id=63581763868479755,10048.1,Premium
Powerful High Voltage Mosquito Lamp 3000V Indoor and Outdoor Use with Insect Attractant Noiseless Operation Safety Plastic Casing USB Powered Versatile Setup Options in Black or White,16.25,4.823279220779221,0.0,https://www.banggood.com/Powerful-High-Voltage-Mosquito-Lamp-3000V-Indoor-and-Outdoor-Use-with-Insect-Attractant-Noiseless-Operation-Safety-Plastic-Casing-USB-Powered-Versatile-Setup-Options-in-Black-or-White-p-2015198.html?cur_warehouse=CN&ID=515244&rmmds=CategoryHomeGardenPop&trace_id=63581763868479755,4586.56,Mid-range
Rechargeable Photocatalyst Electric Mosquito Killer Lamp Household Mosquito Repellent Desktop Wall-Mounted Dual-Purpose,15.87,4.823279220779221,0.0,https://www.banggood.com/Rechargeable-Photocatalyst-Electric-Mosquito-Killer-Lamp-Household-Mosquito-Repellent-Desktop-Wall-Mounted-Dual-Purpose-p-2032540.html?cur_warehouse=CN&ID=62878326289526&rmmds=CategoryHomeGardenPop&trace_id=63581763868479755,4479.31,Mid-range
360° Electric Shock Mosquito Killer Lamp USB Charging Portable Household Electric Mosquito Killing Photocatalyst Outdoor Camping Dual Lighting Modes,15.48,5.0,2.0,https://www.banggood.com/360-Electric-Shock-Mosquito-Killer-Lamp-USB-Charging-Portable-Household-Electric-Mosquito-Killing-Photocatalyst-Outdoor-Camping-Dual-Lighting-Modes-p-2033896.html?cur_warehouse=CN&ID=6287830&rmmds=CategoryHomeGardenPop&trace_id=63581763868479755,4369.23,Mid-range
3000V Electric Shock 368UV Mosquito Traps Killer Lamp Electric Fly Trap Silent Electric Fly Catcher Gnat Traps USB Rechargeable Fly Zappers For Outdoor Home,16.25,4.823279220779221,0.0,https://www.banggood.com/3000V-Electric-Shock-368UV-Mosquito-Traps-Killer-Lamp-Electric-Fly-Trap-Silent-Electric-Fly-Catcher-Gnat-Traps-USB-Rechargeable-Fly-Zappers-For-Outdoor-Home-p-2033983.html?cur_warehouse=CN&ID=6292640&rmmds=CategoryHomeGardenPop&trace_id=63581763868479755,4586.56,Mid-range
2 in 1 Strong Electric Shock Mosquito Killer Lamp 2000V High Power LED UV Light Portable Night Light Indoor Outdoor Bug Zapper Camping Lantern,14.7,4.823279220779221,0.0,https://www.banggood.com/2-in-1-Strong-Electric-Shock-Mosquito-Killer-Lamp-2000V-High-Power-LED-UV-Light-Portable-Night-Light-Indoor-Outdoor-Bug-Zapper-Camping-Lantern-p-2037930.html?cur_warehouse=CN&ID=62878326289526&rmmds=CategoryHomeGardenPop&trace_id=63581763868479755,4149.08,Mid-range
360° LED Portable LED Mosquito Killing Lamp USB Charging Insect Bug Zapper Qiuet Design,13.15,4.29,7.0,https://www.banggood.com/360-LED-Portable-LED-Mosquito-Killing-Lamp-USB-Charging-Insect-Bug-Zapper-Qiuet-Design-p-1984890.html?cur_warehouse=CN&ID=6287845&rmmds=CategoryHomeGardenPop&trace_id=63581763868479755,3711.59,Mid-range
Portable LED Mosquito Killing Lamp Outdoor Indoor Camping Insect Killer Bug Zapper Qiuet Design,7.73,3.89,9.0,https://www.banggood.com/Portable-LED-Mosquito-Killing-Lamp-Outdoor-Indoor-Camping-Insect-Killer-Bug-Zapper-Qiuet-Design-p-1984893.html?cur_warehouse=CN&ID=6287830&rmmds=CategoryHomeGardenPop&trace_id=63581763868479755,2181.79,Budget
AGSIVO Solar Animal Repeller Ultrasonic Animal Repellent with PIR Motion Sensor and LED Flash Light For Cat / Mole / Dog / Squirrel / Deer / Fox,20.89,5.0,1.0,https://www.banggood.com/AGSIVO-Solar-Animal-Repeller-Ultrasonic-Animal-Repellent-with-PIR-Motion-Sensor-and-LED-Flash-Light-For-Cat-or-Mole-or-Dog-or-Squirrel-or-Deer-or-Fox-p-1992019.html?cur_warehouse=CN&rmmds=CategoryHomeGardenPop&trace_id=63581763868479755,5896.2,Premium
AGSIVO Solar Animal Repeller Ultrasonic Animal Repellent with PIR Motion Sensor and LED Flash Light For Cat / Mole / Dog / Squirrel / Deer / Fox,20.89,5.0,1.0,https://www.banggood.com/AGSIVO-Solar-Animal-Repeller-Ultrasonic-Animal-Repellent-with-PIR-Motion-Sensor-and-LED-Flash-Light-For-Cat-or-Mole-or-Dog-or-Squirrel-or-Deer-or-Fox-p-1992031.html?cur_warehouse=CN&rmmds=CategoryHomeGardenPop&trace_id=63581763868479755,5896.2,Premium
AGSIVO Plug-in Electric Mosquito Bug Zapper Mosquito Killing Lamp Fly Trap Fly Zapper For Home / Backyard / Patio,17.8,4.33,3.0,https://www.banggood.com/AGSIVO-Plug-in-Electric-Mosquito-Bug-Zapper-Mosquito-Killing-Lamp-Fly-Trap-Fly-Zapper-For-Home-or-Backyard-or-Patio-p-1992306.html?cur_warehouse=CN&ID=6287832&rmmds=CategoryHomeGardenPop&trace_id=63581763868479755,5024.05,Mid-range
Outdoor Owl Bird Repellent Mouse Deterrent with Electronic Shake Head Feature Generic Realistic 360 Degree Rotating Bird Repellent Owl Decoy Bird Scare Sound and Shadow Control Garden Yard Decor,30.96,5.0,2.0,https://www.banggood.com/Outdoor-Owl-Bird-Repellent-Mouse-Deterrent-with-Electronic-Shake-Head-Feature-Generic-Realistic-360-Degree-Rotating-Bird-Repellent-Owl-Decoy-Bird-Scare-Sound-and-Shadow-Control-Garden-Yard-Decor-p-2016942.html?cur_warehouse=CN&rmmds=CategoryHomeGardenPop&trace_id=63581763868479755,8738.46,Premium
Ultrasonic Electronic Insect Repellent Mosquito Mice Spider Cockroach Insecticide Pest Control Ultrasonic Mosquito Repellent Insect Repellent Household Plug-In Mouse Repellent Intelligent Frequency Conversion Cockroach Repellent,7.73,5.0,2.0,https://www.banggood.com/Ultrasonic-Electronic-Insect-Repellent-Mosquito-Mice-Spider-Cockroach-Insecticide-Pest-Control-Ultrasonic-Mosquito-Repellent-Insect-Repellent-Household-Plug-In-Mouse-Repellent-Intelligent-Frequency-Conversion-Cockroach-Repellent-p-2018415.html?cur_warehouse=CN&ID=471846287830&rmmds=CategoryHomeGardenPop&trace_id=63581763868479755,2181.79,Budget
Solar Bug Zapper with LED Light 4000mAh Rechargeable Battery Cordless Electric Mosquito Zapper for Outdoor and Indoor,37.15,3.5,2.0,https://www.banggood.com/Solar-Bug-Zapper-with-LED-Light-4000mAh-Rechargeable-Battery-Cordless-Electric-Mosquito-Zapper-for-Outdoor-and-Indoor-p-2012714.html?cur_warehouse=CN&rmmds=CategoryHomeGardenPop&trace_id=63581763868479755,10485.59,Premium
Mosquito Zapper 2000mAh With Music Box and Projector Lamp Long-lasting Battery 360 degrees Protection 3-in-1 Design Indoor and Outdoor Mosquito Killer with LED Flashlight for Camping Picnic,21.67,4.823279220779221,0.0,https://www.banggood.com/Mosquito-Zapper-2000mAh-With-Music-Box-and-Projector-Lamp-Long-lasting-Battery-360-degrees-Protection-3-in-1-Design-Indoor-and-Outdoor-Mosquito-Killer-with-LED-Flashlight-for-Camping-Picnic-p-2014609.html?cur_warehouse=CN&rmmds=CategoryHomeGardenPop&trace_id=63581763868479755,6116.36,Premium
Ultrasonic Mouse Repeller Safe Pest Control Ultrasonic Car Repeller Anti Mouse Rat Shockproof Controller Electronic Ultrasonic Rodent Repeller,13.15,4.823279220779221,0.0,https://www.banggood.com/Ultrasonic-Mouse-Repeller-Safe-Pest-Control-Ultrasonic-Car-Repeller-Anti-Mouse-Rat-Shockproof-Controller-Electronic-Ultrasonic-Rodent-Repeller-p-2027892.html?cur_warehouse=CN&ID=6287830&rmmds=CategoryHomeGardenPop&trace_id=63581763868479755,3711.59,Mid-range
Ultrasonic Solar Power Pest Animal Repeller Repellent Cat dog Bird Mouse Fox,15.48,5.0,4.0,https://www.banggood.com/Ultrasonic-Solar-Power-Pest-Animal-Repeller-Repellent-Cat-dog-Bird-Mouse-Fox-p-1948244.html?cur_warehouse=CN&rmmds=CategoryHomeGardenPop&trace_id=63581763868479755,4369.23,Mid-range
AGSIVO Cordless 3000V Electric Mosquito Bug Zapper Mosquito Killing Lamp with Rechargeable Battery for Indoor and Outdoor,11.6,4.32,62.0,https://www.banggood.com/AGSIVO-Cordless-3000V-Electric-Mosquito-Bug-Zapper-Mosquito-Killing-Lamp-with-Rechargeable-Battery-for-Indoor-and-Outdoor-p-1984687.html?cur_warehouse=CN&ID=6287830&rmmds=CategoryHomeGardenPop&trace_id=63581763868479755,3274.1,Mid-range
Outdoor Garden Solar Ultrasonic Repeller PIR Pest Animal Mouse Fox Cat Dog Repellent,16.25,4.77,56.0,https://www.banggood.com/Outdoor-Garden-Solar-Ultrasonic-Repeller-PIR-Pest-Animal-Mouse-Fox-Cat-Dog-Repellent-p-1304702.html?cur_warehouse=CN&rmmds=CategoryHomeGardenPop&trace_id=63581763868479755,4586.56,Mid-range
AGSIVO 3 In 1 3000V Cordless Rechargeable Electric Mosquito Bug Zapper Foldable Handheld Mosquito Killing Lamp Fly Trap,16.25,5.0,13.0,https://www.banggood.com/AGSIVO-3-In-1-3000V-Cordless-Rechargeable-Electric-Mosquito-Bug-Zapper-Foldable-Handheld-Mosquito-Killing-Lamp-Fly-Trap-p-1994577.html?cur_warehouse=CN&ID=6287830&rmmds=CategoryHomeGardenPop&trace_id=63581763868479755,4586.56,Mid-range
AGSIVO Plug-in 3000V High Power Electric Mosquito Bug Zapper Mosquito Killing Lamp for Indoor and Outdoor,25.54,4.0,8.0,https://www.banggood.com/AGSIVO-Plug-in-3000V-High-Power-Electric-Mosquito-Bug-Zapper-Mosquito-Killing-Lamp-for-Indoor-and-Outdoor-p-1994745.html?cur_warehouse=CN&ID=6287851&rmmds=CategoryHomeGardenPop&trace_id=63581763868479755,7208.66,Premium
Magnetic Levitation Extravagant Table Lamp Retro Home Living Room Study Porch Desk Magnets Levitation Light Bulb Ornament,58.83,5.0,8.0,https://www.banggood.com/Magnetic-Levitation-Extravagant-Table-Lamp-Retro-Home-Living-Room-Study-Porch-Desk-Magnets-Levitation-Light-Bulb-Ornament-p-2024774.html?cur_warehouse=CN&ID=47184&rmmds=CategoryHomeGardenPop&trace_id=eb151763868505220,16604.77,Premium
Flexible Filament Night Light with Magnetic Base Home Decor Rechargeable Magnetic Anti-Gravity Night Light Portable Quantum Floating Table LED Bedroom Home Night Light,12.38,5.0,7.0,https://www.banggood.com/Flexible-Filament-Night-Light-with-Magnetic-Base-Home-Decor-Rechargeable-Magnetic-Anti-Gravity-Night-Light-Portable-Quantum-Floating-Table-LED-Bedroom-Home-Night-Light-p-2026335.html?cur_warehouse=CN&ID=6287853&rmmds=CategoryHomeGardenPop&trace_id=eb151763868505220,3494.26,Mid-range
2500mAh Machine Audio Dynamic RGB Lighting Bluetooth Speaker Wireless Subwoofer HIFI Box Sound Desktop Home Hi-Res Stereo,44.89,5.0,9.0,https://www.banggood.com/2500mAh-Machine-Audio-Dynamic-RGB-Lighting-Bluetooth-Speaker-Wireless-Subwoofer-HIFI-Box-Sound-Desktop-Home-Hi-Res-Stereo-p-2015676.html?cur_warehouse=CN&ID=6300001&rmmds=CategoryHomeGardenPop&trace_id=eb151763868505220,12670.2,Premium
AGSIVO Magnetic Floating Levitating Globe World Map with LED light Educational Gifts for Kids Students Birthday Gifts Gadgets for Teens Christmas Gifts,22.44,4.94,35.0,https://www.banggood.com/AGSIVO-Magnetic-Floating-Levitating-Globe-World-Map-with-LED-light-Educational-Gifts-for-Kids-Students-Birthday-Gifts-Gadgets-for-Teens-Christmas-Gifts-p-2000056.html?cur_warehouse=CN&ID=47184&rmmds=CategoryHomeGardenPop&trace_id=eb151763868505220,6333.69,Premium
Solar Home Fragrance Ornament Solar Perfume Holder Solar Decoration Aromatherapy Solar Rotating Planet Decoration Aromatherapy Fragrance Diffuser Decoration Fragrance Freshener,10.06,2.33,3.0,https://www.banggood.com/Solar-Home-Fragrance-Ornament-Solar-Perfume-Holder-Solar-Decoration-Aromatherapy-Solar-Rotating-Planet-Decoration-Aromatherapy-Fragrance-Diffuser-Decoration-Fragrance-Freshener-p-2024779.html?cur_warehouse=CN&ID=6287830&rmmds=CategoryHomeGardenPop&trace_id=eb151763868505220,2839.44,Budget
Retro IN9 Mini Glow Tube Electronic Tube Music Spectrum Meter Color Modes Adjusted Decorations Vintage Neon Tube Music Spectrum Desktop Decoration,38.7,4.823279220779221,0.0,https://www.banggood.com/Retro-IN9-Mini-Glow-Tube-Electronic-Tube-Music-Spectrum-Meter-Color-Modes-Adjusted-Decorations-Vintage-Neon-Tube-Music-Spectrum-Desktop-Decoration-p-2025551.html?cur_warehouse=CN&ID=6287830&rmmds=CategoryHomeGardenPop&trace_id=eb151763868505220,10923.08,Premium
Floating Desk Toy Home Decoration Gravity Defying Kinetics Desk Toy Desktop Levitating Gyro Stress Reliever Kinetics Levitation Toy Optical Illusion Desk Toy,14.7,5.0,2.0,https://www.banggood.com/Floating-Desk-Toy-Home-Decoration-Gravity-Defying-Kinetics-Desk-Toy-Desktop-Levitating-Gyro-Stress-Reliever-Kinetics-Levitation-Toy-Optical-Illusion-Desk-Toy-p-2022778.html?cur_warehouse=CN&ID=6299808&rmmds=CategoryHomeGardenPop&trace_id=eb151763868505220,4149.08,Mid-range
Magnetic Levitating Globe World Map with LED light Home Office Decoration Educational Gifts for Kids US Plug,20.12,1.0,1.0,https://www.banggood.com/Magnetic-Levitating-Globe-World-Map-with-LED-light-Home-Office-Decoration-Educational-Gifts-for-Kids-US-Plug-p-1991270.html?cur_warehouse=CN&rmmds=CategoryHomeGardenPop&trace_id=eb151763868505220,5678.87,Premium
World Globe Map 360°Rotating World Globe Earth Map Geography Education Toy Home Decoration Office Ornament Kids Gift,18.57,4.55,11.0,https://www.banggood.com/World-Globe-Map-360Rotating-World-Globe-Earth-Map-Geography-Education-Toy-Home-Decoration-Office-Ornament-Kids-Gift-p-1708993.html?cur_warehouse=CN&rmmds=CategoryHomeGardenPop&trace_id=eb151763868505220,5241.38,Mid-range
Versatile Belt Hole Punch Tool for Leather Plastic Paper and Cards with 6 Adjustable Sizes,21.67,4.823279220779221,0.0,https://www.banggood.com/Versatile-Belt-Hole-Punch-Tool-for-Leather-Plastic-Paper-and-Cards-with-6-Adjustable-Sizes-p-2036427.html?cur_warehouse=CN&ID=6287842&rmmds=CategoryHomeGardenPop&trace_id=eb151763868505220,6116.36,Premium
Wall Hanging Pendant Turkish Greek Blue Glass Evil Eye Amulet Lucky Eye Charm,7.73,4.823279220779221,0.0,https://www.banggood.com/Wall-Hanging-Pendant-Turkish-Greek-Blue-Glass-Evil-Eye-Amulet-Lucky-Eye-Charm-p-1775909.html?cur_warehouse=CN&rmmds=CategoryHomeGardenPop&trace_id=eb151763868505220,2181.79,Budget
Star Moon Solar Wind Chimes Light  Color Changing Gift Portable Hanging Waterproof Mobile Romantic Wind Bell Outdoor Mom Gift Festival Home Patio Yard Garden Decoration,11.6,5.0,2.0,https://www.banggood.com/Star-Moon-Solar-Wind-Chimes-Light-Color-Changing-Gift-Portable-Hanging-Waterproof-Mobile-Romantic-Wind-Bell-Outdoor-Mom-Gift-Festival-Home-Patio-Yard-Garden-Decoration-p-1986625.html?cur_warehouse=CN&rmmds=CategoryHomeGardenPop&trace_id=eb151763868505220,3274.1,Mid-range
26,6.96,5.0,1.0,https://www.banggood.com/26-inch-Creative-Wind-Chimes-Home-Decoration-Outdoor-Garden-Patio-Decorative-Wind-Chimes-Birthday-Gift-p-1986600.html?cur_warehouse=CN&rmmds=CategoryHomeGardenPop&trace_id=eb151763868505220,1964.46,Budget
Glowing Crystal Ball 3d Engraved Small Crystal Ball Light Decoration Creative Gift Glowing Crystal Ball Suitable For Christmas Classmates And Children's Birthday,11.6,4.79,24.0,https://www.banggood.com/Glowing-Crystal-Ball-3d-Engraved-Small-Crystal-Ball-Light-Decoration-Creative-Gift-Glowing-Crystal-Ball-Suitable-For-Christmas-Classmates-And-Childrens-Birthday-p-2019234.html?cur_warehouse=CN&ID=6328378&rmmds=CategoryHomeGardenPop&trace_id=eb151763868505220,3274.1,Mid-range
11Pcs Antique Vintage Old Look Skeleton Key Set Pendant Heart Bow Steampunk Lock,10.06,5.0,11.0,https://www.banggood.com/11Pcs-Antique-Vintage-Old-Look-Skeleton-Key-Set-Pendant-Heart-Bow-Steampunk-Lock-p-986760.html?cur_warehouse=CN&rmmds=CategoryHomeGardenPop&trace_id=eb151763868505220,2839.44,Budget
3D Modeling Carving Cross Wall Decorations Metal Alloy JESUS Catholic Statue Prayer,9.28,5.0,6.0,https://www.banggood.com/3D-Modeling-Carving-Cross-Wall-Decorations-Metal-Alloy-JESUS-Catholic-Statue-Prayer-p-1376085.html?cur_warehouse=CN&rmmds=CategoryHomeGardenPop&trace_id=eb151763868505220,2619.28,Budget
37Pcs Leather Craft Tool Kit Hand Sewing Stitching Punch Saddle Carving Work,43.35,5.0,31.0,https://www.banggood.com/37Pcs-Leather-Craft-Tool-Kit-Hand-Sewing-Stitching-Punch-Saddle-Carving-Work-p-1334322.html?cur_warehouse=CN&rmmds=CategoryHomeGardenPop&trace_id=eb151763868505220,12235.54,Premium
Solid Wood Bronze Metal Air Volume Multi-tube Anti-rust Copper Alloy Wind Chime,20.12,5.0,7.0,https://www.banggood.com/Solid-Wood-Bronze-Metal-Air-Volume-Multi-tube-Anti-rust-Copper-Alloy-Wind-Chime-p-1903834.html?cur_warehouse=CN&ID=6292756&rmmds=CategoryHomeGardenPop&trace_id=eb151763868505220,5678.87,Premium
40cm Metal Steel Sport Medal Holder Hanger Display Rack Ideal Swim Run Triathlon Decorations,20.12,4.823279220779221,0.0,https://www.banggood.com/40cm-Metal-Steel-Sport-Medal-Holder-Hanger-Display-Rack-Ideal-Swim-Run-Triathlon-Decorations-p-1591170.html?cur_warehouse=CN&ID=515244&rmmds=CategoryHomeGardenPop&trace_id=eb151763868505220,5678.87,Premium
Home 27 Silver Tubes Wind Chimes Church Bells Hanging Decorations,17.02,4.81,26.0,https://www.banggood.com/Home-27-Silver-Tubes-Wind-Chimes-Church-Bells-Hanging-Decorations-p-975512.html?cur_warehouse=CN&rmmds=CategoryHomeGardenPop&trace_id=eb151763868505220,4803.89,Mid-range
300x115x5mm Acrylic 3 Tier Medal Hanger Holder Rack,8.95,4.823279220779221,0.0,https://www.banggood.com/300x115x5mm-Acrylic-3-Tier-Medal-Hanger-Holder-Rack-p-1662667.html?cur_warehouse=CN&rmmds=CategoryHomeGardenPop&trace_id=eb151763868505220,2526.14,Budget
Wooden Coin Bank 1000 Euro Wooden Money Boxes for Kids Gift Boxes Home Decoration Crafts Counter Money Boxes Wooden Crafts Storage Boxes,12.38,5.0,1.0,https://www.banggood.com/Wooden-Coin-Bank-1000-Euro-Wooden-Money-Boxes-for-Kids-Gift-Boxes-Home-Decoration-Crafts-Counter-Money-Boxes-Wooden-Crafts-Storage-Boxes-p-2023370.html?cur_warehouse=CN&ID=530036&rmmds=CategoryHomeGardenPop&trace_id=eb151763868505220,3494.26,Mid-range
Magnetic Levitation Light Bulb Creative Personality Atmosphere Night Light Bedroom Study Desktop Technology Ornaments Valentine'S Day Gift,66.57,5.0,3.0,https://www.banggood.com/Magnetic-Levitation-Light-Bulb-Creative-Personality-Atmosphere-Night-Light-Bedroom-Study-Desktop-Technology-Ornaments-ValentineS-Day-Gift-p-2028411.html?cur_warehouse=CN&ID=47184&rmmds=CategoryHomeGardenPop&trace_id=eb151763868505220,18789.38,Premium
Magnetic Levitation Globe 3D Luminous Self Rotating Night LED Light Office Desktop Decoration Originality Gift for Child Gifts,76.63,5.0,1.0,https://www.banggood.com/Magnetic-Levitation-Globe-3D-Luminous-Self-Rotating-Night-LED-Light-Office-Desktop-Decoration-Originality-Gift-for-Child-Gifts-p-2028726.html?cur_warehouse=CN&ID=47184&rmmds=CategoryHomeGardenPop&trace_id=eb151763868505220,21628.82,Premium
Magnetic Levitation Globe LED Moon Floating Romantic Lamp Suspended 3D Moon Lamp Rotating Globe Bedside Lamp,72.76,5.0,1.0,https://www.banggood.com/Magnetic-Levitation-Globe-LED-Moon-Floating-Romantic-Lamp-Suspended-3D-Moon-Lamp-Rotating-Globe-Bedside-Lamp-p-2028727.html?cur_warehouse=CN&ID=471846309146&rmmds=CategoryHomeGardenPop&trace_id=eb151763868505220,20536.51,Premium
Upgrade Version Wheel Five Sided Magnetic Knife Sharpener Roller Knife Sharpener Five-Sided Magnetic Knife Sharpener Whetstone,24.77,4.86,58.0,https://www.banggood.com/Upgrade-Version-Wheel-Five-Sided-Magnetic-Knife-Sharpener-Roller-Knife-Sharpener-Five-Sided-Magnetic-Knife-Sharpener-Whetstone-p-2017980.html?cur_warehouse=CN&rmmds=CategoryHomeGardenPop&trace_id=46fb1763868525799,6991.33,Premium
5KG/10KG Ultra-Accurate Stainless Steel LCD Kitchen Scale Digital Food Weighing Device with High Precision Tare Function and Multi Measurement Units for Diet Control Postal Use,10.83,4.75,4.0,https://www.banggood.com/5KG-or-10KG-Ultra-Accurate-Stainless-Steel-LCD-Kitchen-Scale-Digital-Food-Weighing-Device-with-High-Precision-Tare-Function-and-Multi-Measurement-Units-for-Diet-Control-Postal-Use-p-2012320.html?cur_warehouse=CN&ID=565545&rmmds=CategoryHomeGardenPop&trace_id=46fb1763868525799,3056.77,Mid-range
Rechargeable Electric Pepper Grinder Salt And Pepper Mills With LED Light Gravity Induction Automatic Grinding Machine Adjustable Coarseness Mills USB Charging Spice Grinde,15.48,4.93,30.0,https://www.banggood.com/Rechargeable-Electric-Pepper-Grinder-Salt-And-Pepper-Mills-With-LED-Light-Gravity-Induction-Automatic-Grinding-Machine-Adjustable-Coarseness-Mills-USB-Charging-Spice-Grinde-p-2016950.html?cur_warehouse=CN&ID=6292509&rmmds=CategoryHomeGardenPop&trace_id=46fb1763868525799,4369.23,Mid-range
Multi-functional Hand Crank Rotary Slicer Vegetable Cutter Handheld Rotary Cheese Grater Cutter Round Mandoline with Handle Vegetable Slicer Carrot Cutter Nut Grinder,21.67,5.0,2.0,https://www.banggood.com/Multi-functional-Hand-Crank-Rotary-Slicer-Vegetable-Cutter-Handheld-Rotary-Cheese-Grater-Cutter-Round-Mandoline-with-Handle-Vegetable-Slicer-Carrot-Cutter-Nut-Grinder-p-2025547.html?cur_warehouse=CN&ID=6287836&rmmds=CategoryHomeGardenPop&trace_id=46fb1763868525799,6116.36,Premium
Newly Knife Sharpener Rolling Magnetic Knife Sharpener Kit Roller Edge Countertop Rolling Knife Sharpener Tool Two Sharpening Angles of 15° and 20° for Any Hardness Steel Makes Knife Sharpening,25.54,4.86,56.0,https://www.banggood.com/Newly-Knife-Sharpener-Rolling-Magnetic-Knife-Sharpener-Kit-Roller-Edge-Countertop-Rolling-Knife-Sharpener-Tool-Two-Sharpening-Angles-of-15-and-20-for-Any-Hardness-Steel-Makes-Knife-Sharpening-p-2016951.html?cur_warehouse=CN&rmmds=CategoryHomeGardenPop&trace_id=46fb1763868525799,7208.66,Premium
Stainless Steel Electric Pepper Grinder Set Rechargeable 95ML Pepper Grinder Set Sea Salt Grinder Electric Black White Pepper Grinder Bottle,17.02,5.0,1.0,https://www.banggood.com/Stainless-Steel-Electric-Pepper-Grinder-Set-Rechargeable-95ML-Pepper-Grinder-Set-Sea-Salt-Grinder-Electric-Black-White-Pepper-Grinder-Bottle-p-2026933.html?cur_warehouse=CN&ID=6301877&rmmds=CategoryHomeGardenPop&trace_id=46fb1763868525799,4803.89,Mid-range
Stainless Steel Potato Masher Juicer Manual Heavy Duty Mud Press Masher Multi-purpose Fruit Lemon Juicer,23.22,5.0,1.0,https://www.banggood.com/Stainless-Steel-Potato-Masher-Juicer-Manual-Heavy-Duty-Mud-Press-Masher-Multi-purpose-Fruit-Lemon-Juicer-p-2004701.html?cur_warehouse=CN&rmmds=CategoryHomeGardenPop&trace_id=46fb1763868525799,6553.84,Premium
4-stage Knife Sharpener Professional Kitchen Sharpening Stone Grinder Knive Kitchen Blade Tool Sharp,8.2,5.0,3.0,https://www.banggood.com/4-stage-Knife-Sharpener-Professional-Kitchen-Sharpening-Stone-Grinder-Knive-Kitchen-Blade-Tool-Sharp-p-2005180.html?cur_warehouse=CN&rmmds=CategoryHomeGardenPop&trace_id=46fb1763868525799,2314.45,Budget
6 Inch Salt and Pepper Grinder Set Pepper Mill Hand Fresh Grind Seasoning Bottle Ceramic Core Solid Wood Pepper Grinder,18.57,4.5,2.0,https://www.banggood.com/6-Inch-Salt-and-Pepper-Grinder-Set-Pepper-Mill-Hand-Fresh-Grind-Seasoning-Bottle-Ceramic-Core-Solid-Wood-Pepper-Grinder-p-2021278.html?cur_warehouse=CN&ID=6292509&rmmds=CategoryHomeGardenPop&trace_id=46fb1763868525799,5241.38,Mid-range
Household Automatic Multifunctional Quick Sharpener Electric Knife Sharpener 3-Stage System 15-20 Degrees Stainless Steel Kitchen Knive Sharpening Polishing,46.44,4.823279220779221,0.0,https://www.banggood.com/Household-Automatic-Multifunctional-Quick-Sharpener-Electric-Knife-Sharpener-3-Stage-System-15-20-Degrees-Stainless-Steel-Kitchen-Knive-Sharpening-Polishing-p-2019378.html?cur_warehouse=CN&ID=6287853&rmmds=CategoryHomeGardenPop&trace_id=46fb1763868525799,13107.69,Premium
500mAh Electric Pepper Grinder in Wood Grain Color Electric Salt and Pepper Grinder Set with 6 Adjustable Coarseness Adjustable Ceramic Core with LED Light USB Rechargeable,20.12,4.823279220779221,0.0,https://www.banggood.com/500mAh-Electric-Pepper-Grinder-in-Wood-Grain-Color-Electric-Salt-and-Pepper-Grinder-Set-with-6-Adjustable-Coarseness-Adjustable-Ceramic-Core-with-LED-Light-USB-Rechargeable-p-2018459.html?cur_warehouse=CN&ID=6292509&rmmds=CategoryHomeGardenPop&trace_id=46fb1763868525799,5678.87,Premium
Multifunctional 4-Stage Knife Sharpeners with Adjustable Angle Knob - Premium Quality Handheld Knife Sharpener Small Portable Knife Sharpener for Scissors,13.93,5.0,1.0,https://www.banggood.com/Multifunctional-4-Stage-Knife-Sharpeners-with-Adjustable-Angle-Knob-Premium-Quality-Handheld-Knife-Sharpener-Small-Portable-Knife-Sharpener-for-Scissors-p-2019499.html?cur_warehouse=CN&ID=6287830&rmmds=CategoryHomeGardenPop&trace_id=46fb1763868525799,3931.74,Mid-range
Electric Knife Sharpener Multifunctional Automatic 2 Gears Kitchen Cordless Electric Fast Knife Sharpener Kitchen Tools Grinder,17.02,4.63,16.0,https://www.banggood.com/Electric-Knife-Sharpener-Multifunctional-Automatic-2-Gears-Kitchen-Cordless-Electric-Fast-Knife-Sharpener-Kitchen-Tools-Grinder-p-2019376.html?cur_warehouse=CN&ID=6287844&rmmds=CategoryHomeGardenPop&trace_id=46fb1763868525799,4803.89,Mid-range
Kitchen Chef Knife Scissors 3-Stage Sharpener Suitable For Straight Knife And Serrated Knife Helps Repair And Restore Blades,9.28,4.823279220779221,0.0,https://www.banggood.com/Kitchen-Chef-Knife-Scissors-3-Stage-Sharpener-Suitable-For-Straight-Knife-And-Serrated-Knife-Helps-Repair-And-Restore-Blades-p-2019090.html?cur_warehouse=CN&ID=6287853&rmmds=CategoryHomeGardenPop&trace_id=46fb1763868525799,2619.28,Budget
14-in-1 Vegetable Slicer Multifunctional Eco-Friendly Compact Kitchen Tool with Stainless Steel Blades Perfect for Efficient Chopping Shredding Slicing Fruits and Vegetables,19.35,4.75,8.0,https://www.banggood.com/14-in-1-Vegetable-Slicer-Multifunctional-Eco-Friendly-Compact-Kitchen-Tool-with-Stainless-Steel-Blades-Perfect-for-Efficient-Chopping-Shredding-Slicing-Fruits-and-Vegetables-p-2011791.html?cur_warehouse=CN&rmmds=CategoryHomeGardenPop&trace_id=46fb1763868525799,5461.54,Mid-range
4-in-1 Handheld Electric Vegetable Cutter and Meat Mincer Quick and Convenient Kitchen with Direct-to-Pot Feature and Easy Clean Design USB Rechargeable 40W Motor Power,15.48,4.0,2.0,https://www.banggood.com/4-in-1-Handheld-Electric-Vegetable-Cutter-and-Meat-Mincer-Quick-and-Convenient-Kitchen-with-Direct-to-Pot-Feature-and-Easy-Clean-Design-USB-Rechargeable-40W-Motor-Power-p-2014189.html?cur_warehouse=CN&rmmds=CategoryHomeGardenPop&trace_id=46fb1763868525799,4369.23,Mid-range
4-in-1 Knife Scissors Sharpener Knife Sharpener Fast Knife Dual-Purpose Ceramic Knife Sharpening Rod Multi-Function Kitchen Knife Hand-Held Whetstone,10.06,4.823279220779221,0.0,https://www.banggood.com/4-in-1-Knife-Scissors-Sharpener-Knife-Sharpener-Fast-Knife-Dual-Purpose-Ceramic-Knife-Sharpening-Rod-Multi-Function-Kitchen-Knife-Hand-Held-Whetstone-p-2021207.html?cur_warehouse=CN&ID=6287837&rmmds=CategoryHomeGardenPop&trace_id=46fb1763868525799,2839.44,Budget
Classic Manual Salt Mill Wooden Pepper Grinder Set Salt Grinder Refillable Pepper Mill Pepper Grinder for Kitchen,10.83,4.823279220779221,0.0,https://www.banggood.com/Classic-Manual-Salt-Mill-Wooden-Pepper-Grinder-Set-Salt-Grinder-Refillable-Pepper-Mill-Pepper-Grinder-for-Kitchen-p-2019051.html?cur_warehouse=CN&ID=6297081&rmmds=CategoryHomeGardenPop&trace_id=46fb1763868525799,3056.77,Mid-range
Multifunctional Ultrasonic Vegetable Cleaning Machine Household Food Removal Pesticide Residue Cleaning Machine Kitchen Fruit Dirt Cleaning Cleaning Basket,24.77,4.823279220779221,0.0,https://www.banggood.com/Multifunctional-Ultrasonic-Vegetable-Cleaning-Machine-Household-Food-Removal-Pesticide-Residue-Cleaning-Machine-Kitchen-Fruit-Dirt-Cleaning-Cleaning-Basket-p-2026345.html?cur_warehouse=CN&ID=6287845&rmmds=CategoryHomeGardenPop&trace_id=46fb1763868525799,6991.33,Premium
Electronic Kitchen Scale 500g 0.1g LCD Digital Measuring Food Flour Digital Spoon Scale Mini Kitchen Tool for Milk Coffee Scale,9.28,5.0,5.0,https://www.banggood.com/Electronic-Kitchen-Scale-500g-0_1g-LCD-Digital-Measuring-Food-Flour-Digital-Spoon-Scale-Mini-Kitchen-Tool-for-Milk-Coffee-Scale-p-2011117.html?cur_warehouse=CN&ID=233&rmmds=CategoryHomeGardenPop&trace_id=46fb1763868525799,2619.28,Budget
300kg Portable Handheld Scale Crane Scale Electronic Crane Scale LCD Digital Weighing Tool Industrial Heavy Duty Weight Stainless Steel Hook Scale Hanging Scale,25.54,4.823279220779221,0.0,https://www.banggood.com/300kg-Portable-Handheld-Scale-Crane-Scale-Electronic-Crane-Scale-LCD-Digital-Weighing-Tool-Industrial-Heavy-Duty-Weight-Stainless-Steel-Hook-Scale-Hanging-Scale-p-2017287.html?cur_warehouse=CN&rmmds=CategoryHomeGardenPop&trace_id=46fb1763868525799,7208.66,Premium
Electric Pepper Mill Sets Herb Coffee Grinder with LED Light Automatic Gravity Induction Salt Shaker Grinders Machine Spice Mill Tool,15.48,5.0,1.0,https://www.banggood.com/Electric-Pepper-Mill-Sets-Herb-Coffee-Grinder-with-LED-Light-Automatic-Gravity-Induction-Salt-Shaker-Grinders-Machine-Spice-Mill-Tool-p-2017289.html?cur_warehouse=CN&ID=6301877&rmmds=CategoryHomeGardenPop&trace_id=46fb1763868525799,4369.23,Mid-range
1 Set 3-in-1 Rotating Vegetable Cutter with Crank Handle Manual Garlic Shredder Multifunction Vegetable Slicer Kitchen Accessories Vegetable Grater Chopper Round Cutter,18.57,4.823279220779221,0.0,https://www.banggood.com/1-Set-3-in-1-Rotating-Vegetable-Cutter-with-Crank-Handle-Manual-Garlic-Shredder-Multifunction-Vegetable-Slicer-Kitchen-Accessories-Vegetable-Grater-Chopper-Round-Cutter-p-2017982.html?cur_warehouse=CN&rmmds=CategoryHomeGardenPop&trace_id=46fb1763868525799,5241.38,Mid-range
Home Kitchen Electric Milling Machine Multipurpose Electric Coffee Bean Grinding Tool Stainless Steel Milling Machine for Seeds Spices Herbs Nuts Coffee Grinder,15.48,4.0,4.0,https://www.banggood.com/Home-Kitchen-Electric-Milling-Machine-Multipurpose-Electric-Coffee-Bean-Grinding-Tool-Stainless-Steel-Milling-Machine-for-Seeds-Spices-Herbs-Nuts-Coffee-Grinder-p-2028257.html?cur_warehouse=CN&ID=6294522&rmmds=CategoryHomeGardenPop&trace_id=46fb1763868525799,4369.23,Mid-range
Manual Wooden Peppercorn Black Pepper Grinder Pepper Grinder Kitchen Manual Solid Wood Pepper Mill Household Sea Salt Pepper Grinding Bottle,14.7,4.823279220779221,0.0,https://www.banggood.com/Manual-Wooden-Peppercorn-Black-Pepper-Grinder-Pepper-Grinder-Kitchen-Manual-Solid-Wood-Pepper-Mill-Household-Sea-Salt-Pepper-Grinding-Bottle-p-2024780.html?cur_warehouse=CN&ID=6301877&rmmds=CategoryHomeGardenPop&trace_id=46fb1763868525799,4149.08,Mid-range
Baseus Magnetic Digital Kitchen Timer Countdown Timer for Kids Large LCD Display Volume Adjustable,15.48,5.0,4.0,https://www.banggood.com/Baseus-Magnetic-Digital-Kitchen-Timer-Countdown-Timer-for-Kids-Large-LCD-Display-Volume-Adjustable-p-1997488.html?cur_warehouse=CN&rmmds=CategoryHomeGardenPop&trace_id=46fb1763868525799,4369.23,Mid-range
Household Refrigerator Deodorizing Sterilizing Air Purifier 18650mAh 3 Mode Adjustment Intelligent Ozone Deodorizer Fresh-Keeping Sterilization Deodorizer,12.38,5.0,1.0,https://www.banggood.com/Household-Refrigerator-Deodorizing-Sterilizing-Air-Purifier-18650mAh-3-Mode-Adjustment-Intelligent-Ozone-Deodorizer-Fresh-Keeping-Sterilization-Deodorizer-p-2035640.html?cur_warehouse=CN&ID=6287848&rmmds=CategoryHomeGardenPop&trace_id=46fb1763868525799,3494.26,Mid-range
6 / 10PCS Stainless Steel Popsicle Mold Rack Ice Lolly Mold Frozen Lolly Popsicle Maker Homemade Ice Cream Mold with Popsicle Holder,28.64,4.823279220779221,0.0,https://www.banggood.com/6-or-10PCS-Stainless-Steel-Popsicle-Mold-Rack-Ice-Lolly-Mold-Frozen-Lolly-Popsicle-Maker-Homemade-Ice-Cream-Mold-with-Popsicle-Holder-p-2035938.html?cur_warehouse=CN&ID=6294738&rmmds=CategoryHomeGardenPop&trace_id=46fb1763868525799,8083.64,Premium
Reusable Whiskey 6 Ice Stones Set Whiskey Stones 2 Whisky Glasses Set Granite Ice Cube Stainless Steel Clips with Fleece Bag Wooden Gift Best Gift for Men,26.31,5.0,1.0,https://www.banggood.com/Reusable-Whiskey-6-Ice-Stones-Set-Whiskey-Stones-2-Whisky-Glasses-Set-Granite-Ice-Cube-Stainless-Steel-Clips-with-Fleece-Bag-Wooden-Gift-Best-Gift-for-Men-p-2035939.html?cur_warehouse=CN&ID=514178&rmmds=CategoryHomeGardenPop&trace_id=46fb1763868525799,7426.0,Premium
48 Holes Silicone Dinosaur Mold Non Stick Easy Release Candy Chocolate Gummy Baking Molds,5.41,4.823279220779221,0.0,https://www.banggood.com/48-Holes-Silicone-Dinosaur-Mold-Non-Stick-Easy-Release-Candy-Chocolate-Gummy-Baking-Molds-p-2036352.html?cur_warehouse=CN&ID=6287832&rmmds=CategoryHomeGardenPop&trace_id=46fb1763868525799,1526.97,Budget
Smart Toothbrush Sterilizer Electric Ultraviolet Sterilization Box Heat Drying Wall-Mounted Bathroom Double Toothbrush Storage Rack,16.25,5.0,1.0,https://www.banggood.com/Smart-Toothbrush-Sterilizer-Electric-Ultraviolet-Sterilization-Box-Heat-Drying-Wall-Mounted-Bathroom-Double-Toothbrush-Storage-Rack-p-2027139.html?cur_warehouse=CN&ID=6287845&rmmds=CategoryHomeGardenPop&trace_id=f9601763868547684,4586.56,Mid-range
High Pressure Bathroom Handheld Shower Sprayer Faucet  Shower Head with LED Water Temperature Display,13.15,5.0,1.0,https://www.banggood.com/High-Pressure-Bathroom-Handheld-Shower-Sprayer-Faucet-Shower-Head-with-LED-Water-Temperature-Display-p-1984333.html?cur_warehouse=CN&rmmds=CategoryHomeGardenPop&trace_id=f9601763868547684,3711.59,Mid-range
Mini Portable Toothbrush Disinfection Case UV Toothbrush Head Disinfection Box Drying Box Sterilizer USB Rechargeable Laptop Toothbrush Holder No Drilling,10.06,4.67,3.0,https://www.banggood.com/Mini-Portable-Toothbrush-Disinfection-Case-UV-Toothbrush-Head-Disinfection-Box-Drying-Box-Sterilizer-USB-Rechargeable-Laptop-Toothbrush-Holder-No-Drilling-p-2028165.html?cur_warehouse=CN&ID=6287983&rmmds=CategoryHomeGardenPop&trace_id=f9601763868547684,2839.44,Budget
Xiaomi Mijia T100 Sonic Electric Toothbrush Rechargeable IPX7 Waterproof 16500 rpm High Frequency Vibration 30 Days Endurance Lightweight Travel Ready Blue White Pink,14.7,4.85,26.0,https://www.banggood.com/Xiaomi-Mijia-T100-Sonic-Electric-Toothbrush-Rechargeable-IPX7-Waterproof-16500-rpm-High-Frequency-Vibration-30-Days-Endurance-Lightweight-Travel-Ready-Blue-White-Pink-p-2015205.html?cur_warehouse=CN&ID=6287840&rmmds=CategoryHomeGardenPop&trace_id=f9601763868547684,4149.08,Mid-range
Xiaomi Mijia T200/T200C Sonic Electric Toothbrush IPX7 Waterproof 31000 Vibrations per Minute with Dual Cleaning Modes Long Battery Life and Portable Features for Smart Oral Hygiene with Type-C Charging,20.12,5.0,5.0,https://www.banggood.com/Xiaomi-Mijia-T200-or-T200C-Sonic-Electric-Toothbrush-IPX7-Waterproof-31000-Vibrations-per-Minute-with-Dual-Cleaning-Modes-Long-Battery-Life-and-Portable-Features-for-Smart-Oral-Hygiene-with-Type-C-Charging-p-2015204.html?cur_warehouse=CN&ID=6287832&rmmds=CategoryHomeGardenPop&trace_id=f9601763868547684,5678.87,Premium
Intelligent Sensor Toothbrush Sanitizer Case UV Smart Toothbrush Sterilizer Toothbrush Holder With Intelligent Power Display Wall-Mounted Toothbrush Storage Rack Disinfection Toothbrush Storage Rack,23.22,4.823279220779221,0.0,https://www.banggood.com/Intelligent-Sensor-Toothbrush-Sanitizer-Case-UV-Smart-Toothbrush-Sterilizer-Toothbrush-Holder-With-Intelligent-Power-Display-Wall-Mounted-Toothbrush-Storage-Rack-Disinfection-Toothbrush-Storage-Rack-p-2019377.html?cur_warehouse=CN&rmmds=CategoryHomeGardenPop&trace_id=f9601763868547684,6553.84,Premium
"Xiaomi Mijia T302 Sonic Electric Toothbrush with DuPont Antibacterial Bristles Four Cleaning Modes 150 Days Battery Life 360° Wireless Charging, and IPX8 Waterproof for Comprehensive Oral Hygiene Care",37.15,4.823279220779221,0.0,"https://www.banggood.com/Xiaomi-Mijia-T302-Sonic-Electric-Toothbrush-with-DuPont-Antibacterial-Bristles-Four-Cleaning-Modes-150-Days-Battery-Life-360-Wireless-Charging,and-IPX8-Waterproof-for-Comprehensive-Oral-Hygiene-Care-p-2015202.html?cur_warehouse=CN&ID=6287851&rmmds=CategoryHomeGardenPop&trace_id=f9601763868547684",10485.59,Premium
Bathroom Handheld Shower Sprayer Faucet Shower Head High Pressure w/ LED Water Temperature Display,13.15,5.0,2.0,https://www.banggood.com/Bathroom-Handheld-Shower-Sprayer-Faucet-Shower-Head-High-Pressure-w-or-LED-Water-Temperature-Display-p-1984337.html?cur_warehouse=CN&rmmds=CategoryHomeGardenPop&trace_id=f9601763868547684,3711.59,Mid-range
Shower Head High Pressure Digital Display Four Modes Handheld Bathroom Shower Accessory Water Saving Pressurized Adjustable Spray LED Temperature Display,17.02,5.0,2.0,https://www.banggood.com/Shower-Head-High-Pressure-Digital-Display-Four-Modes-Handheld-Bathroom-Shower-Accessory-Water-Saving-Pressurized-Adjustable-Spray-LED-Temperature-Display-p-2038497.html?cur_warehouse=CN&ID=6287830&rmmds=CategoryHomeGardenPop&trace_id=f9601763868547684,4803.89,Mid-range
Bakeey LED Light LCD Display Third Gear Water Flow Self Illumination Temperature Control Shower Head For Smart Home,23.22,4.97,40.0,https://www.banggood.com/Bakeey-LED-Light-LCD-Display-Third-Gear-Water-Flow-Self-Illumination-Temperature-Control-Shower-Head-For-Smart-Home-p-1606841.html?cur_warehouse=CN&rmmds=CategoryHomeGardenPop&trace_id=f9601763868547684,6553.84,Premium
3500W 220V Mini Water Heater Hot Electric Tankless Household Bathroom Faucet with Shower Head LCD Temperature Display,41.8,4.61,41.0,https://www.banggood.com/3500W-220V-Mini-Water-Heater-Hot-Electric-Tankless-Household-Bathroom-Faucet-with-Shower-Head-LCD-Temperature-Display-p-1798528.html?cur_warehouse=CN&rmmds=CategoryHomeGardenPop&trace_id=f9601763868547684,11798.05,Premium
Smart Toothbrush Sterilizer UV Light Toothbrush Holder Toothpaste Squeezer Dispenser Wall Mounted UV Sterilization Drying Toothbrush Storage Rack,25.54,4.67,3.0,https://www.banggood.com/Smart-Toothbrush-Sterilizer-UV-Light-Toothbrush-Holder-Toothpaste-Squeezer-Dispenser-Wall-Mounted-UV-Sterilization-Drying-Toothbrush-Storage-Rack-p-2029157.html?cur_warehouse=CN&ID=6287848&rmmds=CategoryHomeGardenPop&trace_id=f9601763868547684,7208.66,Premium
Outdoor Solar Heated Shower Bag 20L  Solar Shower Bag with Removable Hose Outdoor Shower Head 45°C Hot Water Temperature Camping Premium,17.02,4.823279220779221,0.0,https://www.banggood.com/Outdoor-Solar-Heated-Shower-Bag-20L-Solar-Shower-Bag-with-Removable-Hose-Outdoor-Shower-Head-45C-Hot-Water-Temperature-Camping-Premium-p-2017696.html?cur_warehouse=CN&rmmds=CategoryHomeGardenPop&trace_id=f9601763868547684,4803.89,Mid-range
High Pressure  8 Modes Boosted Shower Head Portable Rainfall Hoses Bathroom Bracket Bathroom Sets,11.6,4.57,7.0,https://www.banggood.com/High-Pressure-8-Modes-Boosted-Shower-Head-Portable-Rainfall-Hoses-Bathroom-Bracket-Bathroom-Sets-p-2018302.html?cur_warehouse=CN&rmmds=CategoryHomeGardenPop&trace_id=f9601763868547684,3274.1,Mid-range
3 Mode Adjustable Shower Head Rainfall Shower Large Flow Showerhead High Pressure Water Saving Shower Mixer Bathroom,11.6,4.823279220779221,0.0,https://www.banggood.com/3-Mode-Adjustable-Shower-Head-Rainfall-Shower-Large-Flow-Showerhead-High-Pressure-Water-Saving-Shower-Mixer-Bathroom-p-2018376.html?cur_warehouse=CN&rmmds=CategoryHomeGardenPop&trace_id=f9601763868547684,3274.1,Mid-range
Xiaomi Mijia T700 Sonic Electric Toothbrush with Smart LED Screen Wireless Fast Charging High-Quality DuPont Bristles IPX7 Waterproof App Support for Modern Oral Care Experience,60.38,5.0,1.0,https://www.banggood.com/Xiaomi-Mijia-T700-Sonic-Electric-Toothbrush-with-Smart-LED-Screen-Wireless-Fast-Charging-High-Quality-DuPont-Bristles-IPX7-Waterproof-App-Support-for-Modern-Oral-Care-Experience-p-2015203.html?cur_warehouse=CN&rmmds=CategoryHomeGardenPop&trace_id=f9601763868547684,17042.26,Premium
MROSAA 4500W Tankless Instant Electric Water Heater HD Touch Screen Shower System for Bathroom and Kitchen,43.35,4.29,7.0,https://www.banggood.com/MROSAA-4500W-Tankless-Instant-Electric-Water-Heater-HD-Touch-Screen-Shower-System-for-Bathroom-and-Kitchen-p-2001729.html?cur_warehouse=CN&rmmds=CategoryHomeGardenPop&trace_id=f9601763868547684,12235.54,Premium
VONATES High-Pressure Shower Head One-Key Stop Adjustable Spray 3-Mode With Massage Brush Filter Rain Shower Faucet Bathroom Accessories,14.7,4.5,18.0,https://www.banggood.com/VONATES-High-Pressure-Shower-Head-One-Key-Stop-Adjustable-Spray-3-Mode-With-Massage-Brush-Filter-Rain-Shower-Faucet-Bathroom-Accessories-p-2002865.html?cur_warehouse=CN&rmmds=CategoryHomeGardenPop&trace_id=f9601763868547684,4149.08,Mid-range
Bathroom Wall-mount Brass Thermostatic Shower Valve Bath Mixer Shower Control Valve Bottom Faucet 3/4,36.39,4.91,96.0,https://www.banggood.com/Bathroom-Wall-mount-Brass-Thermostatic-Shower-Valve-Bath-Mixer-Shower-Control-Valve-Bottom-Faucet-3-or-4-inch-Thread-Connector-p-925929.html?cur_warehouse=CN&rmmds=CategoryHomeGardenPop&trace_id=f9601763868547684,10271.08,Premium
One Button Water Stop Pressurized Shower Shower Nozzle Household Hand Held Shower Rain Shower Nozzle Shower,12.38,4.75,4.0,https://www.banggood.com/One-Button-Water-Stop-Pressurized-Shower-Shower-Nozzle-Household-Hand-Held-Shower-Rain-Shower-Nozzle-Shower-p-1720984.html?cur_warehouse=CN&ID=6292051&rmmds=CategoryHomeGardenPop&trace_id=f9601763868547684,3494.26,Mid-range
5M Curtains Track Rail Flexible Ceiling Mounted For Straight Slide Window Balcony,43.35,4.78,9.0,https://www.banggood.com/5M-Curtains-Track-Rail-Flexible-Ceiling-Mounted-For-Straight-Slide-Window-Balcony-p-1349665.html?cur_warehouse=CN&ID=41527&rmmds=CategoryHomeGardenPop&trace_id=f9601763868547684,12235.54,Premium
5-in-1 Rainfall Handheld Shower Head Combo 3 Level Adjustable Dual Square Hose,37.15,5.0,2.0,https://www.banggood.com/5-in-1-Rainfall-Handheld-Shower-Head-Combo-3-Level-Adjustable-Dual-Square-Hose-p-1825049.html?cur_warehouse=CN&rmmds=CategoryHomeGardenPop&trace_id=f9601763868547684,10485.59,Premium
4800mAh Portable Outdoor Camping Electric Shower IPX7 Waterproof with Digital Display Electric Shower Pump for Hiking Travel Beach Pet Watering,29.41,5.0,2.0,https://www.banggood.com/4800mAh-Portable-Outdoor-Camping-Electric-Shower-IPX7-Waterproof-with-Digital-Display-Electric-Shower-Pump-for-Hiking-Travel-Beach-Pet-Watering-p-2016529.html?cur_warehouse=CN&ID=6292509&rmmds=CategoryHomeGardenPop&trace_id=f9601763868547684,8300.97,Premium
Boosted Pressure Shower Head with Filter Shower No-drill Base 1.5m Hose Pressurized Shower Pressurized Handheld Filter Large Water Outlet Shower Head,15.48,3.67,3.0,https://www.banggood.com/Boosted-Pressure-Shower-Head-with-Filter-Shower-No-drill-Base-1_5m-Hose-Pressurized-Shower-Pressurized-Handheld-Filter-Large-Water-Outlet-Shower-Head-p-2020088.html?cur_warehouse=CN&ID=6287853&rmmds=CategoryHomeGardenPop&trace_id=f9601763868547684,4369.23,Mid-range
Automatic UV Sanitizer Toothbrush Holder Contact-Free Toothpaste Dispenser Wall-Mounted No-Drill Rack Smart Sterilizatio,20.89,5.0,1.0,https://www.banggood.com/Automatic-UV-Sanitizer-Toothbrush-Holder-Contact-Free-Toothpaste-Dispenser-Wall-Mounted-No-Drill-Rack-Smart-Sterilizatio-p-2029156.html?cur_warehouse=CN&ID=6287830&rmmds=CategoryHomeGardenPop&trace_id=f9601763868547684,5896.2,Premium
Extra Large 125cm Automatic Umbrella 10 Ribs Water Resistant 50+ UV Protection With Carabiner Handle Anti-slip Handle Protective Sleeve Fold Umbrella,20.12,4.88,34.0,https://www.banggood.com/Extra-Large-125cm-Automatic-Umbrella-10-Ribs-Water-Resistant-50+-UV-Protection-With-Carabiner-Handle-Anti-slip-Handle-Protective-Sleeve-Fold-Umbrella-p-2015522.html?cur_warehouse=CN&ID=6287832&rmmds=CategoryHomeGardenPop&trace_id=75fc1763868569203,5678.87,Premium
AGSIVO 21 Inch Mini Travel Sun & Rain 8 Ribs Umbrella UPF 50+ UV Protection Light Folding Compact Pocket Umbrella For Men / Women / Kids / Girls / Boys,13.93,4.82,51.0,https://www.banggood.com/AGSIVO-21-Inch-Mini-Travel-Sun-and-Rain-8-Ribs-Umbrella-UPF-50+-UV-Protection-Light-Folding-Compact-Pocket-Umbrella-For-Men-or-Women-or-Kids-or-Girls-or-Boys-p-1992507.html?cur_warehouse=CN&ID=6287839&rmmds=CategoryHomeGardenPop&trace_id=75fc1763868569203,3931.74,Mid-range
Automatic Folding Reverse Sun Umbrella Upgraded Windproof Design with Reflective Strip LED Light Convenient Handle Rainproof,26.31,4.823279220779221,0.0,https://www.banggood.com/Automatic-Folding-Reverse-Sun-Umbrella-Upgraded-Windproof-Design-with-Reflective-Strip-LED-Light-Convenient-Handle-Rainproof-p-2035954.html?cur_warehouse=CN&ID=6297589&rmmds=CategoryHomeGardenPop&trace_id=75fc1763868569203,7426.0,Premium
Fully Automatic Double Layer Umbrella Wind-Resistant Design Enhanced Durability with Metal and Fiber Medium Size Water Resistant Available in Multiple Colors,13.15,3.67,3.0,https://www.banggood.com/Fully-Automatic-Double-Layer-Umbrella-Wind-Resistant-Design-Enhanced-Durability-with-Metal-and-Fiber-Medium-Size-Water-Resistant-Available-in-Multiple-Colors-p-2012774.html?cur_warehouse=CN&ID=6287830&rmmds=CategoryHomeGardenPop&trace_id=75fc1763868569203,3711.59,Mid-range
AGSIVO LED Light Travel Automatic Folding Reverse Umbrella 10 Ribs Reinforced Windproof UPF 50+ UV Protection Auto Open Close For Men and Women,16.25,4.9,10.0,https://www.banggood.com/AGSIVO-LED-Light-Travel-Automatic-Folding-Reverse-Umbrella-10-Ribs-Reinforced-Windproof-UPF-50+-UV-Protection-Auto-Open-Close-For-Men-and-Women-p-1995786.html?cur_warehouse=CN&ID=6287830&rmmds=CategoryHomeGardenPop&trace_id=75fc1763868569203,4586.56,Mid-range
10 Ribs Fully Automatic Handle Umbrella 106cm Detachable Handle Reverse Opening UV Umbrella with Windproof Reflective Stripe Reverse Fold Umbrella Carabiner Travel,18.57,5.0,6.0,https://www.banggood.com/10-Ribs-Fully-Automatic-Handle-Umbrella-106cm-Detachable-Handle-Reverse-Opening-UV-Umbrella-with-Windproof-Reflective-Stripe-Reverse-Fold-Umbrella-Carabiner-Travel-p-2015794.html?cur_warehouse=CN&ID=6287848&rmmds=CategoryHomeGardenPop&trace_id=75fc1763868569203,5241.38,Mid-range
AGSIVO Travel Automatic Folding Umbrella 12 Ribs Reinforced Windproof UPF 50+ UV Protection Auto Open Close For Men and Women,9.28,4.85,94.0,https://www.banggood.com/AGSIVO-Travel-Automatic-Folding-Umbrella-12-Ribs-Reinforced-Windproof-UPF-50+-UV-Protection-Auto-Open-Close-For-Men-and-Women-p-1993764.html?cur_warehouse=CN&ID=6287832&rmmds=CategoryHomeGardenPop&trace_id=75fc1763868569203,2619.28,Budget
Fully Automatic Umbrella Safety Anti-Rebound Reverse Folding Umbrella Sunny Rainy Dual-Use Sunshade Umbrella,24.77,4.823279220779221,0.0,https://www.banggood.com/Fully-Automatic-Umbrella-Safety-Anti-Rebound-Reverse-Folding-Umbrella-Sunny-Rainy-Dual-Use-Sunshade-Umbrella-p-2035717.html?cur_warehouse=CN&ID=6287832&rmmds=CategoryHomeGardenPop&trace_id=75fc1763868569203,6991.33,Premium
Fully Automatic Folding Umbrella with Fan USB Charge Cool Ultra-light Parasol Black Coating UPF50+ Sun-resistant Umbrellas,27.86,4.823279220779221,0.0,https://www.banggood.com/Fully-Automatic-Folding-Umbrella-with-Fan-USB-Charge-Cool-Ultra-light-Parasol-Black-Coating-UPF50+-Sun-resistant-Umbrellas-p-2035920.html?cur_warehouse=CN&ID=6287837&rmmds=CategoryHomeGardenPop&trace_id=75fc1763868569203,7863.48,Premium
16-Bone Double Fully Automatic Rain Umbrella Keel Wooden Handle Sun Protection Umbrellas Large Folding Business Umbrella For Sunny Rainy Days,19.35,4.5,4.0,https://www.banggood.com/16-Bone-Double-Fully-Automatic-Rain-Umbrella-Keel-Wooden-Handle-Sun-Protection-Umbrellas-Large-Folding-Business-Umbrella-For-Sunny-Rainy-Days-p-2015799.html?cur_warehouse=CN&ID=6287830&rmmds=CategoryHomeGardenPop&trace_id=75fc1763868569203,5461.54,Mid-range
Automatic 10-Rib Wooden Curved Handle Automatic Umbrella 10K Automatic Folding Umbrella Rain Wind Resistant Umbrella Men Women UV Sun Protection Wooden Handle Umbrella,23.22,5.0,2.0,https://www.banggood.com/Automatic-10-Rib-Wooden-Curved-Handle-Automatic-Umbrella-10K-Automatic-Folding-Umbrella-Rain-Wind-Resistant-Umbrella-Men-Women-UV-Sun-Protection-Wooden-Handle-Umbrella-p-2017529.html?cur_warehouse=CN&ID=6287830&rmmds=CategoryHomeGardenPop&trace_id=75fc1763868569203,6553.84,Premium
AGSIVO Travel Automatic Folding Umbrella Sun and Rain 10 Ribs Reinforced Windproof UPF 50+ UV Protection Auto Open Close For Men and Women,15.48,4.56,9.0,https://www.banggood.com/AGSIVO-Travel-Automatic-Folding-Umbrella-Sun-and-Rain-10-Ribs-Reinforced-Windproof-UPF-50+-UV-Protection-Auto-Open-Close-For-Men-and-Women-p-1993785.html?cur_warehouse=CN&ID=6287840&rmmds=CategoryHomeGardenPop&trace_id=75fc1763868569203,4369.23,Mid-range
8-Rib Travel Umbrella Windproof Automatic Open and Close Multicolor Portable Rain Sun Protection for All Weather Conditions,13.93,5.0,3.0,https://www.banggood.com/8-Rib-Travel-Umbrella-Windproof-Automatic-Open-and-Close-Multicolor-Portable-Rain-Sun-Protection-for-All-Weather-Conditions-p-2013350.html?cur_warehouse=CN&ID=6287845&rmmds=CategoryHomeGardenPop&trace_id=75fc1763868569203,3931.74,Mid-range
Automatic 8-Rib Sun Protection Umbrella Fully Automatic Pocket Umbrella Cute Mini Black Coated Five Fold Sun Umbrella Mini Portable Pocket Umbrella,15.48,4.823279220779221,0.0,https://www.banggood.com/Automatic-8-Rib-Sun-Protection-Umbrella-Fully-Automatic-Pocket-Umbrella-Cute-Mini-Black-Coated-Five-Fold-Sun-Umbrella-Mini-Portable-Pocket-Umbrella-p-2016941.html?cur_warehouse=CN&ID=6289607&rmmds=CategoryHomeGardenPop&trace_id=75fc1763868569203,4369.23,Mid-range
Toilet Bidet Attachment Ultra-Slim Toilet Seat Double Nozzle Spiral Adjustable Water Pressure Non-Electric Ass Sprayer With Hose,38.7,4.823279220779221,0.0,https://www.banggood.com/Toilet-Bidet-Attachment-Ultra-Slim-Toilet-Seat-Double-Nozzle-Spiral-Adjustable-Water-Pressure-Non-Electric-Ass-Sprayer-With-Hose-p-2007025.html?cur_warehouse=CN&ID=6311465&rmmds=CategoryHomeGardenPop&trace_id=52ee1763868589066,10923.08,Premium
Handheld Bidet Sprayer Set Stainless 304 Steel Spray Gun Shower Handheld Toilet Bidet Faucet Sprayer Shower Nozzle Self-cleaning,24.77,5.0,3.0,https://www.banggood.com/Handheld-Bidet-Sprayer-Set-Stainless-304-Steel-Spray-Gun-Shower-Handheld-Toilet-Bidet-Faucet-Sprayer-Shower-Nozzle-Self-cleaning-p-2006073.html?cur_warehouse=CN&rmmds=CategoryHomeGardenPop&trace_id=52ee1763868589066,6991.33,Premium
Toilet High Pressure Bidet Spray Gun Water Jet Handheld Bidet Sprayer Toilet Cleaning Hygienic Shower for Bathroom Accessories,13.93,5.0,1.0,https://www.banggood.com/Toilet-High-Pressure-Bidet-Spray-Gun-Water-Jet-Handheld-Bidet-Sprayer-Toilet-Cleaning-Hygienic-Shower-for-Bathroom-Accessories-p-2007334.html?cur_warehouse=CN&rmmds=CategoryHomeGardenPop&trace_id=52ee1763868589066,3931.74,Mid-range
Stainless Steel Toilet Spray Gun Set with Adjustable Modes Spring-Loaded Hose and 360° Support Bathroom Bidet Sprayer for Hygiene Cleaning for Shower Diapers,20.12,4.823279220779221,0.0,https://www.banggood.com/Stainless-Steel-Toilet-Spray-Gun-Set-with-Adjustable-Modes-Spring-Loaded-Hose-and-360-Support-Bathroom-Bidet-Sprayer-for-Hygiene-Cleaning-for-Shower-Diapers-p-2013016.html?cur_warehouse=CN&ID=6292509&rmmds=CategoryHomeGardenPop&trace_id=52ee1763868589066,5678.87,Premium
BVSOIVIA Handheld Toilet Bidet Sprayer Set Kit Stainless Steel Hand Bidet faucet Bathroom Hand Sprayer Shower Head,23.22,5.0,2.0,https://www.banggood.com/BVSOIVIA-Handheld-Toilet-Bidet-Sprayer-Set-Kit-Stainless-Steel-Hand-Bidet-faucet-Bathroom-Hand-Sprayer-Shower-Head-p-2001842.html?cur_warehouse=CN&rmmds=CategoryHomeGardenPop&trace_id=52ee1763868589066,6553.84,Premium
High Pressure Dual Control Valve Hygienic Shower Toilet Bidet Spray Gun Set Dual Outlet Mini Angle Valve Handheld Bidet Sprayer Toilet Cleaning for Bathroom Accessories,24.77,4.83,6.0,https://www.banggood.com/High-Pressure-Dual-Control-Valve-Hygienic-Shower-Toilet-Bidet-Spray-Gun-Set-Dual-Outlet-Mini-Angle-Valve-Handheld-Bidet-Sprayer-Toilet-Cleaning-for-Bathroom-Accessories-p-2007273.html?cur_warehouse=CN&rmmds=CategoryHomeGardenPop&trace_id=52ee1763868589066,6991.33,Premium
Toilet Bidet Sprayer Faucet Set Flushing Spray Gun Toilet Magnetic Bidet Sprayer High Pressure Water Gun Household Bathroom Bidet Shower,18.57,5.0,1.0,https://www.banggood.com/Toilet-Bidet-Sprayer-Faucet-Set-Flushing-Spray-Gun-Toilet-Magnetic-Bidet-Sprayer-High-Pressure-Water-Gun-Household-Bathroom-Bidet-Shower-p-2020094.html?cur_warehouse=CN&ID=6287830&rmmds=CategoryHomeGardenPop&trace_id=52ee1763868589066,5241.38,Mid-range
Ultra-Slim Seat Attachment Adjustable Water Pressure Butt Bidet Toilet With Mobile Phone Storage Rack Double Nozzle Spiral Ass Sprayer,23.22,4.823279220779221,0.0,https://www.banggood.com/Ultra-Slim-Seat-Attachment-Adjustable-Water-Pressure-Butt-Bidet-Toilet-With-Mobile-Phone-Storage-Rack-Double-Nozzle-Spiral-Ass-Sprayer-p-2007333.html?cur_warehouse=CN&ID=6311466&rmmds=CategoryHomeGardenPop&trace_id=52ee1763868589066,6553.84,Premium
Black Bidet Spray Stainless Steel Toilet Hand Shower Head Intimate Hygiene Wall Seat Bathroom Set,15.48,5.0,5.0,https://www.banggood.com/Black-Bidet-Spray-Stainless-Steel-Toilet-Hand-Shower-Head-Intimate-Hygiene-Wall-Seat-Bathroom-Set-p-1985299.html?cur_warehouse=CN&rmmds=CategoryHomeGardenPop&trace_id=52ee1763868589066,4369.23,Mid-range
ABS Hand Held Bidet Faucets Spray Toilet Attachment Diaper Sprayer Hose Holder Bathroom,9.28,4.67,3.0,https://www.banggood.com/ABS-Hand-Held-Bidet-Faucets-Spray-Toilet-Attachment-Diaper-Sprayer-Hose-Holder-Bathroom-p-1660807.html?cur_warehouse=CN&ID=512915&rmmds=CategoryHomeGardenPop&trace_id=52ee1763868589066,2619.28,Budget
6 in 1 Digital Soil Tester PH Meter Fertility Soil Moisture Sunlight Ambient Humidity Temperature Monitor Detector Garden Soil Analyzer,10.83,4.88,42.0,https://www.banggood.com/6-in-1-Digital-Soil-Tester-PH-Meter-Fertility-Soil-Moisture-Sunlight-Ambient-Humidity-Temperature-Monitor-Detector-Garden-Soil-Analyzer-p-2027889.html?cur_warehouse=CN&ID=6287830&rmmds=CategoryHomeGardenPop&trace_id=f2f51763868608078,3056.77,Mid-range
GOTGELIF 29M 153PCS Drip Irrigation Kit Automatic Sprinkler DIY Garden Watering Micro Drip Irrigation System Hose Kits,28.64,4.95,154.0,https://www.banggood.com/GOTGELIF-29M-153PCS-Drip-Irrigation-Kit-Automatic-Sprinkler-DIY-Garden-Watering-Micro-Drip-Irrigation-System-Hose-Kits-p-1885680.html?cur_warehouse=CN&rmmds=CategoryHomeGardenPop&trace_id=f2f51763868608078,8083.64,Premium
164ft 200PCS 50m Automatic Watering Irrigation Kit DIY Outdoor Garden Drip irrigation Sprinkler Flowering System,33.28,5.0,17.0,https://www.banggood.com/164ft-200PCS-50m-Automatic-Watering-Irrigation-Kit-DIY-Outdoor-Garden-Drip-irrigation-Sprinkler-Flowering-System-p-1981393.html?cur_warehouse=CN&rmmds=CategoryHomeGardenPop&trace_id=f2f51763868608078,9393.28,Premium
Sprinkler Irrigation Watering Drip Timer Intelligent Flower Garden Cultivation Automatic Lazy Man Water Drip Pot Plant Spraying,22.44,4.72,43.0,https://www.banggood.com/Sprinkler-Irrigation-Watering-Drip-Timer-Intelligent-Flower-Garden-Cultivation-Automatic-Lazy-Man-Water-Drip-Pot-Plant-Spraying-p-2008315.html?cur_warehouse=CN&rmmds=CategoryHomeGardenPop&trace_id=f2f51763868608078,6333.69,Premium
AGSIVO Tuya Wifi Smart Water Gas Valve Shut off App Remote Control Water Timer Sprinkler Controller Compatible With Alexa / Google Assistant Works with Smart Life and Tuya Application,27.86,5.0,7.0,https://www.banggood.com/AGSIVO-Tuya-Wifi-Smart-Water-Gas-Valve-Shut-off-App-Remote-Control-Water-Timer-Sprinkler-Controller-Compatible-With-Alexa-or-Google-Assistant-Works-with-Smart-Life-and-Tuya-Application-p-1998544.html?cur_warehouse=CN&ID=6237080&rmmds=CategoryHomeGardenPop&trace_id=f2f51763868608078,7863.48,Premium
AGSIVO Sprinkler Timer Digital Automatic Water Timer Programmable Watering Irrigation Timer for Garden Hose Farmland Courtyard Greenhouse,17.8,4.823279220779221,0.0,https://www.banggood.com/AGSIVO-Sprinkler-Timer-Digital-Automatic-Water-Timer-Programmable-Watering-Irrigation-Timer-for-Garden-Hose-Farmland-Courtyard-Greenhouse-p-1994783.html?cur_warehouse=CN&rmmds=CategoryHomeGardenPop&trace_id=f2f51763868608078,5024.05,Mid-range
AGSIVO Sprinkler Timer Programmable Water Timer With Rain Delay for Garden Hose Automatic Watering System Waterproof Digital Irrigation Timer System,26.31,5.0,2.0,https://www.banggood.com/AGSIVO-Sprinkler-Timer-Programmable-Water-Timer-With-Rain-Delay-for-Garden-Hose-Automatic-Watering-System-Waterproof-Digital-Irrigation-Timer-System-p-1998397.html?cur_warehouse=CN&rmmds=CategoryHomeGardenPop&trace_id=f2f51763868608078,7426.0,Premium
6m Garden Watering Irrigation Spraying Kit Outdoor Cooling Dust Collect Air Humidification,10.06,5.0,2.0,https://www.banggood.com/6m-Garden-Watering-Irrigation-Spraying-Kit-Outdoor-Cooling-Dust-Collect-Air-Humidification-p-1982046.html?cur_warehouse=CN&rmmds=CategoryHomeGardenPop&trace_id=f2f51763868608078,2839.44,Budget
Rainpoint WIFI Intelligent Watering Device Double Pump Timed Automatic Drip Irrigation System Remote APP Controller For Garden Terrace,43.35,4.823279220779221,0.0,https://www.banggood.com/Rainpoint-WIFI-Intelligent-Watering-Device-Double-Pump-Timed-Automatic-Drip-Irrigation-System-Remote-APP-Controller-For-Garden-Terrace-p-2037938.html?cur_warehouse=CN&ID=6287836&rmmds=CategoryHomeGardenPop&trace_id=f2f51763868608078,12235.54,Premium
Reptile Intelligent Spray System Fogger Electronic Timer Terrarium Humidifier Automatic Mist Rainforest Kit Control Sprinkler,36.38,4.823279220779221,0.0,https://www.banggood.com/Reptile-Intelligent-Spray-System-Fogger-Electronic-Timer-Terrarium-Humidifier-Automatic-Mist-Rainforest-Kit-Control-Sprinkler-p-2037968.html?cur_warehouse=CN&ID=6287830&rmmds=CategoryHomeGardenPop&trace_id=f2f51763868608078,10268.26,Premium
10pcs Adjustable Dripping Sprinkler Water Irrigation System Outdoor Cooling Greenhouse Planting Garden Flowering,6.19,5.0,4.0,https://www.banggood.com/10pcs-Adjustable-Dripping-Sprinkler-Water-Irrigation-System-Outdoor-Cooling-Greenhouse-Planting-Garden-Flowering-p-1981506.html?cur_warehouse=CN&rmmds=CategoryHomeGardenPop&trace_id=f2f51763868608078,1747.13,Budget
25m Garden Watering Irrigation Spraying Kit Outdoor Cooling System Dust Collect Air Humidification,29.41,4.823279220779221,0.0,https://www.banggood.com/25m-Garden-Watering-Irrigation-Spraying-Kit-Outdoor-Cooling-System-Dust-Collect-Air-Humidification-p-1982054.html?cur_warehouse=CN&rmmds=CategoryHomeGardenPop&trace_id=f2f51763868608078,8300.97,Premium
10PCs 8 Holes Water Irrigation Drip Sprinkler Head For 4/7mm Pipe Garden Irrigation Greenhouse Planting,5.41,5.0,5.0,https://www.banggood.com/10PCs-8-Holes-Water-Irrigation-Drip-Sprinkler-Head-For-4-or-7mm-Pipe-Garden-Irrigation-Greenhouse-Planting-p-1981700.html?cur_warehouse=CN&rmmds=CategoryHomeGardenPop&trace_id=f2f51763868608078,1526.97,Budget
Intelligent Timing Gardening Automatic Watering Device Large Screen LCD Controller Garden Balcony Farmo Sprinkler Timer Outdor Irrigation Controller,25.54,4.823279220779221,0.0,https://www.banggood.com/Intelligent-Timing-Gardening-Automatic-Watering-Device-Large-Screen-LCD-Controller-Garden-Balcony-Farmo-Sprinkler-Timer-Outdor-Irrigation-Controller-p-2030591.html?cur_warehouse=CN&ID=6287830&rmmds=CategoryHomeGardenPop&trace_id=f2f51763868608078,7208.66,Premium
4 Way Garden Hose Splitter Faucet Hose Connector Hose Water Divider With 4 Separate Switches For Outdoor Sprinkler System,15.48,4.823279220779221,0.0,https://www.banggood.com/4-Way-Garden-Hose-Splitter-Faucet-Hose-Connector-Hose-Water-Divider-With-4-Separate-Switches-For-Outdoor-Sprinkler-System-p-2032225.html?cur_warehouse=CN&ID=6287844&rmmds=CategoryHomeGardenPop&trace_id=f2f51763868608078,4369.23,Mid-range
4 in 1 Professional Soil Tester Moisture PH Temperature Sunlight Intensity Meter Digital Display Soil Tests,10.83,5.0,2.0,https://www.banggood.com/4-in-1-Professional-Soil-Tester-Moisture-PH-Temperature-Sunlight-Intensity-Meter-Digital-Display-Soil-Tests-p-2032445.html?cur_warehouse=CN&ID=6287837&rmmds=CategoryHomeGardenPop&trace_id=f2f51763868608078,3056.77,Mid-range
RAINPOINT Sprinkler Timer Programmable Water Timer With Rain Delay for Garden Hose Automatic Watering System Waterproof Digital Irrigation Timer System,22.44,5.0,4.0,https://www.banggood.com/RAINPOINT-Sprinkler-Timer-Programmable-Water-Timer-With-Rain-Delay-for-Garden-Hose-Automatic-Watering-System-Waterproof-Digital-Irrigation-Timer-System-p-1998240.html?cur_warehouse=CN&rmmds=CategoryHomeGardenPop&trace_id=f2f51763868608078,6333.69,Premium
20M 40MPa 5800PSI  High Pressure Washer Hose Cleaning Hose For Karcher K2 K3 K4,38.7,5.0,1.0,https://www.banggood.com/20M-40MPa-5800PSI-High-Pressure-Washer-Hose-Cleaning-Hose-For-Karcher-K2-K3-K4-p-1297863.html?cur_warehouse=CN&rmmds=CategoryHomeGardenPop&trace_id=f2f51763868608078,10923.08,Premium
44PCS 15FT Misting Cooling System PE Spray Water Systemfor Garden Landscaping Greenhouse,20.89,5.0,3.0,https://www.banggood.com/44PCS-15FT-Misting-Cooling-System-PE-Spray-Water-Systemfor-Garden-Landscaping-Greenhouse-p-1884554.html?cur_warehouse=CN&rmmds=CategoryHomeGardenPop&trace_id=f2f51763868608078,5896.2,Premium
7.5/10 Meter Pressure Washer Sewer Drain Cleaning Jetter Hose For Karcher K2 K3 K4 K5 K6 K7,31.73,5.0,12.0,https://www.banggood.com/7_5-or-10-Meter-Pressure-Washer-Sewer-Drain-Cleaning-Jetter-Hose-For-Karcher-K2-K3-K4-K5-K6-K7-p-1321744.html?cur_warehouse=CN&ID=6298750&rmmds=CategoryHomeGardenPop&trace_id=f2f51763868608078,8955.79,Premium
Adjustable Water Misting Cooling Irrigation System Kit Tubing Hose 5M/8M/10M/15M/20M/25M with Mist Nozzle Sprinkler,13.15,4.97,29.0,https://www.banggood.com/Adjustable-Water-Misting-Cooling-Irrigation-System-Kit-Tubing-Hose-5M-or-8M-or-10M-or-15M-or-20M-or-25M-with-Mist-Nozzle-Sprinkler-p-1687301.html?cur_warehouse=CN&ID=6292509&rmmds=CategoryHomeGardenPop&trace_id=f2f51763868608078,3711.59,Mid-range
Flexible Garden Hose Set 7-Function Spray Gun Hose Expandable High Pressure Car Wash Hose 7 Water Spray Functions Water Gun for Home Garden Watering Hose,15.48,1.0,1.0,https://www.banggood.com/Flexible-Garden-Hose-Set-7-Function-Spray-Gun-Hose-Expandable-High-Pressure-Car-Wash-Hose-7-Water-Spray-Functions-Water-Gun-for-Home-Garden-Watering-Hose-p-2018305.html?cur_warehouse=CN&ID=522152&rmmds=CategoryHomeGardenPop&trace_id=f2f51763868608078,4369.23,Mid-range
Battery Powered Sprayer Garden Sprayer Electric Plant Rechargeable Sprayer Ergonomic Handle 3 Nozzles for Garden Versatile,20.12,4.78,9.0,https://www.banggood.com/Battery-Powered-Sprayer-Garden-Sprayer-Electric-Plant-Rechargeable-Sprayer-Ergonomic-Handle-3-Nozzles-for-Garden-Versatile-p-2018771.html?cur_warehouse=CN&ID=6292509&rmmds=CategoryHomeGardenPop&trace_id=f2f51763868608078,5678.87,Premium
40m DIY Garden Water Irrigation Flowering With Timer Outdoor Cooling Greenhouse Planting Dripping System,37.93,5.0,1.0,https://www.banggood.com/40m-DIY-Garden-Water-Irrigation-Flowering-With-Timer-Outdoor-Cooling-Greenhouse-Planting-Dripping-System-p-1982136.html?cur_warehouse=CN&rmmds=CategoryHomeGardenPop&trace_id=f2f51763868608078,10705.74,Premium
10pcs 16PE Pipe Valve for Garden Water Irrigation Lawn Flowering,11.6,5.0,1.0,https://www.banggood.com/10pcs-16PE-Pipe-Valve-for-Garden-Water-Irrigation-Lawn-Flowering-p-1981724.html?cur_warehouse=CN&rmmds=CategoryHomeGardenPop&trace_id=f2f51763868608078,3274.1,Mid-range
4Pcs Vacation Plant Waterer Ceramic Self Watering Spikes Automatic Plant Drip Irrigation Water Stake For Garden Vegetable Garden Drip Watering System,10.06,4.823279220779221,0.0,https://www.banggood.com/4Pcs-Vacation-Plant-Waterer-Ceramic-Self-Watering-Spikes-Automatic-Plant-Drip-Irrigation-Water-Stake-For-Garden-Vegetable-Garden-Drip-Watering-System-p-2029308.html?cur_warehouse=CN&ID=6291971&rmmds=CategoryHomeGardenPop&trace_id=f2f51763868608078,2839.44,Budget
Professional Mist Rotating Nozzle Automatic Watering Kit 20m Universal Drip Irrigation Kit Adjustable 7.87,49.54,4.823279220779221,0.0,https://www.banggood.com/Professional-Mist-Rotating-Nozzle-Automatic-Watering-Kit-20m-Universal-Drip-Irrigation-Kit-Adjustable-7_87-inch-Brass-Mist-Nozzle-Automatic-Watering-System-for-Balcony-Greenhouse-Gardening-p-2030588.html?cur_warehouse=CN&ID=6292509&rmmds=CategoryHomeGardenPop&trace_id=f2f51763868608078,13982.66,Premium
2400mAh Pressure Electric Sprayer with Battery Level Indicator Garden Spray Irrigation Tool USB Rechargeablewith 3 Nozzles for Yard Plant Garden Watering,23.22,4.67,3.0,https://www.banggood.com/2400mAh-Pressure-Electric-Sprayer-with-Battery-Level-Indicator-Garden-Spray-Irrigation-Tool-USB-Rechargeablewith-3-Nozzles-for-Yard-Plant-Garden-Watering-p-2030590.html?cur_warehouse=CN&ID=6294441&rmmds=CategoryHomeGardenPop&trace_id=f2f51763868608078,6553.84,Premium
1 Set Garden Automatic Irrigation Device Horticulture Irrigation System with 10 Dripper Greenhouse Balcony Pot Plant Accessories Drip Irrigation Device,10.83,5.0,2.0,https://www.banggood.com/1-Set-Garden-Automatic-Irrigation-Device-Horticulture-Irrigation-System-with-10-Dripper-Greenhouse-Balcony-Pot-Plant-Accessories-Drip-Irrigation-Device-p-2029307.html?cur_warehouse=CN&ID=6287830&rmmds=CategoryHomeGardenPop&trace_id=f2f51763868608078,3056.77,Mid-range
2L Electric Spray System Mist Spray Bottle Automatic Garden Watering Can Water Spray Device Sterilization With Extension Rod,25.54,5.0,5.0,https://www.banggood.com/2L-Electric-Spray-System-Mist-Spray-Bottle-Automatic-Garden-Watering-Can-Water-Spray-Device-Sterilization-With-Extension-Rod-p-2023366.html?cur_warehouse=CN&ID=6301877&rmmds=CategoryHomeGardenPop&trace_id=f2f51763868608078,7208.66,Premium
